idx,se_name,se_text
0,glucose tolerance impaired,"Glucose tolerance impaired. Also known as: Abnormal glucose tolerance, Borderline diabetes, Chemical diabetes"
1,functional gastrointestinal disorder,"Functional gastrointestinal disorder. Also known as: Bowel dysfunction, Colonic dysfunction, Functional bowel syndrome"
2,aggression,"Aggression. Also known as: Aggression, Aggression aggravated, Aggressive behaviour"
3,strangury,Strangury. Also known as: Strangury
4,transient ischaemic attack,"Transient ischaemic attack. Also known as: Intermittent cerebral claudication, Other specified transient cerebral ischemias, TIA"
5,cardiomegaly,"Cardiomegaly. Also known as: Cardiac dilatation, Cardiomegaly, Cardiomegaly (excl hypertensive)"
6,mania,"Mania. Also known as: Acute mania, Atypical manic disorder, Change to manic state"
7,proctitis,"Proctitis. Also known as: Acute proctitis, Chronic proctitis, Periproctitis"
8,disorientation,"Disorientation. Also known as: Disorientated, Disorientation, Nocturnal disorientation"
9,blood bilirubin increased,"Blood bilirubin increased. Also known as: Bilirubin elevated, Bilirubin increased, Bilirubin total high"
10,blood lactate dehydrogenase increased,"Blood lactate dehydrogenase increased. Also known as: Blood lactate dehydrogenase increased, Dehydrogenase lactic blood urine increased, Lactate dehydrogenase increased"
11,panophthalmitis,"Panophthalmitis. Also known as: Ophthalmitis, Panophthalmitis, Panophthalmitides"
12,wound secretion,"Wound secretion. Also known as: Wound drainage increased, Wound secretion, Wound weeping"
13,eye disorder,"Eye disorder. Also known as: Disorder eye, Disorder of eye, unspecified, Eye abnormality"
14,periodontitis,"Periodontitis. Also known as: Acute apical periodontitis of pulpal origin, Acute periodontitis, Chronic apical periodontitis"
15,candida infection,"Candida infection. Also known as: Candida NOS, Candidiasis, Candidiasis NOS"
16,atrioventricular block complete,"Atrioventricular block complete. Also known as: Atrioventricular block complete, Atrioventricular block, complete, AV block complete"
17,gravitational oedema,"Gravitational oedema. Also known as: Dependent oedema, Edema dependent, Gravitational edema"
18,bipolar disorder,"Bipolar disorder. Also known as: Bipolar affective disorder, Bipolar affective disorder aggr., Bipolar affective disorder aggravated"
19,jaundice,"Jaundice. Also known as: Icterus, Jaundice, Jaundice (excl neonatal)"
20,miosis,"Miosis. Also known as: Constricted pupils, Miosis, Miosis (persistent), not due to miotics"
21,colitis ulcerative,"Colitis ulcerative. Also known as: Colitis ulcerative, Colitis ulcerative aggravated, Enteritis ulcerative"
22,asthenia,"Asthenia. Also known as: Adynamia, Asthenia, Collapse of legs"
23,neurotoxicity,"Neurotoxicity. Also known as: Neurotic toxicity, Neurotoxicity, Neurotoxicity NOS"
24,decreased appetite,"Decreased appetite. Also known as: Anorexia, Anorexic, Appetite absent"
25,hypokinesia,"Hypokinesia. Also known as: Activity motor retarded, Hypokinesia, Motor activity retarded"
26,sinus headache,"Sinus headache. Also known as: Headache sinus, Sinus headache"
27,polycythaemia,"Polycythaemia. Also known as: Erythrocytosis, Physiological polycythaemia, Polycythaemia"
28,haemorrhoids,"Haemorrhoids. Also known as: External haemorrhoids, External haemorrhoids with other complication, External haemorrhoids without mention of complication"
29,eye discharge,"Eye discharge. Also known as: Burning discharge eyes, Discharge eye, Eye discharge"
30,fungal skin infection,"Fungal skin infection. Also known as: Dermatitis fungal, Dermatitis fungal NOS, Dermatitis fungoid"
31,gait disturbance,"Gait disturbance. Also known as: Abnormal gait, Abnormality of gait, Difficulty in walking"
32,corneal lesion,"Corneal lesion. Also known as: Corneal lesion, Corneal lesion NOS, Lesion corneal"
33,tongue ulceration,"Tongue ulceration. Also known as: Tongue aphtha formation, Tongue ulceration, Ulceration tongue"
34,ventricular tachycardia,"Ventricular tachycardia. Also known as: Multifocal ventricular tachycardia, Multiform ventricular tachycardia, Paroxysmal ventricular tachycardia"
35,vulvovaginal mycotic infection,"Vulvovaginal mycotic infection. Also known as: Vaginal mycosis, Vaginal yeast, Vaginal yeast infection"
36,rectal haemorrhage,"Rectal haemorrhage. Also known as: Bleeding PR (excl gut haemorrhage and piles), Bleeding rectal, Haemorrhage from rectum (excl intestinal/piles)"
37,protein total decreased,"Protein total decreased. Also known as: Protein total decreased, Proteins serum plasma low, Serum protein decreased"
38,chromaturia,"Chromaturia. Also known as: Chromaturia, Discoloration urine, Red urine"
39,pulmonary oedema,"Pulmonary oedema. Also known as: Edema lung, Edema pulmonary, Lung edema"
40,tonsillitis,"Tonsillitis. Also known as: Acute tonsillitis, Acute tonsillitis (excl proven streptococcal), Infected tonsillar remnant"
41,bundle branch block,"Bundle branch block. Also known as: Block bundle branch, Bundle branch block, Bundle branch block NOS"
42,leukopenia,"Leukopenia. Also known as: Leucopenia, Leukopenia NOS, Leukopenia"
43,ventricular fibrillation,"Ventricular fibrillation. Also known as: Fibrillation paroxysmal vent, Fibrillation ventricular, Paroxysmal ventricular fibrillation"
44,breast pain,"Breast pain. Also known as: Ache breast, Breast pain, Breast pain female"
45,skin cancer,"Skin cancer. Also known as: Cancer of skin, Cancer of skin (excl melanoma), Carcinoma skin"
46,hypomagnesaemia,"Hypomagnesaemia. Also known as: Hypomagnesaemia, Hypomagnesemia"
47,rhinitis allergic,"Rhinitis allergic. Also known as: Allergic rhinitis, Allergic rhinitis (excl hay fever), Allergic rhinitis due to other allergen"
48,movement disorder,"Movement disorder. Also known as: Movement disorder, Movement disorder NOS, Movements disturbance NOS"
49,ascites,"Ascites. Also known as: Ascites, Ascites chylous, Chylous ascites"
50,tenosynovitis,"Tenosynovitis. Also known as: Achilles tenosynovitis, Bicipital tenosynovitis, Other synovitis and tenosynovitis"
51,tongue disorder,"Tongue disorder. Also known as: Diseases and other conditions of the tongue, Disorder tongue, Other specified conditions of the tongue"
52,abdominal pain lower,"Abdominal pain lower. Also known as: Abdominal pain lower, Cramp in lower abdomen, Hypogastric pain"
53,rheumatoid arthritis,"Rheumatoid arthritis. Also known as: Arthritis rheumatoid, Arthritis rheumatoid aggravated, Chronic postrheumatic arthropathy"
54,anorectal disorder,"Anorectal disorder. Also known as: Anal disorder NOS, Ano-rectal disorder NOS, Anorectal disorder"
55,arthritis,"Arthritis. Also known as: Arthritis, Arthritis aggravated, Arthritis NOS"
56,neutrophil count decreased,"Neutrophil count decreased. Also known as: Blood neutrophil count decreased, Neutrophil count decreased, Neutrophil count low"
57,panic reaction,"Panic reaction. Also known as: Alarm, Panic reaction, Reaction panic"
58,torsade de pointes,"Torsade de pointes. Also known as: Torsade de pointes, Torsades de pointes, TdP ventricular tachycardia"
59,hyperkeratosis,"Hyperkeratosis. Also known as: Acquired keratoderma, Callosities, Callosity"
60,hypoglycaemia,"Hypoglycaemia. Also known as: Hypoglycaemia, Hypoglycaemia night, Hypoglycaemia NOS"
61,nodule,"Nodule. Also known as: Nodule on finger, Nodule on extremity, Nodule"
62,hyporeflexia,"Hyporeflexia. Also known as: Achilles tendon reflex decreased, Diminished reflexes, Hyporeflexia"
63,skin hyperpigmentation,"Skin hyperpigmentation. Also known as: Hyperpigmentation skin, Skin hyperpigmentation, Hypermelanosis"
64,hyponatraemia,"Hyponatraemia. Also known as: Hyponatraemia, Hyponatremia, Hyponatremic"
65,viral infection,"Viral infection. Also known as: Arthropod-borne viral disease, unspecified, Infection viral, Other arthropod-borne viral diseases"
66,peripheral coldness,"Peripheral coldness. Also known as: Cold extremities, Cold feet, Cold hands"
67,dry skin,"Dry skin. Also known as: Dry skin, Drying, Hot dry skin"
68,skin papilloma,"Skin papilloma. Also known as: Common wart, Common warts, Flat warts"
69,injection site reaction,"Injection site reaction. Also known as: Injection site reaction, Injection site reaction NOS, Reaction injection site (NOS)"
70,somnolence,"Somnolence. Also known as: Daytime sleepiness, Drowsiness, Drowsy on awakening"
71,thyroid neoplasm,"Thyroid neoplasm. Also known as: Neoplasm thyroid, Thryoid neoplasia, Thyroid neoplasia"
72,hair disorder,"Hair disorder. Also known as: Abnormalities of the hair, Diseases of hair and hair follicles, Disorder hair"
73,depressed level of consciousness,"Depressed level of consciousness. Also known as: Arousal difficult, Central nervous system depression NOS, CNS depression"
74,alveolitis allergic,alveolitis allergic
75,basal cell carcinoma,"Basal cell carcinoma. Also known as: Basal cell carcinoma, Basal cell epithelioma, Carcinoma basal cell"
76,disseminated intravascular coagulation,"Disseminated intravascular coagulation. Also known as: Consumption coagulopathy, Consumptive coagulopathy, Defibrination syndrome"
77,hypoxia,"Hypoxia. Also known as: Alveolar aeration decreased, Hypoxaemia, Hypoxemia"
78,loss of consciousness,"Loss of consciousness. Also known as: Black-out (not amnesia), Blacked out, Blacked-out (not amnesia)"
79,opportunistic infection,"Opportunistic infection. Also known as: Opportunistic infection, Opportunistic Infections, Infection, Opportunistic"
80,paraesthesia,"Paraesthesia. Also known as: Abnormal touch sensation, Acroparaesthesia, Disturbance of skin sensation"
81,exostosis,"Exostosis. Also known as: Bone spur, Calcaneal spur, Exostosis"
82,nasal congestion,"Nasal congestion. Also known as: Congestion nasal, Nasal congestion, Nasal stuffiness"
83,thrombotic thrombocytopenic purpura,"Thrombotic thrombocytopenic purpura. Also known as: Purpura thrombopaenic thrombotic, Purpura thrombopenic thrombotic, Thrombocytopenic purpura, thrombotic"
84,completed suicide,"Completed suicide. Also known as: Accomplished suicide, Completed suicide, Suicide"
85,constipation,"Constipation. Also known as: Constipation, Constipation (excl faecal impaction), Iatrogenic constipation"
86,burning sensation,"Burning sensation. Also known as: Burning sensation, Burning sensation NOS, Extremities burning sensation of"
87,nephrolithiasis,"Nephrolithiasis. Also known as: Calculus kidney, Calculus of kidney, Calculus of kidney and ureter"
88,choreoathetosis,"Choreoathetosis. Also known as: Choreoathetoid movements, Choreoathetosis, Hemichoreoathetosis"
89,emphysema,"Emphysema. Also known as: Compensatory emphysema, Emphysema, Emphysema pulmonary"
90,leukoderma,Leukoderma. Also known as: Leukoderma
91,orchitis noninfective,"Orchitis noninfective. Also known as: Orchitis noninfective, Testicular inflammation"
92,lacrimal structural disorder,"Lacrimal structural disorder. Also known as: Disorders of lacrimal system, Other change of lacrimal passages, Other changes of lacrimal passages"
93,bacteraemia,"Bacteraemia. Also known as: Bacteraemia, Bacteraemia, unspecified, Bacteremia"
94,ventricular extrasystoles,"Ventricular extrasystoles. Also known as: Extrasystole ventricular, Extrasystole ventricular bigeminy, Extrasystoles ventricular"
95,feeling abnormal,"Feeling abnormal. Also known as: Cotton wool in head, Feeling abnormal, Feeling bad"
96,pain of skin,"Pain of skin. Also known as: Pain of skin, Scalp tenderness, Scalp pain"
97,osteoarthritis,"Osteoarthritis. Also known as: Ankle osteoarthritis, Arthrosis, Arthrosis multiple"
98,regurgitation,"Regurgitation. Also known as: Regurgitation of food, Regurgitation, Regurgitation of medication"
99,prothrombin level decreased,"Prothrombin level decreased. Also known as: Coagulation factor II level decreased, Prothrombin activity decreased, Prothrombin consumption increased"
100,ventricular arrhythmia,"Ventricular arrhythmia. Also known as: Arrhythmia ventricular, Arrhythmia ventricular (NOS), Malignant ventricular arrhythmias"
101,hepatitis cholestatic,"Hepatitis cholestatic. Also known as: Cholestatic hepatitis, Hepatitis cholestatic, Hepatitis toxic obstructive"
102,genital candidiasis,"Genital candidiasis. Also known as: Candidiasis genital, Candidiasis of other urogenital sites, Genital candida"
103,peptic ulcer,"Peptic ulcer. Also known as: Acute peptic ulcer of unspecified site without mention of haemorrhage and perforation, Acute peptic ulcer of unspecified site without mention of hemorrhage and perforation, Acute peptic ulcer of unspecified site without mention of hemorrhage and perforation, without mentio"
104,cardiovascular disorder,"Cardiovascular disorder. Also known as: Cardiovascular disease, unspecified, Cardiovascular disorder, Cardiovascular disorder NOS"
105,mastitis,"Mastitis. Also known as: Acute mastitis, Breast infection, Breast infection NOS"
106,tracheitis,"Tracheitis. Also known as: Acute laryngitis & tracheitis, Acute laryngitis and tracheitis, Acute laryngotracheitis"
107,dyskinesia,"Dyskinesia. Also known as: Abnormal involuntary movements, Acute dyskinesia, Body movements involuntary"
108,pyuria,"Pyuria. Also known as: Pyuria, Urine containing pus, Urine purulent"
109,anuria,"Anuria. Also known as: Anuria, Arrest of urinary output, Failure of urine formation"
110,pharyngitis,"Pharyngitis. Also known as: Acute pharyngitis, Chronic pharyngitis, Chronic pharyngitis and nasopharyngitis"
111,galactorrhoea,"Galactorrhoea. Also known as: Female lactation, Galactorrhea, Galactorrhea associated with childbirth, unspecified as to episode of care"
112,cheilitis,"Cheilitis. Also known as: Cheilitis, Desquamative cheilitis, Rash lips"
113,cardiac arrest,"Cardiac arrest. Also known as: Arrest cardiac, Asystole, Asystolia"
114,ejaculation failure,"Ejaculation failure. Also known as: Ejaculation decreased, Ejaculation failure, Anejaculation"
115,colitis,"Colitis. Also known as: Caecal inflammation, Caecitis, Cecitis"
116,anxiety,"Anxiety. Also known as: Alarm (not alarm reaction), Angor animi, Anguish"
117,pneumonia,"Pneumonia. Also known as: Bronchial pneumonia, Bronchopneumonia, Bronchopneumonia NOS"
118,hallucination,"Hallucination. Also known as: Drug-induced hallucinosis, Hallucinating, Hallucination"
119,bronchitis,"Bronchitis. Also known as: Acute bronchitis, Acute bronchitis and bronchiolitis, Acute exacerbation of chronic bronchitis"
120,myositis,"Myositis. Also known as: Interstitial myositis, Muscle inflammation, Myalgia and myositis, unspecified"
121,varicose vein,"Varicose vein. Also known as: Antepartum varicose veins of legs, Postpartum varicose veins of legs, Varices of other sites"
122,pleuritic pain,"Pleuritic pain. Also known as: Pain pleural, Pleural pain, Pleuritic pain"
123,injection site swelling,"Injection site swelling. Also known as: Swelling of injection site, Injection site swelling"
124,body temperature decreased,"Body temperature decreased. Also known as: Body temperature decrease, Body temperature decreased, Temperature body decrease"
125,hyperaesthesia,"Hyperaesthesia. Also known as: Hyperaesthesia, Hyperaesthesia skin, Hyperaesthesia symmetric of limbs"
126,scleritis,"Scleritis. Also known as: Anterior scleritis, Brawny scleritis, Other scleritis"
127,application site irritation,Application site irritation. Also known as: Application site irritation
128,serotonin syndrome,"Serotonin syndrome. Also known as: Serotonin syndrome, Serotonin Syndrome, Serotonin Syndromes"
129,coordination abnormal,"Coordination abnormal. Also known as: Asynergia, Coordination abnormal, Coordination abnormal NOS"
130,irritable bowel syndrome,"Irritable bowel syndrome. Also known as: Bowel disorder psychogenic, Colitis mucous, Colon spastic"
131,skin atrophy,"Skin atrophy. Also known as: Atrophy skin, Crepy skin, Loss of skin elasticity"
132,change of bowel habit,"Change of bowel habit. Also known as: Change in bowel habit NOS, Change in bowel habits, Change of bowel habit"
133,disturbance in attention,"Disturbance in attention. Also known as: Attention concentration difficulty, Attention impaired, Attentiveness decreased"
134,ulcer,"Ulcer. Also known as: Ulcer, Ulcer NOS, Ulceration"
135,restless legs syndrome,"Restless legs syndrome. Also known as: Legs restless, Restless leg syndrome, Restless legs"
136,dry eye,"Dry eye. Also known as: Conjunctival xerosis, Dry eye, Dry eye NOS"
137,dermatitis,"Dermatitis. Also known as: Acrodermatitis, Dermatitic reaction of face, Dermatitic reaction of neck"
138,optic atrophy,"Optic atrophy. Also known as: Atrophy optic, Atrophy optic nerve, Optic atrophy"
139,bradykinesia,"Bradykinesia. Also known as: Bradykinesia, Slow movement, Hypokinesia"
140,haematemesis,"Haematemesis. Also known as: Blood clot discharge, Coffee ground vomiting, Emesis bloody"
141,hostility,"Hostility. Also known as: Hostility, Hostilities"
142,endophthalmitis,"Endophthalmitis. Also known as: Acute endophthalmitis, Chronic endophthalmitis, Endophthalmitis"
143,chest pain,"Chest pain. Also known as: Ache across chest, Chest ache, Chest aching"
144,sputum increased,"Sputum increased. Also known as: Sputum excretion increased, Sputum increased"
145,fungal infection,"Fungal infection. Also known as: Fungal infection, Fungal infection NOS, Infection fungal"
146,hypochloraemia,"Hypochloraemia. Also known as: Hypochloraemia, Hypochloremia"
147,conversion disorder,"Conversion disorder. Also known as: Conversion disorder, Conversion hysteria, Conversion neurosis"
148,actinic keratosis,"Actinic keratosis. Also known as: Actinic keratosis, Senile keratosis, Solar keratosis"
149,dermatitis atopic,"Dermatitis atopic. Also known as: Atopic dermatitis, Atopic dermatitis and related conditions, Atopic eczema"
150,uterine leiomyoma,"Uterine leiomyoma. Also known as: Fibroid uterine enlarged, Fibroids, Intramural leiomyoma of uterus"
151,encephalopathy,"Encephalopathy. Also known as: Encephalopathy, Encephalopathy acute, Encephalopathy chronic"
152,lung infection,lung infection
153,electrocardiogram st segment depression,"Electrocardiogram ST segment depression. Also known as: Electrocardiogram ST segment depression, ST depressed, ST segment depressed"
154,asthenopia,"Asthenopia. Also known as: Asthenopia, Eye tired, Eyes heavy feeling of"
155,laryngospasm,"Laryngospasm. Also known as: Glottic spasm, Laryngeal spasm, Laryngismus"
156,angle closure glaucoma,"Angle closure glaucoma. Also known as: Acute angle closure glaucoma, Acute angle-closure glaucoma, Anatomical narrow angle borderline glaucoma"
157,blood creatine phosphokinase increased,"Blood creatine phosphokinase increased. Also known as: Blood creatine phosphokinase increased, CK increased, CPK increase"
158,breast tenderness,"Breast tenderness. Also known as: Breast tenderness, Tenderness breast"
159,chromatopsia,"Chromatopsia. Also known as: Chromatopsia, Vision color tinged"
160,renal failure,"Renal failure. Also known as: Failure kidney, Insufficiency renal, Kidney failure"
161,nasopharyngitis,"Nasopharyngitis. Also known as: Acute nasopharyngitis, Acute nasopharyngitis (common cold), Catarrhal lumps"
162,foetor hepaticus,"Foetor hepaticus. Also known as: Fector hepaticus, Fetor hepaticus, Foetor hepaticus"
163,cerebral haemorrhage,"Cerebral haemorrhage. Also known as: Cerebral haemorrhage, Cerebral hemorrhage, Haemorrhage cerebral"
164,furuncle,"Furuncle. Also known as: Boil, Boil in external ear, Boil in nose"
165,tension headache,"Tension headache. Also known as: Band-like headache, Head tightness, Headache tension"
166,laryngitis,"Laryngitis. Also known as: Acute laryngitis, Chronic laryngitis, Laryngitis"
167,uterine haemorrhage,"Uterine haemorrhage. Also known as: Atonic hemorrhage, Endometrial bleeding, Haematometra"
168,cholelithiasis,"Cholelithiasis. Also known as: Biliary sludge, Biliary stones, Calculus biliary"
169,rhabdomyolysis,"Rhabdomyolysis. Also known as: Muscle dissolution, Rhabdomyolysis, Rhabdomyolyses"
170,blood creatinine increased,"Blood creatinine increased. Also known as: Blood creatinine increased, Creatinine blood increased, Creatinine high"
171,hypophosphataemia,"Hypophosphataemia. Also known as: Hypophosphataemia, Hypophosphatemia, Phosphorus deficiency"
172,urine analysis abnormal,"Urine analysis abnormal. Also known as: Urinalysis abnormal NOS, Urinary test abnormal, Urine abnormal"
173,neoplasm,"Neoplasm. Also known as: Cystoma, Epithelioma, Neoplasm"
174,balance disorder,"Balance disorder. Also known as: Balance difficulty, Balance impaired NOS, Disequilibrium syndrome"
175,erythema,"Erythema. Also known as: Erythema, Erythema auricular, Erythema circumocular-blepharal"
176,haemoptysis,"Haemoptysis. Also known as: Blood streaked sputum, Coughing blood, Haemoptysis"
177,tumour lysis syndrome,"Tumour lysis syndrome. Also known as: Tumor lysis syndrome, Tumour lysis syndrome, Laboratory tumour lysis syndrome"
178,blood calcium decreased,"Blood calcium decreased. Also known as: Blood calcium decreased, Ca level lowered, Ca++ decreased"
179,herpes zoster,"Herpes zoster. Also known as: Herpes zoster, Herpes zoster (excl ophthalmic), Herpes zoster C2"
180,hypohidrosis,"Hypohidrosis. Also known as: Hyphidrosis, Hypohidrosis, Sweating decreased"
181,glossitis,"Glossitis. Also known as: Glossitis, Glossitis acute, Inflammation tongue"
182,salivary gland enlargement,"Salivary gland enlargement. Also known as: Enlargement salivary gland, Hypertrophy of salivary gland, Salivary gland enlargement"
183,lower respiratory tract infection,"Lower respiratory tract infection. Also known as: Chest infection, Lower resp tract infec, Lower resp. tract infection"
184,leukocytosis,"Leukocytosis. Also known as: Leucocytosis NOS, Leukocytosis, Polymorphonuclear leucocytosis"
185,premenstrual syndrome,"Premenstrual syndrome. Also known as: PMS, PMT, Pre-menstrual tension syndrome"
186,gastrointestinal carcinoma,"Gastrointestinal carcinoma. Also known as: Carcinoma gastrointestinal, Carcinoma intestinal, Gastrointestinal carcinoma"
187,abscess,"Abscess. Also known as: Abscess, Abscess NOS, Haematapostema"
188,sinusitis,"Sinusitis. Also known as: Sinus infection, Sinusitis, Sinusitis NOS"
189,induration,Induration. Also known as: Induration
190,ejaculation disorder,"Ejaculation disorder. Also known as: Abnormal ejaculation, Ejaculation abnormal, Ejaculation disorder"
191,connective tissue disorder,"Connective tissue disorder. Also known as: Connective tissue disorder NOS, Diffuse diseases of connective tissue, Other specified diffuse diseases of connective tissue"
192,hot flush,"Hot flush. Also known as: Aggravation of hot flushes, Exacerbation of hot flushes, Feeling of hot flushes"
193,uterine disorder,"Uterine disorder. Also known as: Disorder uterine (NOS), Disorders of uterus, not elsewhere classified, Other specified disorders of uterus, not elsewhere classified"
194,application site paraesthesia,"Application site paraesthesia. Also known as: Application site paresthesia, Application site paraesthesia"
195,parosmia,"Parosmia. Also known as: Altered smell sensation, Disturbances of sensation of smell and taste, Disturbances of smell and taste"
196,onychomycosis,"Onychomycosis. Also known as: Fungal infection of nail, Nail fungal infection NOS, Onychomycosis"
197,liver injury,"Liver injury. Also known as: Acute liver damage, Damage liver, Hepatic damage"
198,crohn's disease,"Crohn's disease. Also known as: Crohn's, Crohn's aggravated, Crohn's colitis"
199,urinary incontinence,"Urinary incontinence. Also known as: Bladder incontinence, Dribbling of urine, Incontinence of urine"
200,clostridium difficile colitis,"Clostridium difficile colitis. Also known as: C.difficile colitis, C.difficile diarrhea, C.difficile diarrhoea"
201,dyspareunia,"Dyspareunia. Also known as: Coitus painful, Deep dyspareunia, Dyspareunia"
202,bronchospasm,"Bronchospasm. Also known as: Bronchial spasm, Bronchoconstriction, Bronchospasm"
203,stevens-johnson syndrome,"Stevens-Johnson syndrome. Also known as: Stevens Johnson reaction, Stevens Johnson syndrome, Stevens Johnson type reaction"
204,syncope,"Syncope. Also known as: Faint, Fainting, Swooning"
205,international normalised ratio increased,"International normalised ratio increased. Also known as: INR increased, International normalised ratio increased, Raised INR"
206,seborrhoeic dermatitis,"Seborrhoeic dermatitis. Also known as: Dermatitis seborrheic, Dermatitis seborrhoeic, Eczema seborrhoeic"
207,pollakiuria,"Pollakiuria. Also known as: Frequency of micturition, Frequency urinary, Increased urinary frequency"
208,colitis ischaemic,"Colitis ischaemic. Also known as: Acute ischemic colitis, Colitis ischaemic, Colitis ischemic"
209,flatulence,"Flatulence. Also known as: Abdominal wind, Air in intestines, Air in stomach"
210,brain oedema,"Brain oedema. Also known as: Brain edema, Cerebral edema, Cerebral oedema"
211,lymphoma,"Lymphoma. Also known as: Lymphoma, Lymphoma malignant, Lymphoma NOS"
212,rosacea,"Rosacea. Also known as: Acne rosacea, Rosacea, Rosacea-like dermatitis"
213,diplopia,"Diplopia. Also known as: Diplopia, Double vision, Vision double"
214,malnutrition,"Malnutrition. Also known as: Arrested development following protein-calorie malnutrition, Malnutrition NOS, Malnutrition of mild degree"
215,anaemia macrocytic,"Anaemia macrocytic. Also known as: Anaemia macrocytic, Anemia macrocytic, Macrocytic anaemia NOS"
216,rhinitis,"Rhinitis. Also known as: Chronic nonspecific rhinitis, Chronic rhinitis, Chronic rhinitis (excl allergic)"
217,incontinence,"Incontinence. Also known as: Childhood incontinence, Continuous leakage, Incontinence"
218,hepatocellular injury,"Hepatocellular injury. Also known as: Disease hepatocellular, Hepatic intracellular deposit of bilirubin, Hepatic intracellular pigmentation"
219,blood potassium increased,"Blood potassium increased. Also known as: Blood potassium increased, Elevated K, K+ increased"
220,musculoskeletal stiffness,"Musculoskeletal stiffness. Also known as: Early morning stiffness, Fingers stiffness, Limbs stiffness"
221,apraxia,"Apraxia. Also known as: Apraxia, Constructional apraxia, Dressing apraxia"
222,endometrial disorder,"Endometrial disorder. Also known as: Disorder endometrial, Endometrial disorder, Endometrial disorder NOS"
223,menopause,"Menopause. Also known as: Climacteric, Menopausal, Menopausal or female climacteric states"
224,cardiomyopathy,"Cardiomyopathy. Also known as: Cardiomyopathy, Cardiomyopathy in other diseases classified elsewhere, Cardiomyopathy NOS"
225,scab,"Scab. Also known as: Crust, Scab, Scabbing"
226,cystitis haemorrhagic,"Cystitis haemorrhagic. Also known as: Cystitis haemorrhagic, Cystitis hemorrhagic, Hemorrhagic cystitis"
227,loss of libido,"Loss of libido. Also known as: Lack of libido, Libido lack, Libido loss of"
228,urticaria,"Urticaria. Also known as: Acute allergic urticaria, Acute urticaria, Allergic urticaria"
229,hypotonia,"Hypotonia. Also known as: Abdominal flaccidity, Atonia, Atony skeletal muscle"
230,cardiac failure,"Cardiac failure. Also known as: Cardiac failure, Cardiac failure (NOS), Cardiac failure aggravated"
231,sneezing,"Sneezing. Also known as: Paroxysmal sneeze, Sneezing, Sneezing excessive"
232,ecchymosis,"Ecchymosis. Also known as: Ecchymoses, Ecchymosis, Ecchymosis NOS"
233,feeling hot,"Feeling hot. Also known as: Extremities hot feeling of, Feeling hot, Feeling of warmth"
234,renal pain,"Renal pain. Also known as: Kidney pain, Pain kidney, Renal pain"
235,abnormal dreams,"Abnormal dreams. Also known as: Abnormal dreams, Bizarre dreams, Dream delirium"
236,melanosis,"Melanosis. Also known as: Melanosis, Melanoses, Melanism"
237,hyperacusis,"Hyperacusis. Also known as: Auditory hyperacuity, Hearing abnormally acute, Hyperacusis"
238,blindness,"Blindness. Also known as: Better eye: moderate vision impairment; lesser eye: blind, not further specified, Better eye: moderate vision impairment; lesser eye: impairment not further specified, Better eye: moderate vision impairment; lesser eye: near-total vision impairment"
239,personality disorder,"Personality disorder. Also known as: Adaptability diminished, Aggressive personality, Asthenic personality disorder"
240,aplastic anaemia,"Aplastic anaemia. Also known as: Aleukia hemorrhagica, Anaemia aplastic, Anaemia aplastic aregenerative"
241,endocrine disorder,"Endocrine disorder. Also known as: Disorder endocrine, Endocrine disorder, Endocrine disorder NOS"
242,peripheral ischaemia,"Peripheral ischaemia. Also known as: Ischaemia peripheral, Ischaemic feet, Ischaemic foot"
243,prostate cancer,"Prostate cancer. Also known as: Adenocarcinoma of prostate, Ca prostate, Cancer of prostate"
244,neuritis,"Neuritis. Also known as: Neuritis, Neuritis NOS, Neuronitis"
245,pruritus genital,"Pruritus genital. Also known as: Genital itching, Genital itching female, Genital itching male"
246,flat affect,"Flat affect. Also known as: Affect lack, Affect loss, Detachment emotional"
247,liver disorder,"Liver disorder. Also known as: Advanced chronic liver disease, Chronic hepatopathy due to metabolic defect, Chronic liver disease"
248,infusion site reaction,"Infusion site reaction. Also known as: Infusion site reaction, Infusion site maceration, Infusion site muscle reaction"
249,polyuria,"Polyuria. Also known as: Diuresis, Diuresis excessive, Frequency of urination and polyuria"
250,extravasation,"Extravasation. Also known as: Extravasation, Extravasation NOS"
251,subarachnoid haemorrhage,"Subarachnoid haemorrhage. Also known as: Hemorrhage subarachnoid, Subarac hem following inj, w/o ment of open intcran wound, with brief loc, Subarac hem following inj, w/o ment of open intcran wound, with concussion, unspec"
252,lymphadenopathy,"Lymphadenopathy. Also known as: Adenopathy, Axillary adenopathy, Axillary lymph nodes enlarged"
253,cyanosis,"Cyanosis. Also known as: Acrocyanosis, Blue lips, Cyanosed"
254,herpes virus infection,"Herpes virus infection. Also known as: Herpes infection, Herpes NOS, Herpes viral infection NOS"
255,non-cardiac chest pain,"Non-cardiac chest pain. Also known as: Chest pain (non-cardiac), Non-cardiac chest pain"
256,appendicitis,"Appendicitis. Also known as: Acute appendicitis, Acute appendicitis without mention of peritonitis, Appendicitis"
257,excoriation,excoriation
258,erythema multiforme,"Erythema multiforme. Also known as: Bullous erythema multiforme, EM, Erythema exsudativum multiforme"
259,laryngeal pain,"Laryngeal pain. Also known as: Laryngeal pain, Larynx burning pain of, Larynx pain"
260,hepatic steatosis,"Hepatic steatosis. Also known as: Degeneration fatty liver, Fatty liver, Fatty liver infiltration"
261,nephropathy,"Nephropathy. Also known as: Nephropathy, Nephropathy NOS, Renal disease"
262,corneal opacity,"Corneal opacity. Also known as: Central opacity of cornea, Corneal cataract, Corneal epithelium opacity"
263,odynophagia,"Odynophagia. Also known as: Odynophagia, Swallowing painful"
264,herpes simplex,"Herpes simplex. Also known as: Herpes hominis type II, Herpes simplex, Herpes simplex NOS"
265,gastrointestinal haemorrhage,"Gastrointestinal haemorrhage. Also known as: Acute on chronic G.I. haemorrhage, Bleeding gastrointestinal, Gastro intestinal bleed"
266,breath odour,"Breath odour. Also known as: Bad breath, Breath odor, Breath odour"
267,hepatobiliary disease,"Hepatobiliary disease. Also known as: Hepatobiliary disease NOS, Hepatobiliary disease"
268,pseudomembranous colitis,"Pseudomembranous colitis. Also known as: Colitis pseudomembranous, Enteritis pseudomembranous, Enterocolitis pseudomembranous"
269,psychotic disorder,"Psychotic disorder. Also known as: Other nonorganic psychoses, Paranoid psychosis, Psychogenic paranoid psychosis"
270,eosinophilia,"Eosinophilia. Also known as: Eosinophilia, Eosinophilia (excl pulmonary), Eosinophilic granulocytosis"
271,menstrual disorder,"Menstrual disorder. Also known as: Disorder menstrual, Disorders of menstruation and other abnormal bleeding from female genital tract, Menstrual cycle abnormal"
272,seborrhoeic keratosis,"Seborrhoeic keratosis. Also known as: Basal cell papilloma, Benign basal cell papilloma, Inflamed seborrheic keratosis"
273,myocardial infarction,"Myocardial infarction. Also known as: Anterior MI, Attack heart (NOS), Cardiopathy necrotic"
274,diarrhoea,"Diarrhoea. Also known as: Acute diarrhea, Antibiotic-associated diarrhea, Diarrhea"
275,rash pustular,"Rash pustular. Also known as: Pustular rash, Pustular skin eruption, Rash pustular"
276,electroencephalogram abnormal,"Electroencephalogram abnormal. Also known as: Abnormal EEG, Abnormal electroencephalogram, Alpha or Beta wave disappeared"
277,acidosis,"Acidosis. Also known as: Acidosis, Acidosis NOS, Acidemia"
278,otitis externa,"Otitis externa. Also known as: Acute infection of pinna, Acute swimmers' ear, Bilateral otitis externa"
279,duodenitis,"Duodenitis. Also known as: Duodenitis, Duodenitis, without mention of hemorrhage, Peptic duodenitis"
280,polydipsia,"Polydipsia. Also known as: Excessive drinking, Polydipsia, Polydipsia (nocturnal)"
281,vaginal infection,"Vaginal infection. Also known as: Acute vaginitis, Non-specific vaginitis, Vaginal infection"
282,respiratory tract infection,"Respiratory tract infection. Also known as: Infection respiratory, Recurrent respiratory tract infections, Respiratory infection"
283,cyst,"Cyst. Also known as: Cyst, Cyst NOS, Oil cyst"
284,pancreatitis,"Pancreatitis. Also known as: Pancreatitis, Pancreatitis NOS, Pancreatitis steroid-induced"
285,affective disorder,"Affective disorder. Also known as: Affecive disorder NOS, Affective disorder, Affective disorder NOS"
286,status epilepticus,"Status epilepticus. Also known as: Grand mal status, epileptic, Status epilepticus, Status epilepticus grand mal"
287,epididymitis,"Epididymitis. Also known as: Epididymitis, Epididymitis NOS, Epididymal infection"
288,schizophreniform disorder,"Schizophreniform disorder. Also known as: Reaction schizoid, Schizophrenic reaction, Schizophreniform disorder"
289,intermittent claudication,"Intermittent claudication. Also known as: Claudication, Claudication intermittent, Intermittent claudication"
290,tachycardia,"Tachycardia. Also known as: Tachycardia, Tachycardia (excl paroxysmal), Tachycardia nervous"
291,keratitis,"Keratitis. Also known as: Certain types of keratoconjunctivitis, Corneal inflammation, Filamentary keratitis"
292,local swelling,local swelling
293,skin exfoliation,"Skin exfoliation. Also known as: Desquamation, Exfoliation, Exfoliation NOS"
294,mydriasis,"Mydriasis. Also known as: Dilatation pupillary, Dilated pupils, Mydriasis"
295,atrial fibrillation,"Atrial fibrillation. Also known as: AF, AFib, Alcoholic atrial fibrillation"
296,gastrointestinal infection,"Gastrointestinal infection. Also known as: Gastrointestinal infection, Gastrointestinal infection NOS, GI infection"
297,peripheral vascular disorder,"Peripheral vascular disorder. Also known as: Circulatory disorder peripheral, Disorder peripheral vascular, Disorder vascular peripheral"
298,immune system disorder,"Immune system disorder. Also known as: Disorder immune system (NOS), Disorders involving the immune mechanism, Immune disorder (NOS)"
299,palpitations,"Palpitations. Also known as: Heart pounding, Heart throbbing, Palpitation"
300,dyspnoea,"Dyspnoea. Also known as: Air hunger, Breath shortness, Breathing difficult"
301,hyperlactacidaemia,"Hyperlactacidaemia. Also known as: Hyperlactacidaemia, Hyperlactacidemia, Symptomatic hyperlactataemia"
302,nystagmus,"Nystagmus. Also known as: Dissociated nystagmus, Latent nystagmus, Nystagmus"
303,hypersensitivity,"Hypersensitivity. Also known as: Acute allergic reaction, Allergic reaction, Allergic reaction NOS"
304,multiple fractures,"Multiple fractures. Also known as: Broken bones, Clo fos or face & oth bones, with intcran inj of oth & unspec nature, with prol loc and rtrn to pecl, Clo fos or face & oth bones, with intcran inj of oth & unspec nature, with prol loc,w/o rtrn to pecl"
305,menorrhagia,menorrhagia
306,adrenal insufficiency,"Adrenal insufficiency. Also known as: Adrenal cortex hypofunction, Adrenal cortex insufficiency, Adrenal cortex insuffiency"
307,skin infection,"Skin infection. Also known as: Exacerbation of infection of skin, Local infections of skin and subcutaneous tissue, other, Other local infections of skin and subcutaneous tissue"
308,folliculitis,"Folliculitis. Also known as: Folliculitis, Pustular folliculitis, Scalp folliculitis"
309,sinus congestion,"Sinus congestion. Also known as: Nasal sinus congestion, Sinus congestion, Sinus swelling"
310,lacrimal disorder,"Lacrimal disorder. Also known as: Dacryops, Dislocation of lacrimal gland, Lacrimal disorder NOS"
311,non-hodgkin's lymphoma,"Non-Hodgkin's lymphoma. Also known as: Diffuse lymphoma, Intermediate grade lymphoma, Low grade lymphoma"
312,tendinous contracture,"Tendinous contracture. Also known as: Contracture of tendon (sheath), Contracture tendinous, Tendinous contracture"
313,renal tubular necrosis,"Renal tubular necrosis. Also known as: Acute tubular necrosis, Kidney tubular necrosis, Kidney tubule necrosis"
314,yawning,"Yawning. Also known as: Yawn, Yawning, Yawning excessive"
315,blood glucose decreased,"Blood glucose decreased. Also known as: Blood glucose decreased, Blood sugar decreased, Decreased blood sugar"
316,application site rash,Application site rash. Also known as: Application site rash
317,oral pain,"Oral pain. Also known as: Mouth pain, Oral angular pain, Oral mucosa pain"
318,photophobia,"Photophobia. Also known as: Exacerbation of photophobia, Eyes sensitive to sunlight, Photophobia"
319,subdural haematoma,"Subdural haematoma. Also known as: Chronic subdural haemotoma, Chronic subdural hemotoma, Hematoma subdural"
320,insomnia,"Insomnia. Also known as: Difficulty sleeping, Insomnia, Insomnia (non-organic)"
321,myocardial ischaemia,"Myocardial ischaemia. Also known as: Cardiac ischaemia, Chronic ischaemic heart disease, unspecified, Chronic ischemic heart disease, unspecified"
322,confusional state,"Confusional state. Also known as: Acute confusion state, Acute confusional state, Acute onset of confusion"
323,drug eruption,"Drug eruption. Also known as: Dermatitis due to drugs and medicaments taken internally, Dermatitis due to drugs and medicines taken internally, Dermatitis medicamentosa"
324,dysphoria,Dysphoria. Also known as: Dysphoria
325,lipase increased,"Lipase increased. Also known as: Lipase increased, Blood lipase increased"
326,skin odour abnormal,"Skin odour abnormal. Also known as: Body odor, Body odour, Body smell altered"
327,hiccups,"Hiccups. Also known as: Hiccough, Hiccup, Hiccups"
328,breast disorder,"Breast disorder. Also known as: Breast disorder NOS, Other disorders of breast, Other signs and symptoms in breast"
329,metrorrhagia,metrorrhagia
330,oedema,"Oedema. Also known as: Edema, Edema (NOS), Edema NOS"
331,haematocrit decreased,"Haematocrit decreased. Also known as: Haematocrit decreased, Haematocrit low, Haematocrit value decreased"
332,gastrooesophageal reflux disease,"Gastrooesophageal reflux disease. Also known as: Acid reflux (oesophageal), Esophageal reflux, Gastrooesophageal reflux"
333,anaphylactoid reaction,"Anaphylactoid reaction. Also known as: Anaphylactic type reaction, Anaphylactoid reaction, Delayed anaphylactoid reaction"
334,renal impairment,"Renal impairment. Also known as: Chronic renal impairment, Disorders resulting from impaired renal function, Dysfunction kidney"
335,thirst,"Thirst. Also known as: Effects of thirst, Excessive thirst, Increased thirst"
336,perineal pain,"Perineal pain. Also known as: Perineal pain female, Perineal pain male, Perineal pain NOS"
337,injection site haemorrhage,"Injection site haemorrhage. Also known as: Ecchymosis injection site, Hemorrhage injection site, Injection site bleeding"
338,skin disorder,"Skin disorder. Also known as: Disorder skin (NOS), Other disorders of skin and subcutaneous tissue, Other specified conditions involving the integument of fetus and newborn"
339,cough,"Cough. Also known as: Cough, Cough increased, Cough nonproductive"
340,platelet count decreased,"Platelet count decreased. Also known as: Low platelets, Platelet count decreased, Platelet count low"
341,ear disorder,"Ear disorder. Also known as: Degenerative and vascular disorders of ear, Disorder ear, Ear disorder"
342,tongue oedema,"Tongue oedema. Also known as: Edema tongue, Face & tongue oedema, Glossal oedema"
343,benign neoplasm of skin,"Benign neoplasm of skin. Also known as: Benign neoplasm of ear and external auditory canal, Benign neoplasm of ear and external auricular canal, Benign neoplasm of other specified sites of skin"
344,feeling cold,"Feeling cold. Also known as: Chilliness, Coldness, Coldness general"
345,breast neoplasm,"Breast neoplasm. Also known as: Breast neoplasm, Breast neoplasm female, Breast neoplasm male"
346,peripheral sensory neuropathy,"Peripheral sensory neuropathy. Also known as: Neuritis sensory, Peripheral sensory neuropathy, Sensory peripheral neuropathies"
347,gastroenteritis,"Gastroenteritis. Also known as: Gastroenteritis, Gastroenteritis NOS, Gastroenterocolitis"
348,rash macular,"Rash macular. Also known as: Blotchy, Blotchy rash, Diffuse macular rash"
349,skin discolouration,"Skin discolouration. Also known as: Darkened skin, Decoloration skin, Discoloration skin"
350,myalgia,"Myalgia. Also known as: Generalised muscle aches, Muscle ache, Muscle pain"
351,blood uric acid increased,"Blood uric acid increased. Also known as: Blood urates increased, Blood uric acid increased, Raised serum uric acid"
352,injection site erythema,"Injection site erythema. Also known as: Injection site erythema, Injection site redness, Injection site vascular redness"
353,withdrawal syndrome,"Withdrawal syndrome. Also known as: Syndrome withdrawal, Withdrawal reaction, Withdrawal syndrome"
354,conjunctival haemorrhage,"Conjunctival haemorrhage. Also known as: Conjunctiva hemorrhage, Conjunctival bleeding, Conjunctival ecchymosis"
355,gingivitis,"Gingivitis. Also known as: Acute gingivitis, Chronic gingivitis, Gingivitis"
356,anger,"Anger. Also known as: Anger, Driven mad, Irascibility"
357,breast engorgement,"Breast engorgement. Also known as: Breast engorgement, Engorgement of breast associated with childbirth, antepartum, Engorgement of breast associated with childbirth, postpartum"
358,ejaculation delayed,"Ejaculation delayed. Also known as: Ejaculation delayed, Ejaculation inhibited"
359,pulmonary congestion,"Pulmonary congestion. Also known as: Congestion pulmonary, Lung congestion, Pulmonary configuration increased"
360,neutropenia,"Neutropenia. Also known as: Neutropenia, Neutropenia aggravated, Chronic neutropenia"
361,abdominal distension,"Abdominal distension. Also known as: Abdo. bloating, Abdomen enlarged, Abdomen enlarged feeling of"
362,fracture,"Fracture. Also known as: Bone fracture (not spontaneous), Fracture, Fracture bone"
363,gangrene,"Gangrene. Also known as: Gangrene, Gangrene cutaneous, Gangrene hemorrhagic"
364,viral upper respiratory tract infection,"Viral upper respiratory tract infection. Also known as: Upper respiratory tract infection viral NOS, Viral upper respiratory tract infection"
365,pain,"Pain. Also known as: Ache, Ache NOS, Burn lesion pain transient aggravation of"
366,salpingitis,"Salpingitis. Also known as: Acute salpingitis, Acute salpingitis and oophoritis, Chronic salpingitis"
367,musculoskeletal chest pain,"Musculoskeletal chest pain. Also known as: Chest tenderness, Chest tenderness of, Chest wall pain"
368,bursitis,"Bursitis. Also known as: Achillobursitis, Bursal synovitis, Bursitis"
369,urinary retention,"Urinary retention. Also known as: Acute retention, Acute retention of urine, Bladder inability to empty"
370,hypoventilation,"Hypoventilation. Also known as: Hypoventilation, Ventilation difficult, Alveolar hypoventilation"
371,alanine aminotransferase increased,"Alanine aminotransferase increased. Also known as: Alanine aminotransferase increase, Alanine aminotransferase increased, ALT increased"
372,lichenoid keratosis,"Lichenoid keratosis. Also known as: Dermatitis lichen planus-like, Dermatitis lichenoid, Eruption lichenoid"
373,parkinsonism,"Parkinsonism. Also known as: Drug-induced parkinsonism, Parkinson's syndrome, Parkinsonism"
374,weight increased,"Weight increased. Also known as: Weight gain, Weight increase, Weight increased"
375,pleural effusion,"Pleural effusion. Also known as: Effusion pleural, Intrapleural fluid retention of, Other specified forms of pleural effusion, except tuberculous"
376,feeling drunk,"Feeling drunk. Also known as: Drunk-like effect, Drunkenness feeling of, Feeling drunk"
377,mediastinal disorder,"Mediastinal disorder. Also known as: Mediastinal disorder NOS, Other diseases of mediastinum, not elsewhere classified, Mediastinum widened"
378,haemolytic anaemia,"Haemolytic anaemia. Also known as: Acquired haemolytic anaemia, Acquired haemolytic anaemia, unspecified, Acquired haemolytic anaemias"
379,intracranial pressure increased,"Intracranial pressure increased. Also known as: Hypertension intracranial, Increased intracranial pressure, Intracranial hypertension"
380,respiratory tract congestion,"Respiratory tract congestion. Also known as: Chest congestion, Respiratory tract congestion"
381,tinnitus,"Tinnitus. Also known as: Aggravated ringing in ears, Ear buzzing, Ear cracking"
382,rectal tenesmus,"Rectal tenesmus. Also known as: Defaecation urge painful, Defecation urge painful, Ineffective straining at stool"
383,hepatic cancer,"Hepatic cancer. Also known as: Cancer of liver resectable, Cancer of liver, primary, Cancer of liver, primary, non-resectable"
384,gout,"Gout. Also known as: Articular gout, Gout, Gout acute"
385,lethargy,"Lethargy. Also known as: Lethargic, Lethargic tendency, Lethargy"
386,aplasia pure red cell,"Aplasia pure red cell. Also known as: Aplasia pure red cell, Aplasia, pure red cell, Red cell aplasia"
387,diabetes mellitus,"Diabetes mellitus. Also known as: Diabetes, Diabetes mellitus, Diabetes mellitus aggravated"
388,anal pruritus,"Anal pruritus. Also known as: Perianal itching, Pruritus ani, Pruritus ani aggravated"
389,ketosis,"Ketosis. Also known as: Ketosis, Ketoacidosis, Ketoacidoses"
390,impetigo,"Impetigo. Also known as: Impetigo, Impetigo contagious, Impetigo NOS"
391,instillation site pain,"Instillation site pain. Also known as: Instillation site pain, Instillation site allodynia, Instillation site tenderness"
392,sialoadenitis,"Sialoadenitis. Also known as: Salivary gland infection, Salivary gland infection (excl mumps), Sialadenitis"
393,blood cholesterol increased,"Blood cholesterol increased. Also known as: Blood cholesterol increased, Cholesterol blood increased, Cholesterol high"
394,arthropathy,"Arthropathy. Also known as: Arthropathy unspecified, involving hand, Arthropathy, Arthropathy (NOS)"
395,hyperaemia,"Hyperaemia. Also known as: Hyperaemia, Hyperemia, Hyperemias"
396,pain in jaw,"Pain in jaw. Also known as: Jaw bone pain, Jaw pain, Pain in jaw"
397,diverticulitis,"Diverticulitis. Also known as: Chronic diverticulitis, Diverticulitis, Diverticulitis intestinal"
398,coma,"Coma. Also known as: Coma, Coma (non-diabetic), Coma and stupor"
399,mental disability,"Mental disability. Also known as: Mental disability, Mental disability NOS"
400,joint swelling,"Joint swelling. Also known as: Ankle swelling, Ankles swelling, Ankles swollen"
401,lacrimation increased,"Lacrimation increased. Also known as: Epiphora, Epiphora due to excess lacrimation, Epiphora due to insufficient drainage"
402,application site burn,"Application site burn. Also known as: Application site burn, Application site thermal burn, Application site chemical burn"
403,vasospasm,"Vasospasm. Also known as: Angiospasm, Spasm of vein, Vasospasm"
404,transaminases increased,"Transaminases increased. Also known as: Serum transaminase increased, Transaminase NOS increased, Transaminase value increased"
405,uterine spasm,"Uterine spasm. Also known as: Spasm uterine, Spasm uterine cervix, Uterine contraction tonic"
406,blepharospasm,"Blepharospasm. Also known as: Blepharospasm, Spasm eyelid, Eyelid twitching"
407,pharyngitis streptococcal,"Pharyngitis streptococcal. Also known as: Pharyngitis streptococcal, Streptococcal pharyngitis, Streptococcal sore throat"
408,hepatotoxicity,"Hepatotoxicity. Also known as: Hepatotoxic effect, Hepatotoxicity, Hepatotoxicity aggravated"
409,ligament sprain,"Ligament sprain. Also known as: Acromioclavicular (joint) (ligament) sprain, Acromioclavicular (joint) (ligament) sprains and strains, Ankle sprain"
410,haemolytic uraemic syndrome,"Haemolytic uraemic syndrome. Also known as: Haemolytic uraemic syndrome, Haemolytic-uraemic syndrome, Hemolytic uremic syndrome"
411,hyperlipidaemia,"Hyperlipidaemia. Also known as: Hyperlipaemia, Hyperlipemia, Hyperlipidaemia NOS"
412,hepatomegaly,"Hepatomegaly. Also known as: Hepatomegaly, Liver enlargement, Enlarged Liver"
413,blood disorder,"Blood disorder. Also known as: Blood disorder NOS, Blood dyscrasia, Blood dyscrasia NOS"
414,sleep disorder,"Sleep disorder. Also known as: Aftersleeping, Disorder sleep, Nonorganic sleep disorder, unspecified"
415,wheezing,"Wheezing. Also known as: Increased wheeziness, Wheeze, Wheeze worsened"
416,ovarian cyst,"Ovarian cyst. Also known as: Benign ovarian cyst, Corpus luteum cyst, Corpus luteum cyst or haematoma"
417,cardiac output decreased,Cardiac output decreased. Also known as: Cardiac output decreased
418,agranulocytosis,"Agranulocytosis. Also known as: Agranulocytic angina, Agranulocytosis, Angina agranulocytic"
419,hyperkinesia,"Hyperkinesia. Also known as: Hyperkinesia, Hyperkinesis, Hyperkinetic reaction"
420,cystitis,"Cystitis. Also known as: Acute cystitis, Acute cystitis (excl in pregnancy), Bladder infection"
421,hypertrichosis,"Hypertrichosis. Also known as: Hairiness, Hypertrichosis, Hypertrichosis aggravated"
422,enteritis,"Enteritis. Also known as: Active ileal inflammation, Enteritis, Ileitis"
423,splenomegaly,"Splenomegaly. Also known as: Chronic congestive splenomegaly, Spleen dullness enlarged, Spleen enlarged"
424,pericarditis,"Pericarditis. Also known as: Acute idiopathic pericarditis, Acute pericarditis, Acute pericarditis in diseases classified elsewhere"
425,lactic acidosis,"Lactic acidosis. Also known as: Acidosis lactic, Lactic acidosis, Lactic acidosis syndrome"
426,increased appetite,"Increased appetite. Also known as: Appetite exaggerated, Appetite excessive, Appetite increased NOS"
427,muscle tightness,"Muscle tightness. Also known as: Neck tightness, Perioral tension, Tightness in jaw"
428,toothache,"Toothache. Also known as: Odontalgia, Tooth ache, Toothache"
429,ear pain,"Ear pain. Also known as: Ear ache, Ear pain, Earache"
430,respiratory distress,"Respiratory distress. Also known as: Distress respiratory, Respiratory distress"
431,laceration,laceration
432,bladder cancer,"Bladder cancer. Also known as: Bladder cancer, Bladder cancer NOS, Bladder carcinoma"
433,hepatic function abnormal,"Hepatic function abnormal. Also known as: Acute derangement of liver function, Dysfunction hepatic nonicteric, Function liver abnormal"
434,ocular discomfort,"Ocular discomfort. Also known as: Discomfort intraocular, Visual discomfort, Ocular discomfort"
435,delirium,"Delirium. Also known as: Acute brain syndrome, Acute delirium, Brain syndrome acute"
436,menstruation irregular,"Menstruation irregular. Also known as: Irregular menstrual cycle, Irregular menstruation, Irregular periods"
437,impaired healing,"Impaired healing. Also known as: Delayed healing of wound, Granulation suppressed, Healing abnormal"
438,nocturia,"Nocturia. Also known as: Nocturia, Nocturia aggravated, Nocturnal frequency"
439,ototoxicity,"Ototoxicity. Also known as: Ototoxicity, Toxic labyrinthitis, Vestibular toxicity"
440,eye oedema,"Eye oedema. Also known as: Eye oedema, Eye edema"
441,dehydration,"Dehydration. Also known as: Dehydration, Fluid loss, Hypotonic dehydration"
442,dermatitis acneiform,"Dermatitis acneiform. Also known as: Acneiform dermatitis, Dermatitis acneiform, Dermatitis acniform"
443,sexual dysfunction,"Sexual dysfunction. Also known as: Sexual disorder NOS, Sexual dysfunction, Sexual dysfunction NOS"
444,dermatitis bullous,"Dermatitis bullous. Also known as: Bulla auricular, Bulla dorsum manus, Bullous dermatitis"
445,rhonchi,"Rhonchi. Also known as: Rhonchi, Rhonchus, Respiratory Sounds"
446,phlebitis,"Phlebitis. Also known as: Oth phlebitis and thrombosis complicating pregnancy and the puerperium, unspec as to eoc, Other antepartum phlebitis and thrombosis, Other phlebitis and thrombosis in pregnancy and the puerperium"
447,cold sweat,"Cold sweat. Also known as: Clamminess, Clammy, Cold sweat"
448,injection site induration,"Injection site induration. Also known as: Injection site induration, Injection site painful induration, Injection site sclerosis"
449,haematuria,"Haematuria. Also known as: Frank haematuria, Haematuria, Haematuria microscopic"
450,thyroiditis,"Thyroiditis. Also known as: Iatrogenic thyroiditis, Thyroiditis, Thyroiditis NOS"
451,infusion site pain,"Infusion site pain. Also known as: Burning infusion site, Infusion site pain, Infusion site tenderness"
452,application site pain,"Application site pain. Also known as: Application site pain, Pain after application, Application site burning"
453,glossodynia,"Glossodynia. Also known as: Glossodynia, Pain tongue, Sore tongue"
454,amblyopia,"Amblyopia. Also known as: Amblyopia, Amblyopia ex anopsia, Amblyopia NOS"
455,albuminuria,"Albuminuria. Also known as: Albuminuria, Albuminurias"
456,neuralgia,"Neuralgia. Also known as: Nerve pain, Neuralgia, Neuralgia affecting finger tips"
457,cachexia,"Cachexia. Also known as: Cachexia, Emaciation, Wasting"
458,snoring,"Snoring. Also known as: Snore, Snoring, Rhonchopathy"
459,oesophageal stenosis,"Oesophageal stenosis. Also known as: Esophageal stenosis, Esophageal stricture, Oesophageal stenosis"
460,vestibular disorder,"Vestibular disorder. Also known as: Disorder vestibular, Vestibular abnormalities, Vestibular disorder"
461,pelvic pain,"Pelvic pain. Also known as: Pain pelvic, Pelvic pain, Pelvic pain NOS"
462,hepatitis,"Hepatitis. Also known as: Hepatitis, Hepatitis in other infectious diseases classified elsewhere, Hepatitis nonicteric"
463,priapism,"Priapism. Also known as: Priapism, Priapism aggravated, Ischaemic priapism"
464,rales,"Rales. Also known as: Dry rale, Moist rales, Rale"
465,pancytopenia,"Pancytopenia. Also known as: Pancytopenia, Secondary pancytopenia, Pancytopenia aggravated"
466,metabolic acidosis,"Metabolic acidosis. Also known as: Acidosis compensatory, Acidosis metabolic, Anion gap acidosis"
467,paralysis,"Paralysis. Also known as: Flaccid paralysis, Neuroparalysis, Other paralytic syndromes"
468,atrioventricular block first degree,"Atrioventricular block first degree. Also known as: 1st degree heart block, Atrioventricular block first degree, Atrioventricular conduction time prolonged"
469,hypothermia,"Hypothermia. Also known as: Hypopyrexia, Hypothermia, Hypothermias"
470,upper respiratory tract infection,"Upper respiratory tract infection. Also known as: Acute upper respiratory infection of multiple or unspecified sites, Acute upper respiratory infections of multiple or unspecified sites, Acute upper respiratory infections of other multiple sites"
471,laboratory test abnormal,"Laboratory test abnormal. Also known as: Chemistry abnormal, Lab test abnormal, Lab test abnormality"
472,haemorrhage intracranial,"Haemorrhage intracranial. Also known as: Bleeding intracranial, Haemorrhage intracranial, Hemorrhage intracranial"
473,retching,"Retching. Also known as: Gagging, Retching, Dry heaves"
474,presyncope,"Presyncope. Also known as: Lipothymia, Pre-syncope, Presyncope"
475,conduction disorder,"Conduction disorder. Also known as: Conduction delayed transient, Conduction disorder, Conduction disorder NOS"
476,breast cancer,"Breast cancer. Also known as: Breast adenocarcinoma, Breast cancer, Breast cancer NOS"
477,electrocardiogram abnormal,"Electrocardiogram abnormal. Also known as: Abnormal ECG, Abnormal EKG, Disorder ECG/EKG (NOS)"
478,blood alkaline phosphatase increased,"Blood alkaline phosphatase increased. Also known as: Al-P increased, Alk phos raised, Alkaline phosphastase serum increase"
479,venous thrombosis,"Venous thrombosis. Also known as: Phlebothrombosis, Thrombosis venous, Venous thrombosis"
480,testicular pain,"Testicular pain. Also known as: Ache in testis, Pain in testis, Testicular pain"
481,paraesthesia oral,"Paraesthesia oral. Also known as: Circumoral paresthesia, Mouth paresthesia, Paraesthesia circumoral"
482,oesophageal ulcer,"Oesophageal ulcer. Also known as: Esophageal ulcer, Esophagus ulceration, Oesophageal ulcer"
483,dysgeusia,"Dysgeusia. Also known as: After taste, Bad taste, Dysgensia"
484,aneurysm,"Aneurysm. Also known as: Aneurysm, Aneurysm of artery (excl aorta), Aneurysm of artery of neck"
485,dysmenorrhoea,"Dysmenorrhoea. Also known as: Cramps menstrual, Dysmenorrhea, Dysmenorrhoea"
486,pneumonia aspiration,"Pneumonia aspiration. Also known as: Aspiration pneumonia, Inhalation pneumonia, Inhalational pneumonia"
487,toxicity to various agents,"Toxicity to various agents. Also known as: Anti-infective agent toxicity, Barbiturate intoxication, Barbiturate intoxication (NOS)"
488,hypertension,"Hypertension. Also known as: Blood pressure high, Blood pressure increased refractory, HBP"
489,meningitis,"Meningitis. Also known as: Chronic meningitis, Meningitis, Meningitis due to other nonbacterial organisms classified elsewhere"
490,somnambulism,"Somnambulism. Also known as: Lunatism, Sleep walking, Somnambulation"
491,protein urine present,"Protein urine present. Also known as: Protein urine positive, Urinary protein increased, Urinary protein positive"
492,abnormal faeces,"Abnormal faeces. Also known as: Abnormal faeces, Abnormal feces, Abnormal stools"
493,musculoskeletal pain,"Musculoskeletal pain. Also known as: Musculoskeletal pain, Shoulder blade pain, Buttock pain"
494,vertigo,"Vertigo. Also known as: Head revolving around, Head revolving round, Head spinning"
495,antisocial personality disorder,"Antisocial personality disorder. Also known as: Amoral personality, Antisocial personality, Antisocial personality disorder"
496,blood glucose increased,"Blood glucose increased. Also known as: Blood glucose increased, Blood sugar increased, Fasting blood glucose level raised"
497,otitis media,"Otitis media. Also known as: Bilateral otitis media, Middle ear infection, Non-suppurative otitis media"
498,apathy,"Apathy. Also known as: Ambition loss of, Apathy, Initiative loss of"
499,urinary tract disorder,"Urinary tract disorder. Also known as: Disorder urinary tract, Other abnormality of urination, Other symptoms involving urinary system"
500,swelling face,"Swelling face. Also known as: Facial puffiness, Facial swelling, Puffiness face"
501,skin striae,"Skin striae. Also known as: Extensive striae, Skin striae, Stretch marks"
502,influenza,"Influenza. Also known as: Flu, Flu syndrome, Influenza"
503,embolism,"Embolism. Also known as: Embolism NOS, Embolism - blood clot, Embolism embolus"
504,supraventricular extrasystoles,"Supraventricular extrasystoles. Also known as: Extrasystoles atrial, Extrasystoles nodal, Extrasystoles supraventricular"
505,muscle contractions involuntary,"Muscle contractions involuntary. Also known as: Contraction skeletal muscle, Fasciculation, Fasciculation skeletal muscle"
506,ill-defined disorder,"Ill-defined disorder. Also known as: Ill defined experience, Ill-defined disorder NOS, Other ill-defined and unknown causes of morbidity and mortality"
507,hernia,"Hernia. Also known as: Hernia, Hernia NOS, Hernia of other specified sites"
508,osteoporosis,"Osteoporosis. Also known as: Bone fragile, Disuse osteoporosis, Idiopathic osteoporosis"
509,pulmonary embolism,"Pulmonary embolism. Also known as: Acute massive pulmonary embolism, Acute P.E., Chronic P.E."
510,hyperhidrosis,"Hyperhidrosis. Also known as: Diaphoresis, Drenching sweats, Excess sweating"
511,nasal discomfort,"Nasal discomfort. Also known as: Discomfort in nose, Nasal burning, Nasal cavity strange sensation of"
512,telangiectasia,"Telangiectasia. Also known as: Multiple telangiectases, Multiple telangietases, Telangiectasia"
513,injection site pruritus,"Injection site pruritus. Also known as: Injection site itching, Injection site pruritus"
514,lung infiltration,"Lung infiltration. Also known as: Lung infiltration, Lung infiltration NOS, Pulmonary infiltration"
515,hyperkalaemia,"Hyperkalaemia. Also known as: Hyperkalaemia, Hyperkalemia, Hyperpotassaemia"
516,vascular purpura,"Vascular purpura. Also known as: Peliosis, Purpura vascular, Vascular purpura"
517,conjunctivitis,"Conjunctivitis. Also known as: Acute conjunctivitis, Acute conjunctivitis, unspecified, Acute follicular conjunctivitis"
518,neoplasm malignant,"Neoplasm malignant. Also known as: Cancer, Cancer (NOS), Carcinoma"
519,urethritis,"Urethritis. Also known as: NGU, Non-gonococcal urethritis, Nongonococcal urethritis"
520,vomiting,"Vomiting. Also known as: Bilious vomiting, Emesis, Habit vomiting"
521,blood triglycerides increased,"Blood triglycerides increased. Also known as: Blood triglycerides increased, Plasma triglycerides increased, Raised TG"
522,prurigo,Prurigo. Also known as: Prurigo
523,pulmonary function test decreased,"Pulmonary function test decreased. Also known as: Function pulmonary decreased, Lung function decreased, Lung function decreased (NOS)"
524,inappropriate antidiuretic hormone secretion,"Inappropriate antidiuretic hormone secretion. Also known as: ADH inappropriate, ADH inappropriate secretion, Inapprop. ADH secretion syndrome"
525,stupor,"Stupor. Also known as: Mental torpor, Stupor, Torpor"
526,ovarian disorder,"Ovarian disorder. Also known as: Disorder ovarian, Gonadopathy NOS female, Ovarian disorder"
527,oesophagitis,"Oesophagitis. Also known as: Esophagitis, Esophagitis aggravated, Esophagitis, unspecified"
528,cataract,"Cataract. Also known as: Bilateral cataracts, Cataract, Cataract (left)"
529,amylase increased,"Amylase increased. Also known as: Amylase high, Amylase increased, Amylase serum increased"
530,haemoglobin,"Haemoglobin. Also known as: Haem, Haemoglobin, Hem"
531,injury,"Injury. Also known as: Accidental injury, Adult maltreatment syndrome, Certain early complications of trauma"
532,weight decreased,"Weight decreased. Also known as: Losing wt, Loss of weight, Lost weight"
533,blood phosphorus decreased,"Blood phosphorus decreased. Also known as: Blood phosphate decreased, Phosphate decreased, Phosphate low"
534,cellulitis,"Cellulitis. Also known as: Cellulitis, Cellulitis and abscess of buttock, Cellulitis and abscess of face"
535,embolism venous,"Embolism venous. Also known as: Embolism and thrombosis of other specified veins, Embolism and thrombosis of unspecified site, Embolism venous"
536,ocular hyperaemia,"Ocular hyperaemia. Also known as: Bloodshot eye, Eye blood shot, Eye red"
537,increased bronchial secretion,"Increased bronchial secretion. Also known as: Airway secretion excessive, Bronchial secretion excessive, Bronchorrhea"
538,lymphocytosis,"Lymphocytosis. Also known as: Lymphocytosis, Lymphocytoses"
539,mental disorder,"Mental disorder. Also known as: Breakdown nervous, Mental aberration, Mental abnormality acute transient"
540,ageusia,"Ageusia. Also known as: Ageusia, Loss of taste, Taste absent"
541,pseudolymphoma,"Pseudolymphoma. Also known as: Benign lymphoma, Hodgkin's-like, Hodgkins-like"
542,bronchospasm paradoxical,"Bronchospasm paradoxical. Also known as: Bronchospasm paradoxical, Paradoxical bronchospasm"
543,neutropenic sepsis,Neutropenic sepsis. Also known as: Neutropenic sepsis
544,systemic lupus erythematosus,"Systemic lupus erythematosus. Also known as: Disseminated lupus erythematosus, LE reaction systemic, LE syndrome"
545,eye swelling,"Eye swelling. Also known as: Eye swelling, Eyes swollen, Swelling or mass of eye"
546,hypoproteinaemia,"Hypoproteinaemia. Also known as: Hypoproteinaemia, Hypoproteinemia, Hypoproteinemias"
547,application site reaction,"Application site reaction. Also known as: Application site reaction, Application site reaction NOS, Reaction application site"
548,joint stiffness,"Joint stiffness. Also known as: Ankle stiffness, Early morning joint stiffness, Jaw joint rigid state of"
549,sensory disturbance,"Sensory disturbance. Also known as: Abnormal physical sensation, Abnormal sensation of limbs, Sensory aberrations"
550,viral diarrhoea,"Viral diarrhoea. Also known as: Viral diarrhoea, Viral diarrhea"
551,dry throat,"Dry throat. Also known as: Dry throat, Pharynx dry, Throat dry"
552,skin ulcer,"Skin ulcer. Also known as: Chronic skin ulcer, Chronic skin ulcer of other specified sites, Chronic skin ulcer of unspecified site"
553,peritonitis,"Peritonitis. Also known as: Acute appendicitis with generalized peritonitis, Acute or unspecified pelvic peritonitis, female, Other chronic pelvic peritonitis, female"
554,injection site pain,"Injection site pain. Also known as: Injection site burning, Injection site pain, Injection site tenderness"
555,ileus paralytic,"Ileus paralytic. Also known as: Adynamic ileus, Chronic duodenal ileus, Ileus paralytic"
556,bradycardia,"Bradycardia. Also known as: Bradycardia, Bradycardia NOS, Bradycardia NOS (excl fetal)"
557,flank pain,"Flank pain. Also known as: Flank pain, Pain flank, Side stitch"
558,erythema of eyelid,"Erythema of eyelid. Also known as: Erythema of eyelid, Redness of eyelid, Hyperaemia eyelid"
559,hypoalbuminaemia,"Hypoalbuminaemia. Also known as: Hypoalbuminaemia, Hypoalbuminemia"
560,hypochromic anaemia,"Hypochromic anaemia. Also known as: Anaemia hypochromic, Anaemia- Hypochromic microcytic picture, Anemia hypochromic"
561,nephritis,"Nephritis. Also known as: Acute nephritis, Nephritis, Nephritis acute"
562,urinary tract infection,"Urinary tract infection. Also known as: Chronic UTI, Infection urinary tract, Lower urinary tract infection"
563,diarrhoea haemorrhagic,"Diarrhoea haemorrhagic. Also known as: Bloody diarrhea, Diarrhea bloody, Diarrhoea bloody"
564,cholestasis,"Cholestasis. Also known as: Biliary stasis, Cholestasis, Cholestasis extrahepatic"
565,atelectasis,"Atelectasis. Also known as: Atelectasis, Lobar collapse, Partial atelectasis"
566,penis disorder,"Penis disorder. Also known as: Disorder penis, Disorders of penis, Other specified disorder of penis"
567,aphasia,"Aphasia. Also known as: Anomia, Aphasia, Aphasia motor"
568,oculogyric crisis,"Oculogyric crisis. Also known as: Crisis oculogyric, Dyskinesia oculomotor, Ocular lateral crisis"
569,nodal arrhythmia,"Nodal arrhythmia. Also known as: Arrhythmia nodal, Arrhythmia nodal (NOS), Nodal arrhythmia"
570,application site dryness,Application site dryness. Also known as: Application site dryness
571,abdominal pain upper,"Abdominal pain upper. Also known as: Abdominal pain peptic ulcer type, Abdominal pain upper, Ache stomach"
572,plasmacytoma,"Plasmacytoma. Also known as: Neoplasm of uncertain behavior of plasma cells, Neoplasm of uncertain behaviour of plasma cells, Plasma cell tumor"
573,pneumothorax,"Pneumothorax. Also known as: Collapse of lung, Pneumothorax, Pneumothorax (excl traumatic)"
574,oral candidiasis,"Oral candidiasis. Also known as: Candida of mouth, Candida stomatitis, Candidiasis of mouth"
575,sudden death,"Sudden death. Also known as: Death occurring in less than 24 hours from onset of symptoms, not otherwise explained, Death sudden (NOS), Instantaneous death"
576,blister,"Blister. Also known as: Blister, Blister of elbow, forearm, and wrist, without mention of infection, Blister of face, neck, and scalp except eye, without mention of infection"
577,extrasystoles,"Extrasystoles. Also known as: Bigeminal rhythm, Bigeminy, Coupled beats"
578,vasodilation procedure,"Vasodilation procedure. Also known as: Vasodilation, Vasodilation procedure, Vasorelaxation"
579,plasma cell myeloma,"Plasma cell myeloma. Also known as: IGA myeloma, IGD myeloma, IGE myeloma"
580,osteomyelitis,"Osteomyelitis. Also known as: Bone infection NOS, Hip osteomyelitis, Orbital osteomyelitis"
581,pain in extremity,"Pain in extremity. Also known as: Aches & pains in legs, Aching in limb, Aching pain in hands, forearms, elbows"
582,pyelonephritis,"Pyelonephritis. Also known as: Other pyelonephritis or pyonephrosis, not specified as acute or chronic, Pyelitis or pyelonephritis in diseases classified elsewhere, Pyelonephritis"
583,febrile neutropenia,"Febrile neutropenia. Also known as: Febrile neutropenia, Neutropenic fever, Febrile Neutropenia"
584,cardiac flutter,"Cardiac flutter. Also known as: Heart fluttering, Cardiac flutter"
585,cerebral ischaemia,"Cerebral ischaemia. Also known as: Cerebral ischaemia, Cerebral ischemia, Ischemia cerebral"
586,gastric ulcer,"Gastric ulcer. Also known as: Acute gastric ulcer without mention of haemorrhage or perforation, Acute gastric ulcer without mention of hemorrhage or perforation, Acute gastric ulcer without mention of hemorrhage or perforation, without mention of obstruction"
587,tooth abscess,"Tooth abscess. Also known as: Abscess dental, Abscess paradontal, Abscess periodontal"
588,apnoea,"Apnoea. Also known as: Apnea, Apnoea, Apneas"
589,headache,"Headache. Also known as: Cephalalgia, Cephalalgia or cephalgia, Cephalgia"
590,xerophthalmia,"Xerophthalmia. Also known as: Xerophthalmia, Xerophthalmias"
591,fasting,"Fasting. Also known as: Fasting, Intermittent Fasting, Fasting, Intermittent"
592,fibrocystic breast disease,"Fibrocystic breast disease. Also known as: Adenosis sclerosing, Breast cystic fibrosis, Breast fibrocystic"
593,oliguria,"Oliguria. Also known as: Antidiuresis, Oliguria, Oliguria transient"
594,anaphylactic shock,"Anaphylactic shock. Also known as: Anaphylactic shock, Anaphylactic shock due to adverse food reaction, Anaphylactic shock due to crustaceans"
595,sinus bradycardia,"Sinus bradycardia. Also known as: Bradycardia sinus, Sinus bradycardia"
596,neuropathy peripheral,"Neuropathy peripheral. Also known as: Hereditary and idiopathic peripheral neuropathy, Hereditary and idiopathic peripheral neuropathy, other, Inflammatory and toxic neuropathy"
597,tardive dyskinesia,"Tardive dyskinesia. Also known as: Dyskinesia tardive, Lip smacking, Tardive dyskinesia"
598,rash erythematous,"Rash erythematous. Also known as: Erythematous eruption, Erythematous florid universal rash, Erythematous rash"
599,ear infection,"Ear infection. Also known as: Ear infection, Ear infection NOS, Otitis"
600,atrial flutter,"Atrial flutter. Also known as: Atrial flutter, Flutter atrial, Paroxysmal atrial flutter"
601,papilloedema,"Papilloedema. Also known as: Disc congestion in ocular fundus, Disc oedema in ocular fundus, Disc redness in ocular fundus"
602,mucosal inflammation,"Mucosal inflammation. Also known as: Inflammation mucous membrane, Mucosal inflammation, Mucosal inflammation NOS"
603,sensation of foreign body,"Sensation of foreign body. Also known as: Feeling of foreign body, Foreign body feeling of oesophagus, Pharyngolarynx foreign body feeling"
604,nephropathy toxic,"Nephropathy toxic. Also known as: Analgesic nephropathy, Nephropathy toxic, Radiocontrast nephropathy"
605,ileus,"Ileus. Also known as: Ileus, Ileus of bowel, Ileus of colon"
606,gastrointestinal disorder,"Gastrointestinal disorder. Also known as: Disorder gastrointestinal, Disorders of function of stomach, Functional digestive disorders, not elsewhere classified"
607,hepatic enzyme increased,"Hepatic enzyme increased. Also known as: Elevated liver enzyme levels, Elevated liver enzymes, Hepatic enzymes increased"
608,arrhythmia,"Arrhythmia. Also known as: Arrhythmia, Arrhythmia (NOS), Arrhythmia cardiac (NOS)"
609,angiopathy,"Angiopathy. Also known as: Degenerative and vascular disorders, unspecified, Disorder vascular, Vascular disorder"
610,sluggishness,Sluggishness. Also known as: Sluggishness
611,swelling,"Swelling. Also known as: Arms swollen red hot, Feeling swollen, Groin swelling"
612,upper-airway cough syndrome,"Upper-airway cough syndrome. Also known as: Posterior nasal drip, Postnasal drip, Chronic post nasal drip"
613,dermatitis contact,"Dermatitis contact. Also known as: Acne detergicans, Adhesive plaster sensitivity, Allergy to lanolin"
614,akinesia,Akinesia. Also known as: Akinesia
615,gastritis,"Gastritis. Also known as: Acute gastritis, Acute gastritis, without mention of hemorrhage, Gastric inflammation"
616,paranoia,"Paranoia. Also known as: Acute paranoid reaction, Other specified paranoid states, Paranoia"
617,biliary colic,"Biliary colic. Also known as: Biliary colic, Biliary pain, Biliary spasm"
618,body temperature increased,"Body temperature increased. Also known as: Body temperature increased, Temperature elevation"
619,speech disorder,"Speech disorder. Also known as: Abnormal words or word usage NOS, Babbling, Defect speech (NOS)"
620,vulvovaginal pruritus,"Vulvovaginal pruritus. Also known as: Labial itching, Pruritus vulvae, Vaginal itching"
621,motion sickness,"Motion sickness. Also known as: Air sickness, Car sickness, Motion sickness"
622,goitre,"Goitre. Also known as: Dyshormonogenic goiter, Dyshormonogenic goitre, Enlarged thyroid"
623,cardiogenic shock,"Cardiogenic shock. Also known as: Cardiogenic shock, Shock cardiogenic, Shock, Cardiogenic"
624,dizziness,"Dizziness. Also known as: Dizziness, Dizziness (excl vertigo), Dizziness and giddiness"
625,uveitis,"Uveitis. Also known as: Intermediate uveitis, Panuveitis, Pars planitis"
626,autonomic nervous system imbalance,"Autonomic nervous system imbalance. Also known as: Autonomic imbalance, Autonomic nervous system imbalance, Dysautonomia"
627,thrombocytopenia,"Thrombocytopenia. Also known as: Primary thrombocytopenia, Secondary thrombocytopenia, Thrombocytopaenia"
628,breast discharge,"Breast discharge. Also known as: Breast discharge, Breast discharge female, Breast discharge male"
629,myopathy,"Myopathy. Also known as: Myopathy, Myopathy aggravated, Myopathy steroid"
630,hypoaesthesia,"Hypoaesthesia. Also known as: Body numbness, Hypalgesia, Hypesthesia"
631,nuchal rigidity,"Nuchal rigidity. Also known as: Neck rigid, Neck rigidity, Rigidity neck"
632,corneal erosion,"Corneal erosion. Also known as: Corneal erosion, Corneal erosion multiple"
633,pupils unequal,pupils unequal
634,asthma,"Asthma. Also known as: Allergic asthma, Asthma, Asthma aggravated"
635,unintended pregnancy,"Unintended pregnancy. Also known as: Pregnancy unexpected, Pregnancy unintended, Unexpected pregnancy"
636,dysarthria,"Dysarthria. Also known as: Dysarthria, Inarticulateness, Slurred speech"
637,cerebral infarction,"Cerebral infarction. Also known as: Cerebral infarct, Cerebral infarction, Iatrogenic cerebrovascular infarction"
638,hyperphosphataemia,"Hyperphosphataemia. Also known as: Hyperphosphataemia, Hyperphosphatemia, Hyperphosphatemias"
639,optic neuritis,"Optic neuritis. Also known as: Bilateral optic neuritis, Neuritis bulbar, Neuritis optic"
640,dysphagia,"Dysphagia. Also known as: Deglutition disorder, Disorder deglutition, Dysphagia"
641,sepsis,"Sepsis. Also known as: Other specified septicaemias, Other specified septicemias, Pyaemia"
642,muscle relaxant therapy,"Muscle relaxant therapy. Also known as: Muscle relaxant, Muscle relaxant therapy"
643,memory impairment,"Memory impairment. Also known as: Forgetfulness, Hypomnesia, Memory deficit"
644,blood urine present,"Blood urine present. Also known as: Blood in urine, Blood urine present"
645,amnesia,"Amnesia. Also known as: Amnesia, Amnesia NEC, Amnesia transient"
646,sensory loss,"Sensory loss. Also known as: Loss of sensation, Sensation loss, Sensory loss"
647,eye irritation,"Eye irritation. Also known as: Burning eyes, Burning in eyes, Burning sensation in eye"
648,lymphopenia,"Lymphopenia. Also known as: Lymphocytopenia, Lymphopenia, Prolonged lymphopenia"
649,retinal detachment,"Retinal detachment. Also known as: Detached retina, Detachment retinal, Old retinal detachment, partial"
650,abdominal discomfort,"Abdominal discomfort. Also known as: Abdo. discomfort, Abdomen burning sensation of, Abdominal discomfort"
651,thinking abnormal,"Thinking abnormal. Also known as: Abnormal thinking, Irrational, Thinking abnormal"
652,affect lability,"Affect lability. Also known as: Emotional instability, Emotional lability, Instability emotional"
653,skin mass,"Skin mass. Also known as: Fibrous nodule, Nodule skin, Nodule subcutaneous"
654,application site erythema,"Application site erythema. Also known as: Application site erythema, Application site redness"
655,vaginal discharge,"Vaginal discharge. Also known as: Discharge vaginal, Leukorrhea, Leukorrhea, not specified as infective"
656,dental caries,"Dental caries. Also known as: Caries dental, Cavity, Cavity NOS"
657,glycosuria,"Glycosuria. Also known as: Glycosuria, Glycosuria aggravated, Glucosuria"
658,bipolar i disorder,"Bipolar I disorder. Also known as: Bipolar affective disorder, depressed, Bipolar affective disorder, depressed, in full remission, Bipolar affective disorder, depressed, in partial or unspecified remission"
659,agitation,"Agitation. Also known as: Agitated, Agitation, Agitation aggravated"
660,periorbital oedema,"Periorbital oedema. Also known as: Edema periorbital, Oedema periorbital, Periorbital oedema"
661,eczema,"Eczema. Also known as: Dermatitis eczematoid, Eczema, Eczema (rash) in the outer ear"
662,migraine,"Migraine. Also known as: Fulgurating migraine, Migraine, Migraine aggravated"
663,paresis,"Paresis. Also known as: Paresis, Paresis in arms, Spastic paresis"
664,white blood cell count increased,"White blood cell count increased. Also known as: Increased white cell count, Raised WBC, WBC inc"
665,sleep apnoea syndrome,"Sleep apnoea syndrome. Also known as: Hypersomnia with sleep apnea, Insomnia with sleep apnea, Other and unspecified sleep apnea"
666,bronchial hyperreactivity,"Bronchial hyperreactivity. Also known as: Reactive airways disease, Bronchial hyperactivity, Hyperactive airway disease"
667,depressed mood,"Depressed mood. Also known as: Chronic depressive mood, Dejection emotional, Depressed mood"
668,lung disorder,"Lung disorder. Also known as: Disorder lung, Disorder pulmonary, Lung disorder"
669,hyperventilation,"Hyperventilation. Also known as: Breathing abnormally deep, Hyperpnea, Hyperpnoea"
670,anaemia megaloblastic,"Anaemia megaloblastic. Also known as: Anaemia megaloblastic, Anemia megaloblastic, Megaloblastic anaemia NOS"
671,coronary artery disease,"Coronary artery disease. Also known as: CAD, Coronary artery disease, Coronary artery disease NOS"
672,altered state of consciousness,"Altered state of consciousness. Also known as: Altered state of consciousness, Consciousness abnormal, Consciousness disturbance transient"
673,oropharyngeal pain,"Oropharyngeal pain. Also known as: Anginal symptom (throat not cardiac), Dry and sore throat, Epipharyngopynia"
674,pigmentation disorder,"Pigmentation disorder. Also known as: Abnormal pigment, Abnormal pigmentation, Mottled pigmentation"
675,hepatic failure,"Hepatic failure. Also known as: Failure liver, Hepatic failure, Liver failure"
676,tetany,"Tetany. Also known as: Carpo-pedal spasm, Generalised tetany, Hypocalcemic tetany"
677,crying,"Crying. Also known as: Crying, Crying abnormal, Crying uncontrollable"
678,myelitis,"Myelitis. Also known as: Myelitis, Myelitis NOS, Myeloradiculitis"
679,tubulointerstitial nephritis,"Tubulointerstitial nephritis. Also known as: Acute interstitial nephritis, Chronic interstitial nephritis, Interstitial nephritis acute"
680,muscular weakness,"Muscular weakness. Also known as: Hands weakness of, Lower extremities weakness of, Muscle weakness"
681,muscle atrophy,"Muscle atrophy. Also known as: Atrophy muscle, Atrophy skeletal muscle, Degeneration muscle"
682,enuresis,"Enuresis. Also known as: Bed wetting, Enuresis, Enuresis (emotional origin, exc incontinence NOS)"
683,nail disorder,"Nail disorder. Also known as: Disease of nail, unspecified, Diseases of nail, Disorder nail"
684,trismus,"Trismus. Also known as: Jaw cramp, Jaw movements disturbance, Jaw spasm"
685,photopsia,"Photopsia. Also known as: Flash vision, Flashing lights, Flashing vision"
686,pancreatitis acute,"Pancreatitis acute. Also known as: Acute pancreatitis, Pancreatitis acute, Pancreatitis acute on chronic"
687,breast enlargement,"Breast enlargement. Also known as: Breast enlargement, Breast enlargement female, Breast size increased"
688,major depression,"Major depression. Also known as: Depression endogenous, Depression psychotic, Depressive type psychosis"
689,hyperpathia,Hyperpathia. Also known as: Hyperpathia
690,supraventricular tachycardia,"Supraventricular tachycardia. Also known as: Atrioventricular nodal reentrant tachycardia, AV nodal reentrant tachycardia, AV nodal tachycardia"
691,fluid overload,fluid overload
692,acute myocardial infarction,"Acute myocardial infarction. Also known as: Acute myocardial infarction, Acute myocardial infarction, of anterolateral wall, Acute myocardial infarction, of anterolateral wall, episode of care unspecified"
693,tooth infection,"Tooth infection. Also known as: Tooth infection, Odontogenic infection"
694,hypermagnesaemia,"Hypermagnesaemia. Also known as: Hypermagnesaemia, Hypermagnesemia"
695,labyrinthitis,"Labyrinthitis. Also known as: Circumscribed labyrinthitis, Labyrinthitis, Labyrinthitis (excl dizziness)"
696,hair colour changes,"Hair colour changes. Also known as: Hair colour changes, Hair colour renewed, Hair darkened"
697,hepatic necrosis,"Hepatic necrosis. Also known as: Acute and subacute necrosis of liver, Hepatic lobule necrosis, Hepatic necrosis"
698,jaundice cholestatic,"Jaundice cholestatic. Also known as: Cholestatic jaundice, Jaundice cholestatic, Jaundice extrahepatic obstructive"
699,urine output increased,"Urine output increased. Also known as: Urine volume increased, Urine output increased, Urine volume 24 hour increased"
700,throat irritation,"Throat irritation. Also known as: Burning in throat, Local throat irritation, Pharyngo-oral irritation"
701,prothrombin level increased,"Prothrombin level increased. Also known as: Coagulation factor II level increased, Prothrombin activity increased, Prothrombin increased"
702,eye haemorrhage,"Eye haemorrhage. Also known as: Eye haemorrhage, Eye haemorrhage NOS, Eye hemorrhage"
703,ulcerative keratitis,"Ulcerative keratitis. Also known as: Central corneal ulcer, Corneal ulcer marginal, Corneal ulcer NEC"
704,glaucoma,"Glaucoma. Also known as: Corticosteroid-induced glaucoma, Corticosteroid-induced glaucoma, glaucomatous stage, Corticosteroid-induced glaucoma, residual stage"
705,gingival bleeding,"Gingival bleeding. Also known as: Bleeding from teeth, Bleeding gingival, Gingival bleeding"
706,respiration abnormal,"Respiration abnormal. Also known as: Respiration abnormal, Respiratory sighs, Respiration abnormal NOS"
707,deafness,"Deafness. Also known as: Deaf, Deafness, Deafness NOS"
708,dry mouth,"Dry mouth. Also known as: Dry mouth, Dryness oral, Mouth became dry"
709,myoclonus,"Myoclonus. Also known as: Myclonic jerks, Myoclonic jerks, Myoclonus"
710,cerebrovascular accident,"Cerebrovascular accident. Also known as: Accident cerebrovascular, Apoplexy, Cerebrovascular accident"
711,toxic epidermal necrolysis,"Toxic epidermal necrolysis. Also known as: Drug eruption Lyell syndrome type, Epidermal necrolysis, Lyell"
712,orthostatic hypotension,"Orthostatic hypotension. Also known as: Hypotension orthostatic, Hypotension orthostatic asymptomatic, Hypotension orthostatic symptomatic"
713,procedural pain,"Procedural pain. Also known as: Post-operative hip pain, Post-operative pain, Post procedural pain"
714,oesophageal spasm,"Oesophageal spasm. Also known as: Esophageal spasm, Esophagospasm, Oesophageal spasm"
715,chronic obstructive pulmonary disease,"Chronic obstructive pulmonary disease. Also known as: Chronic airflow limitation, Chronic airway obstruction, not elsewhere classified, Chronic airways obstruction, not elsewhere classified"
716,hyperreflexia,"Hyperreflexia. Also known as: Achilles tendon reflex exaggerated, Exaggerated reflexes, Hyperreflexia"
717,suicide attempt,"Suicide attempt. Also known as: Attempted suicide, Suicide attempt, Suicide attempt other than overdose"
718,atrioventricular block,"Atrioventricular block. Also known as: Atrioventricular block, Atrioventricular block (NOS), Atrioventricular block incomplete"
719,nervous system disorder,"Nervous system disorder. Also known as: Central nervous system disorder, Central nervous system disorder NOS, Cerebellar hemisphere disorder"
720,rash generalised,rash generalised
721,impaired gastric emptying,"Impaired gastric emptying. Also known as: Delayed gastric emptying, Gastric stasis, Gastroparesis"
722,mucous membrane disorder,mucous membrane disorder
723,cerebrovascular disorder,"Cerebrovascular disorder. Also known as: Acute, but ill-defined, cerebrovascular disease, Cerebral vascular disturbance, Cerebral vascular disturbance (NOS)"
724,disturbance in sexual arousal,"Disturbance in sexual arousal. Also known as: Disturbance in arousal NOS, Increased sexual arousal, Sexual arousal decreased"
725,hiatus hernia,"Hiatus hernia. Also known as: Axial hiatal hernia, H hernia, Hernia hiatal"
726,lipodystrophy acquired,"Lipodystrophy acquired. Also known as: Lipodystrophy, Lipodystrophy acquired, Flat buttocks"
727,bruxism,"Bruxism. Also known as: Bruxism, Bruxomania, Gnashing tooth"
728,torticollis,"Torticollis. Also known as: Spasmodic torticollis, Torticollis, Torticollis (excl congenital, psychogenic and traumatic)"
729,back pain,"Back pain. Also known as: Acute back pain, Back ache, Back distress"
730,coagulopathy,"Coagulopathy. Also known as: Clotting, Coagulation abnormal, Coagulation defects"
731,gamma-glutamyltransferase increased,"Gamma-glutamyltransferase increased. Also known as: Gamma glutamyl transpeptidase increased, Gamma GT increased, Gamma GT raised"
732,rhinorrhoea,"Rhinorrhoea. Also known as: Mucous nasal increased, Nasal discharge, Nasal discharge watery excessive"
733,night blindness,"Night blindness. Also known as: Acquired night blindness, Blindness night, Decreased night vision"
734,thrombosis,"Thrombosis. Also known as: Clot blood, Thrombosis, Thrombosis and thrombophlebitis of unspecified site"
735,bone disorder,"Bone disorder. Also known as: Bone and (jd) of back, pelvis, & lower limbs of mother, comp preg, c/birth, or the puerp, Bone and (jd) of back, pelvis, and lower limbs of mother, with delivery, with ment of postpart comp, Bone and joint disorders of back, pelvis, and lower limbs of mother, antepartum"
736,vulvovaginal dryness,"Vulvovaginal dryness. Also known as: Dryness vaginal, Vaginal dryness, Vulvovaginal dryness"
737,dysphonia,"Dysphonia. Also known as: Distorted voice, Disturbance in loudness, Dysphonia"
738,hypothyroidism,"Hypothyroidism. Also known as: Acquired hypothyroidism, Acquired hypothyroidism other, Hypothyroidism"
739,drug hypersensitivity,"Drug hypersensitivity. Also known as: Allergic reaction to antibiotics, Drug allergy, Drug hypersensitivity"
740,oropharyngeal discomfort,"Oropharyngeal discomfort. Also known as: Pharynx discomfort, Pharynx ill sensation of, Pharynx strange sensation of"
741,hypertriglyceridaemia,"Hypertriglyceridaemia. Also known as: Hypertriglyceridaemia, Hypertriglyceridemia, Pure hyperglyceridaemia"
742,accommodation disorder,"Accommodation disorder. Also known as: Abnormality of accommodation, Accommodation abnormal, Accommodation debility"
743,pharyngeal oedema,"Pharyngeal oedema. Also known as: Edema of pharynx or nasopharynx, Edema pharynx, Oedema pharynx"
744,nervousness,"Nervousness. Also known as: Jumpiness, Jumpy, Nervous"
745,cushing's syndrome,"Cushing's syndrome. Also known as: Cushing's syndrome, Cushings syndrome, Syndrome Cushing's"
746,muscle spasms,"Muscle spasms. Also known as: Cramp, Cramp in hand, Cramp in legs thighs"
747,vision blurred,"Vision blurred. Also known as: Blurred vision, Blurring of eyes, Blurring of vision"
748,nausea,"Nausea. Also known as: Churning of stomach, Feeling queasy, Nausea"
749,shock,"Shock. Also known as: Clinically shocked, Other shock without mention of trauma, Postoperative shock, not elsewhere classified"
750,tenderness,"Tenderness. Also known as: Tenderness, Tenderness (NOS), Tenderness NOS"
751,neck pain,"Neck pain. Also known as: Acute cervical pain, Cervical pain, Cervicalgia"
752,application site pruritus,"Application site pruritus. Also known as: Application site itching, Application site pruritus"
753,respiratory depression,"Respiratory depression. Also known as: Depression respiratory, Respiration depressed, Respiratory depression"
754,sciatica,"Sciatica. Also known as: Cotunnius' disease, Ischial neuralgia, Ischias"
755,dermatitis exfoliative,"Dermatitis exfoliative. Also known as: Dermatitis exfoliative, Dermatitis exfoliative NOS, Exfoliative dermatitis"
756,depression,"Depression. Also known as: Anxiety depression, Anxious depression, Atypical depressive disorder"
757,orgasm abnormal,"Orgasm abnormal. Also known as: Orgasm abnormal, Delayed orgasm, Painful orgasm"
758,cardiac failure congestive,"Cardiac failure congestive. Also known as: Bi-ventricular failure, Cardiac failure congestive, Cardiac failure, congestive"
759,therapeutic response unexpected,"Therapeutic response unexpected. Also known as: Benefit unexpected, Drug effect good unexpected beneficial, Therapeutic effect unexpected"
760,influenza like illness,"Influenza like illness. Also known as: Flu like symptoms, Flu-like aching, Flu-like illness"
761,bleeding time prolonged,"Bleeding time prolonged. Also known as: Bleeding time increased, Bleeding time prolonged, Haemostasis prolonged"
762,tremor,"Tremor. Also known as: Essential and other specified forms of tremor, Parkinsonian-like tremor, Shakiness"
763,intestinal perforation,"Intestinal perforation. Also known as: Bowel perforation, Intestinal perforation, Intestinal perforation NOS"
764,blood prolactin increased,"Blood prolactin increased. Also known as: Blood prolactin increased, Increased prolactin level, Plasma prolactin increased"
765,tendon disorder,"Tendon disorder. Also known as: Disorder tendon, Disorders of bursae and tendons in shoulder region, unspecified, Tenden disorder"
766,face oedema,"Face oedema. Also known as: Edema face, Face edema, Face oedema"
767,acne,"Acne. Also known as: Acne, Acne aggravated, Acne comedonal"
768,antisocial behaviour,"Antisocial behaviour. Also known as: Adolescent antisocial behaviour, Antisocial behaviour, Antisocial reaction"
769,micturition disorder,"Micturition disorder. Also known as: Micturition disorder, Other specified abnormality of urination, Urination abnormal NOS"
770,feeling jittery,"Feeling jittery. Also known as: Feeling jittery, Jitteriness"
771,cognitive disorder,"Cognitive disorder. Also known as: Cognitive deterioration, Cognitive disorder NEC, Cognitive disturbance"
772,skin irritation,"Skin irritation. Also known as: Irritation skin, Skin irritation, Excited skin syndrome"
773,urethral disorder,"Urethral disorder. Also known as: Other specified disorders of urethra, Other specified disorders of urethra and urinary tract, Unspecified disorder of urethra and urinary tract"
774,gastrointestinal ulcer,"Gastrointestinal ulcer. Also known as: Gastro-intestinal ulcer NOS, Gastrointestinal ulcer NOS, Ulcer gastrointestinal"
775,polyneuropathy,"Polyneuropathy. Also known as: Polyneuritis, Polyneuropathy, Polyneuropathy due to drugs"
776,psoriasis,"Psoriasis. Also known as: Exacerbation of psoriasis, Flexural psoriasis, Other psoriasis"
777,infection,"Infection. Also known as: Infect and parasitic cond in the mother classifiable elsewhere, but compg preg, c/birth or puerp, Infect and parasitic conds in the mother class elsewhere, but comp preg, c/birth, or the puerp, Infection"
778,cystitis noninfective,"Cystitis noninfective. Also known as: Cystitis granulomatous, Cystitis noninfective, Bladder inflammation"
779,hypertonia,"Hypertonia. Also known as: Generally increased tone, Hypertonia, Hypertonicity"
780,prostatitis,"Prostatitis. Also known as: Acute prostatitis, Chronic prostatitis, Inflammatory diseases of prostate"
781,urethritis noninfective,"Urethritis noninfective. Also known as: Urethritis noninfective, Urethral irritation, Urethral inflammation"
782,angina pectoris,"Angina pectoris. Also known as: Angina, Angina aggravated, Angina attack"
783,hypersomnia,"Hypersomnia. Also known as: Hypersomnia, Hypersomnia related to another mental condition, Other hypersomnia"
784,wound infection,"Wound infection. Also known as: Post-traumatic wound infection, Posttraumatic wound infection not elsewhere classified, Wound infection"
785,injection site bruising,Injection site bruising. Also known as: Injection site bruising
786,eyelid oedema,"Eyelid oedema. Also known as: Edema eyelid, Edema of eyelid, Eyelid edema"
787,neuroleptic malignant syndrome,"Neuroleptic malignant syndrome. Also known as: Neuroleptic malignant, Neuroleptic malignant syndrome, NMS"
788,urinary hesitation,"Urinary hesitation. Also known as: Hesitancy, Hesitancy urination, Hesitancy/poor urinary stream"
789,respiratory disorder,"Respiratory disorder. Also known as: Disorder respiratory system, Other and unspecified diseases of upper respiratory tract, Other diseases of nasal cavity and sinuses"
790,haemoglobin decreased,"Haemoglobin decreased. Also known as: Decreased hemoglobin, Haemoglobin decreased, Haemoglobin low"
791,tension,"Tension. Also known as: Feeling tense, Mental tension, Nervous tension"
792,hypercalciuria,"Hypercalciuria. Also known as: Hypercalcinuria, Hypercalciuria, Idiopathic hypercalciuria"
793,serum sickness,"Serum sickness. Also known as: Anaphylactic shock due to serum, not elsewhere classified, Other serum reaction, not elsewhere classified, Serum reaction"
794,azotaemia,"Azotaemia. Also known as: Azotaemia, Azotemia, Azotemia of renal origin"
795,nephrotic syndrome,"Nephrotic syndrome. Also known as: Nephrosis, Nephrosis osmotic, Nephrotic syndrome"
796,psychomotor retardation,Psychomotor retardation. Also known as: Psychomotor retardation
797,discomfort,"Discomfort. Also known as: Discomfort, Discomfort bodily, Discomfort NOS"
798,thrombophlebitis,"Thrombophlebitis. Also known as: Thrombophlebitis, Thrombophlebitis arm, Thrombophlebitis leg"
799,fatigue,"Fatigue. Also known as: Enervation, Exhaustion, Exhaustion due to excessive exertion"
800,increased tendency to bruise,"Increased tendency to bruise. Also known as: Increased tendency to bruise, Spontaneous bruising, Tendency to bruise easily"
801,monocytosis,Monocytosis. Also known as: Monocytosis
802,hypoaesthesia oral,"Hypoaesthesia oral. Also known as: Hypoaesthesia oral NOS, Hypoaesthesia tongue, Numbness circumoral"
803,arthralgia,"Arthralgia. Also known as: Ache wrists, Aching (l) knee, Aching (r) knee"
804,arrhythmia supraventricular,"Arrhythmia supraventricular. Also known as: Arrhythmia atrial, Arrhythmia atrial (NOS), Arrhythmia supraventricular"
805,electrolyte imbalance,"Electrolyte imbalance. Also known as: Disorders of fluid, electrolyte and acid-base balance, Electrolyte abnormality, Electrolyte and fluid balance disorder NOS"
806,cardiac disorder,"Cardiac disorder. Also known as: Cardiac disorder NOS, Disorder cardiac (NOS), Heart disease aggravated"
807,application site vesicles,"Application site vesicles. Also known as: Application site vesicles, Application site bullae, Application site blister"
808,pericardial effusion,"Pericardial effusion. Also known as: Effusion pericardial, Effusion pericardial bloody, Pericardial effusion"
809,bone pain,"Bone pain. Also known as: Bone pain, Bone pain aggravated, Bone swelling painful"
810,generalised oedema,"Generalised oedema. Also known as: Anasarca, Edema generalized, Generalised oedema"
811,myocarditis,"Myocarditis. Also known as: Acute myocarditis, Acute myocarditis in diseases classified elsewhere, Acute myocarditis, unspecified"
812,faecaloma,"Faecaloma. Also known as: Faecal impaction, Faecal impaction (causing obstruction), Faecal impaction (excl obstruction)"
813,acute coronary syndrome,"Acute coronary syndrome. Also known as: Attack coronary, Acute coronary syndrome, Non ST segment elevation acute coronary syndrome"
814,haematoma,"Haematoma. Also known as: Haematoma, Haematoma NOS, Hematoma"
815,dizziness postural,"Dizziness postural. Also known as: Dizziness on standing up, Dizziness postural, Dizziness upon standing"
816,hyperglycaemia,"Hyperglycaemia. Also known as: Drug-induced hyperglycaemia, Hyperglycaemia, Hyperglycaemia drug-induced"
817,temperature intolerance,"Temperature intolerance. Also known as: Cold intolerance, Heat intolerance, Heat sensitivity"
818,pleurisy,"Pleurisy. Also known as: Diaphragmatic pleurisy, Pleurisy, Pleurisy (excl TB)"
819,irritability,"Irritability. Also known as: Erethism, Feeling irritated, Irritability"
820,skin burning sensation,"Skin burning sensation. Also known as: Burning sensation in face, Burning sensation skin, Burning skin"
821,lymphocyte count decreased,"Lymphocyte count decreased. Also known as: Lymphocyte count decreased, Lymphocyte count low, Absolute lymphocyte count decreased"
822,tooth disorder,"Tooth disorder. Also known as: Dental disorder NOS, Diseases of hard tissues of teeth, Disorder tooth"
823,flushing,"Flushing. Also known as: Facial flushing, Flushed, Flushed chest"
824,cardiac murmur,"Cardiac murmur. Also known as: Cardiac murmur, Cardiac murmur NOS, Diastolic murmur"
825,gastrointestinal pain,"Gastrointestinal pain. Also known as: Colonospasm, Gastrointestinal pain, Gastrointestinal pain NOS"
826,salivary hypersecretion,"Salivary hypersecretion. Also known as: Hypersalivation, Increased salivation, Ptyalism"
827,dysaesthesia,"Dysaesthesia. Also known as: Dysaesthesia, Dysesthesia thigh, Dysesthesia extremity"
828,blood potassium decreased,"Blood potassium decreased. Also known as: Blood potassium decreased, K+ decreased, Plasma potassium decreased"
829,interstitial lung disease,"Interstitial lung disease. Also known as: Interstitial lung disease, Interstitial lung fibrosis, Interstitial pneumonia"
830,duodenal ulcer,"Duodenal ulcer. Also known as: Acute duodenal ulcer, Acute duodenal ulcer without mention of haemorrhage or perforation, Acute duodenal ulcer without mention of hemorrhage or perforation"
831,eye infection,"Eye infection. Also known as: Eye infection, Eye infection NOS, Parasitic infestation of orbit"
832,chills,"Chills. Also known as: Chills, Rigor, Rigoring"
833,abnormal behaviour,"Abnormal behaviour. Also known as: Abnormal behaviour NOS, Behavior abnormal, Behaviour abnormal"
834,punctate keratitis,"Punctate keratitis. Also known as: Keratitis punctate, Keratitis superficial diffuse, Punctate keratitis"
835,hypomania,"Hypomania. Also known as: Hypomania, Hypomanic psychosis"
836,muscle twitching,"Muscle twitching. Also known as: Muscle twitch, Muscle twitching, Twitch skeletal muscle"
837,melaena,"Melaena. Also known as: Blood clot excretion, Melaena, Melena"
838,hypokalaemia,"Hypokalaemia. Also known as: Hypokalaemia, Hypokalemia, Hypopotassaemia"
839,vaginal haemorrhage,"Vaginal haemorrhage. Also known as: Bleeding vaginal, Haemorrhage from vagina, Hemorrhage vaginal"
840,malignant melanoma,"Malignant melanoma. Also known as: Lentigo melanoma, Malignant melanoma, Malignant melanoma of other specified sites of skin"
841,anaemia,"Anaemia. Also known as: Anaemia, Anaemia aggravated, Anaemia NOS"
842,alopecia,"Alopecia. Also known as: Accelerated hair loss, Alopecia, Alopecia reversible"
843,emotional disorder,"Emotional disorder. Also known as: Emotional disorder, Emotional disturbance NOS, Emotional problems"
844,urine abnormality,"Urine abnormality. Also known as: Cloudy urine, Nonspecific findings on examination of urine, Other nonspecific findings on examination of urine"
845,hypercholesterolaemia,"Hypercholesterolaemia. Also known as: Cholesterol blood excessive, Hypercholesteremia, Hypercholesterolaemia"
846,breath sounds abnormal,"Breath sounds abnormal. Also known as: Abnormal chest sounds, Abnormal chest sounds NOS, Breath sounds decreased"
847,hemiplegia,"Hemiplegia. Also known as: Flaccid hemiplegia, Hemiplegia, Hemiplegia (left)"
848,eye pruritus,"Eye pruritus. Also known as: Eye itching, Eyeball itching, Itching eyes"
849,purpura,"Purpura. Also known as: Dermatitis haemorrhagic, Dermatitis hemorrhagic, Haemolytic type rash"
850,menopausal symptoms,"Menopausal symptoms. Also known as: Climacteric symptoms, Hot flushes menopausal, Hot flushes, menopausal"
851,skin hypertrophy,"Skin hypertrophy. Also known as: Dorsi manus hypertrophy, Finger joint skin hypertrophy, Hypertrophy of skin"
852,staphylococcal infection,"Staphylococcal infection. Also known as: Bacterial infection due to other staphylococcus, Bacterial infection due to staphylococcus aureus, Bacterial infection due to unspecified staphylococcus"
853,stomatitis,"Stomatitis. Also known as: Buccal inflammation, Mouth irritation, Mucositis oral"
854,dementia,"Dementia. Also known as: Amentia, Brain failure, chronic, Brain syndrome chronic"
855,pallor,"Pallor. Also known as: Blanching of skin, Complexion ill, Looked pale"
856,laryngeal oedema,"Laryngeal oedema. Also known as: Edema glottis, Edema larynx, Edema of larynx"
857,faecalith,"Faecalith. Also known as: Faecalith, Fecalith, Stercolith"
858,hangover,"Hangover. Also known as: Hangover, Hangover (excl alcohol), Hangover effect"
859,prostatic disorder,"Prostatic disorder. Also known as: Other disorders of prostate, Other specified disorders of prostate, Prostatic disorder"
860,retinal degeneration,"Retinal degeneration. Also known as: Angioid streaks of choroid, Chorioretinal atrophy, Choroidal degeneration, unspecified"
861,euphoric mood,"Euphoric mood. Also known as: Elevated mood, Euphoria, Euphoric"
862,white blood cell count decreased,"White blood cell count decreased. Also known as: Decreased white cell count, WBC dec, White blood cell count decreased"
863,epigastric discomfort,"Epigastric discomfort. Also known as: Discomfort epigastric, Gastric irritation, Irritable stomach"
864,sinus tachycardia,"Sinus tachycardia. Also known as: Sinus tachycardia, Tachycardia sinus, Tachycardia, Sinus"
865,throat tightness,"Throat tightness. Also known as: Constriction throat, Pharynx closed sensation of, Throat constriction"
866,hyperthyroidism,"Hyperthyroidism. Also known as: Hyperthyroidism, Hyperthyroidism aggravated, Thyrotoxicosis"
867,peripheral motor neuropathy,"Peripheral motor neuropathy. Also known as: Motor peripheral neuropathy, Neuritis motor, Peripheral motor neuropathy"
868,road traffic accident,"Road traffic accident. Also known as: Accident automobile, Accident in street, Automobile accident"
869,rash maculo-papular,"Rash maculo-papular. Also known as: Maculo-papular, Maculo-papular rash, Maculopapular rash"
870,cholecystitis,"Cholecystitis. Also known as: Acalculous cholecystitis, Calculus of gallbladder with other cholecystitis, Calculus of gallbladder with other cholecystitis, with obstruction"
871,retinal haemorrhage,"Retinal haemorrhage. Also known as: Bleeding intraretinal, Blot haemorrhages, Blot hemorrhages"
872,amenorrhoea,"Amenorrhoea. Also known as: Absence of menstruation, Amenorrhea, Amenorrhoea"
873,rash,"Rash. Also known as: Dry rash face, Dry rash neck, Eruption"
874,vascular headache,"Vascular headache. Also known as: Headache vascular, Vascular headache, Vascular Headaches"
875,thrombocytosis,"Thrombocytosis. Also known as: Thrombocythaemia, Thrombocythemia, Thrombocytosis"
876,respiratory failure,"Respiratory failure. Also known as: Failure respiratory, Other pulmonary insufficiency, not elsewhere classified, Pulmonary insufficiency following trauma and surgery"
877,hyperuricaemia,"Hyperuricaemia. Also known as: Hyperuricaemia, Hyperuricaemic, Hyperuricemia"
878,malaise,"Malaise. Also known as: Feeling sick, Feeling unwell, Felt generally ill"
879,asocial behaviour,"Asocial behaviour. Also known as: Asocial behavior, Asocial behaviour, Asocial reaction"
880,post procedural haemorrhage,"Post procedural haemorrhage. Also known as: Bleeding of suture site, Bleeding postoperative, Haemorrhage or haematoma complicating a procedure, not elsewhere classified"
881,dyspepsia,"Dyspepsia. Also known as: Acid dyspepsia, Acid indigestion, Difficult digestion"
882,alcohol intolerance,"Alcohol intolerance. Also known as: Alcohol intolerance, Alcohol tolerance lowered, Disulfiram like reaction"
883,hypercalcaemia,"Hypercalcaemia. Also known as: Calcium repletion serum, Hypercalcaemia, Hypercalcemia"
884,gastrointestinal perforation,"Gastrointestinal perforation. Also known as: Gastrointestinal perforation, Gastrointestinal perforation (NOS), Gastrointestinal perforation NOS"
885,drug ineffective,"Drug ineffective. Also known as: Drug effect lack of, Drug ineffective, Efficacy lack"
886,abdominal pain,"Abdominal pain. Also known as: Abd. pain, Abdo pain, Abdominal colic"
887,congenital eye disorder,"Congenital eye disorder. Also known as: Congenital anomalies of eye, Congenital anomalies of eyelids, lacrimal system, and orbit, Congenital deformity of eye"
888,angioedema,"Angioedema. Also known as: Acute angio oedema, Angio-edema, Angio-oedema"
889,retinal disorder,"Retinal disorder. Also known as: Blister on macula of eye, Disorder retinal, Other retinal disorders"
890,bladder pain,"Bladder pain. Also known as: Bladder cramps, Bladder pain, Cystalgia"
891,contusion,"Contusion. Also known as: Bruise, Bruise of head, Bruising"
892,septic shock,"Septic shock. Also known as: Septic shock, Shock septic, Culture negative septic shock"
893,nightmare,"Nightmare. Also known as: Bad dreams, Brief nightmare, Dream anxiety disorder"
894,blood pressure increased,"Blood pressure increased. Also known as: Arterial pressure high, Arterial pressure NOS increased, Blood pressure increased"
895,pulmonary fibrosis,"Pulmonary fibrosis. Also known as: Fibrosis lung, Fibrosis pulmonary, Lung fibrosis"
896,eye pain,"Eye pain. Also known as: Aching eye socket, Eye ache, Eye pain"
897,intestinal obstruction,"Intestinal obstruction. Also known as: Bowel obstruction, Impaction of intestine, Impaction of intestine, unspecified"
898,anorectal discomfort,"Anorectal discomfort. Also known as: Anus discomfort, Burning rectal, Discomfort rectal"
899,chest discomfort,"Chest discomfort. Also known as: Chest abnormal feeling of, Chest anxiety feeling of, Chest discomfort"
900,akathisia,"Akathisia. Also known as: Acathesia, Akathisia, Motor restlessness"
901,extrapyramidal disorder,"Extrapyramidal disorder. Also known as: Benign shuddering attacks, Drug-induced extrapyramidal side effects, Extrapyramidal disorder"
902,faeces discoloured,"Faeces discoloured. Also known as: Black stools, Discoloration fecal, Discoloration stool"
903,blepharitis,"Blepharitis. Also known as: Blepharitis, Blepharitis, unspecified, Inflammation of eyelids"
904,enterocolitis,"Enterocolitis. Also known as: Enterocolitis, Ileocolitis, Chronic enterocolitis"
905,petechiae,"Petechiae. Also known as: Petechia, Petechiae, Petechial rash"
906,dysuria,"Dysuria. Also known as: Burning micturition, Difficulty in micturition, Difficulty voiding"
907,oedema peripheral,"Oedema peripheral. Also known as: Ankle edema, Ankle oedema, Edema arms"
908,haemorrhage,"Haemorrhage. Also known as: Bleeding, Blood loss of (NOS), Haemorrhage NOS"
909,oral herpes,"Oral herpes. Also known as: Cold sore (herpetic), Cold sores, Fever sore"
910,erythema nodosum,"Erythema nodosum. Also known as: Erythema nodosum, Erythema nodosum-like lesion, Erythema Nodosum"
911,pruritus generalised,pruritus generalised
912,injection site inflammation,"Injection site inflammation. Also known as: Inflammation at site of injection, Inflammation injection site, Injection site inflammation"
913,mood swings,"Mood swings. Also known as: Mood swings, Mood variable, Mood instability"
914,anorgasmia,"Anorgasmia. Also known as: Anorgasmia, Inability to orgasm"
915,micturition urgency,"Micturition urgency. Also known as: Mictruition urgent, Micturition urgency, Urgency of mict"
916,carpal tunnel syndrome,"Carpal tunnel syndrome. Also known as: Carpal tunnel syndrome, Carpel tunnel syndrome, Syndrome carpel tunnel"
917,infestation,"Infestation. Also known as: Infestation NOS, Infestation, unspecified, Other infestation"
918,hypotension,"Hypotension. Also known as: Blood pressure low, Chronic hypotension, Hypotension"
919,eructation,"Eructation. Also known as: Belching, Burbulence, Burping"
920,nasal dryness,"Nasal dryness. Also known as: Dry nose, Nasal dryness, Nose dry feeling of"
921,intraocular pressure increased,"Intraocular pressure increased. Also known as: Increased intraocular pressure, Intraocular pressure high, Intraocular pressure increased"
922,photosensitivity reaction,"Photosensitivity reaction. Also known as: Contact dermatitis and other eczema due to solar radiation, Dermatitis of exposed site, Dermatitis photosensitive"
923,delusion,"Delusion. Also known as: Deluded, Delusion, Delusion NOS"
924,stridor,"Stridor. Also known as: Stridor, Stridor inspiratory, Respiratory Sounds"
925,liver function test abnormal,"Liver function test abnormal. Also known as: Abnormal LFTs, Abnormal liver function tests, Deranged liver function tests"
926,infarction,"Infarction. Also known as: Infarct, Infarct infarction, Infarction NOS"
927,lymphoedema,"Lymphoedema. Also known as: Lymphedema, Lymphoedema, Lymphoedema NOS"
928,ataxia,"Ataxia. Also known as: Ataxia, Ataxia NEC, Ataxic"
929,gingival pain,"Gingival pain. Also known as: Gingival pain, Gum pain, Pain gum"
930,iritis,"Iritis. Also known as: Iritis, Granulomatous iritis, Iritides"
931,sunburn,"Sunburn. Also known as: Sun blister, Sunburn, Sunburns"
932,catheter site pain,"Catheter site pain. Also known as: Catheter site pain, Cannula site pain, Catheter site burning"
933,haemorrhagic disorder,"Haemorrhagic disorder. Also known as: Haemorrhage abnormal, Haemorrhagic disorder, Haemorrhagic disorder due to circulating anticoagulants"
934,libido increased,"Libido increased. Also known as: Increased libido, Libido increased, Sexual desire increased"
935,suicidal ideation,"Suicidal ideation. Also known as: Suicidal ideation, Suicidal tendency, Life weariness"
936,blood urea increased,"Blood urea increased. Also known as: Blood urea increased, Blood urea nitrogen increased, BUN increased"
937,arteriosclerosis,"Arteriosclerosis. Also known as: Arteriosclerosis, Atherosclerosis, Atherosclerosis generalized"
938,derealisation,"Derealisation. Also known as: Derealisation, Feeling unreal, Derealization"
939,visual acuity reduced,"Visual acuity reduced. Also known as: Deterioration of visual acuity, Low visual acuity, Visual activity decreased"
940,fluid retention,"Fluid retention. Also known as: Body fluid retention, Extracellular fluid increased, Fluid retention"
941,dyspnoea exertional,"Dyspnoea exertional. Also known as: DOE, Dyspnea exertional, Dyspnoea exertional"
942,mouth ulceration,"Mouth ulceration. Also known as: Buccal mucosa ulceration, Buccal ulceration, Mouth ulcer"
943,erectile dysfunction,"Erectile dysfunction. Also known as: Erectile disturbance, Erection decreased, Erection failure"
944,hyperbilirubinaemia,"Hyperbilirubinaemia. Also known as: Aggravated bilirubinemia, Bilirubinaemia, Bilirubinaemia aggravated"
945,musculoskeletal discomfort,"Musculoskeletal discomfort. Also known as: Back discomfort, Discomfort in joints, Neck discomfort"
946,bacterial infection,"Bacterial infection. Also known as: Anaerobic bacterial infection NOS, Bacterial infection due to other anaerobes, Bacterial infection due to other gram-negative organisms"
947,libido decreased,"Libido decreased. Also known as: Female hypoactive sexual desire disorder due to a general medical condition, Hypoactive sexual desire disorder, Libido decreased"
948,tachypnoea,"Tachypnoea. Also known as: Polypnoea, Respiration stimulated, Tachypnea"
949,electrocardiogram qt prolonged,"Electrocardiogram QT prolonged. Also known as: Electrocardiogram QT corrected interval prolonged, Electrocardiogram QT prolonged, Long QT"
950,retroperitoneal haemorrhage,"Retroperitoneal haemorrhage. Also known as: Haemorrage retroperitoneal, Haemorrhage retroperitoneal, Hemorrhage retroperitoneal"
951,blood albumin decreased,"Blood albumin decreased. Also known as: Albumin decreased, Albumin low, Albumin serum plasma decreased"
952,haematochezia,"Haematochezia. Also known as: Blood in stool, Blood stool, Bloody stool"
953,iron deficiency anaemia,"Iron deficiency anaemia. Also known as: Anaemia iron deficiency, Anemia iron deficiency, Iron def anaemia"
954,gynaecomastia,"Gynaecomastia. Also known as: Breast enlargement male, Breast enlargement male bilateral, Enlargement breast male"
955,pulmonary hypertension,"Pulmonary hypertension. Also known as: Hypertension pulmonary, Pulmonary hypertension, Pulmonary hypertension aggravated"
956,sticky skin,Sticky skin. Also known as: Sticky skin
957,panic attack,"Panic attack. Also known as: Panic attack, Panic attacks, Panic Disorder"
958,epistaxis,"Epistaxis. Also known as: Bleeding nose, Epistaxis, Haemorrhage nasal"
959,conjunctival hyperaemia,"Conjunctival hyperaemia. Also known as: Bulbar conjunctiva hyperemia, Congestion conjunctival, Conjunctival congestion"
960,neurosis,"Neurosis. Also known as: Neurosis, Neurosis NOS, Neurotic disorders"
961,inflammation,"Inflammation. Also known as: Inflammation localised, Inflammation localized, Inflammation NOS"
962,conjunctival oedema,"Conjunctival oedema. Also known as: Chemosis, Conjunctival edema, Conjunctival oedema"
963,cerebellar syndrome,"Cerebellar syndrome. Also known as: Cerebellar syndrome, Syndrome cerebellar, Neocerebellar syndrome"
964,tendonitis,"Tendonitis. Also known as: Achilles bursitis or tendinitis, Achilles tendinitis, Achilles tendonitis"
965,tracheobronchitis,"Tracheobronchitis. Also known as: Laryngotracheo bronchitis, Laryngotracheobronchitis, Tracheo-laryngeal bronchitis"
966,aspartate aminotransferase increased,"Aspartate aminotransferase increased. Also known as: Aspartate aminotransferase increase, Aspartate aminotransferase increased, AST increased"
967,skin lesion,"Skin lesion. Also known as: Skin lesion, Skin lesion NOS"
968,osteonecrosis,"Osteonecrosis. Also known as: Aseptic necrosis, Aseptic necrosis bone, Aseptic necrosis of bone"
969,productive cough,"Productive cough. Also known as: Productive cough, Sputum, Expectoration"
970,proteinuria,"Proteinuria. Also known as: Proteinuria, Proteinuria present, Proteinuria aggravated"
971,tongue discolouration,"Tongue discolouration. Also known as: Discoloration tongue, Tongue black, Tongue brown"
972,pruritus,"Pruritus. Also known as: Extremities itchy sensation of, General pruritus, Generalised itching"
973,libido disorder,"Libido disorder. Also known as: Influence on libido, Libido disorder NOS, Libido disorder"
974,hair texture abnormal,"Hair texture abnormal. Also known as: Curly hair straightened, Dry hair, Hair dryness"
975,vasculitis,"Vasculitis. Also known as: Angiitis, Digital vasculitis, Focal vasculitis"
976,acute respiratory distress syndrome,"Acute respiratory distress syndrome. Also known as: A.R.D.S., Acute respiratory distress syndrome, Adult RDS"
977,seasonal allergy,"Seasonal allergy. Also known as: Allergic rhinitis due to pollen, Hay fever, Pollen allergy"
978,exophthalmos,"Exophthalmos. Also known as: Bulging eyes, Constant exophthalmos, Exophthalmos"
979,deep vein thrombosis,"Deep vein thrombosis. Also known as: Deep phlebothrombosis, antepartum, unspecified as to episode of care, Deep phlebothrombosis, antepartum, with delivery, Deep phlebothrombosis, postpartum, unspecified as to episode of care"
980,muscle rigidity,"Muscle rigidity. Also known as: Lead pipe rigidity, Marked rigidity, Muscle rigidity"
981,hirsutism,"Hirsutism. Also known as: Hirsuitism, Hirsutism, Idiopathic hirsutism"
982,rash papular,"Rash papular. Also known as: Dermatitis papular, Erythropapular rash, Erythropapular rash on trunk"
983,cervix disorder,"Cervix disorder. Also known as: Cervical disorder NOS, Cervical lesion NOS, Cervix disorder"
984,thyroid disorder,"Thyroid disorder. Also known as: Disorder thyroid, Dysfunction thyroid, Other disorders of thyroid"
985,proctalgia,"Proctalgia. Also known as: Anal or rectal pain, Anal pain, Anus pain"
986,vulvovaginal candidiasis,"Vulvovaginal candidiasis. Also known as: Candida vaginal, Candidiasis of vulva and vagina, Moniliasis vaginal"
987,hypocalcaemia,"Hypocalcaemia. Also known as: Hypocalcaemia, Hypocalcemia, Hypocalcemias"
988,night sweats,"Night sweats. Also known as: Night sweat, Night sweats, Nocturnal perspiration"
989,hypernatraemia,"Hypernatraemia. Also known as: Hypernatraemia, Hypernatremia, Salt retention"
990,conjunctivitis allergic,"Conjunctivitis allergic. Also known as: Acute atopic conjunctivitis, Allergic conjunctivitis, Allergic rhinoconjunctivitis"
991,vulvovaginitis,"Vulvovaginitis. Also known as: Vaginitis and vulvovaginitis, Vaginitis and vulvovaginitis in diseases classified elsewhere, Vaginitis and vulvovaginitis, unspecified"
992,visual impairment,"Visual impairment. Also known as: Abnormal retinal correspondence, Abnormal vision, Abnormal vision NOS"
993,ischaemia,"Ischaemia. Also known as: Ischaemia NOS, Ischemia, Ischaemia"
