idx,drug_name,drug_text
0,alfentanil,"A short-acting opioid anesthetic and analgesic derivative of fentanyl. It produces an early peak analgesic effect and fast recovery of consciousness. Alfentanil is effective as an anesthetic during surgery, for supplementation of analgesia during surgical procedures, and as an analgesic for critically ill patients. Opiate receptors are coupled with G-protein receptors and function as both positive and negative regulators of synaptic transmission via G-proteins that activate effector proteins. Binding of the opiate stimulates the exchange of GTP for GDP on the G-protein complex. As the effector system is adenylate cyclase and cAMP located at the inner surface of the plasma membrane, opioids decrease intracell"
1,telithromycin,"Telithromycin, a semi-synthetic erythromycin derivative, belongs to a new chemical class of antibiotics called ketolides. Ketolides have been recently added to the macrolide-lincosamide-streptogramin class of antibiotics. Similar to the macrolide antibiotics, telithromycin prevents bacterial growth by interfering with bacterial protein synthesis. Telithromycin binds to the 50S subunit of the 70S bacterial ribosome and blocks further peptide elongation. Binding occurs simultaneously at to two domains of 23S RNA of the 50S ribosomal subunit, domain II and V, where older macrolides bind only to one. It is used to treat mild to moderate respiratory infections. Telithromycin acts by binding to domains II and V of 23S rRNA of the 50S ribosomal subunit. By binding at domain II, telithromycin retains activity against gram-positive cocci (e.g. Streptococcus pneumoniae) in the presence of resistance mediated by methylases (erm genes) that alter the binding site at domain V. Telithromycin may also inhibit the assembly of nascent ribosomal units. Compared to er"
2,simeprevir,"Simeprevir is a hepatitis C virus (HCV) NS3/4A protease inhibitor indicated in patient's with HCV genotype 1 for the treatment of chronic hepatitis C virus (HCV) infection. HCV is a single-stranded RNA virus that is categorized into nine distinct genotypes, with genotype 1 being the most common in the United States, and affecting 72% of all chronic HCV patients [L852]. Like all NS3/4A inhibitors, simeprevir is a serine protease inhibitor in similarity to [DB08873] and [DB05521] but is classified as a second generation protease inhibitor. This class of antiviral drugs were the first direct acting antivirals approved but are associated with lower cure rates than newer drugs. Broad use of simeprevir occurred when it was used in combination with a newer drug, [DB08934]. Inhibiting HCV NS3/4A p Simeprevir is accumulated in the liver after uptake into hepatocytes via OATP1B1/3. NS3/4A heterodimeric complex is composed of the cofactor N4A subunit and N3 subunit which contains the proteolytic site. The NS3/4A protease cleaves the HCV polyprotein downstream of the NS3 site, generating non-structural viral proteins NS3, NS4A, NS4B, NS5A and NS5B and subsequently formation of mature proteins ["
3,pentamidine isethionate,"Antiprotozoal agent effective in trypanosomiasis, leishmaniasis, and some fungal infections; used in treatment of pneumocystis pneumonia in HIV-infected patients. It may cause diabetes mellitus, central nervous system damage, and other toxic effects. The mode of action of pentamidine is not fully understood. It is thought that the drug interferes with nuclear metabolism producing inhibition of the synthesis of DNA, RNA, phospholipids, and proteins."
4,penicillamine,"Penicillamine is a pharmaceutical of the chelator class. The pharmaceutical form is D-penicillamine, as L-penicillamine is toxic (it inhibits the action of pyridoxine). It is an α-amino acid metabolite of penicillin, although it has no antibiotic properties. Penicillamine is a chelating agent recommended for the removal of excess copper in patients with Wilson's disease. From in vitro studies which indicate that one atom of copper combines with two molecules of penicillamine. Penicillamine also reduces excess cystine excretion in cystinuria. This is done, at least in part, by disulfide interchange between penicillamine and cystine, resulting in format"
5,lamivudine,"A reverse transcriptase inhibitor and zalcitabine analog in which a sulfur atom replaces the 3' carbon of the pentose ring. It is used to treat Human Immunodeficiency Virus Type 1 (HIV-1) and hepatitis B (HBV). Lamivudine is a synthetic nucleoside analogue and is phosphorylated intracellularly to its active 5'-triphosphate metabolite, lamivudine triphosphate (L-TP). This nucleoside analogue is incorporated into viral DNA by HIV reverse transcriptase and HBV polymerase, resulting in DNA chain termination."
6,atorvastatin,"Atorvastatin (Lipitor®), is a lipid-lowering drug included in the statin class of medications. By inhibiting the endogenous production of cholesterol in the liver, statins lower abnormal cholesterol and lipid levels, and ultimately reduce the risk of cardiovascular disease. More specifically, statin medications competitively inhibit the enzyme hydroxymethylglutaryl-coenzyme A (HMG-CoA) Reductase,[A181421] which catalyzes the conversion of HMG-CoA to mevalonic acid. This conversion is a critical metabolic reaction involved in the production of several compounds involved in lipid metabolism and transport, including cholesterol, low-density lipoprotein (LDL) (sometimes referred to as ""bad cholesterol""), and very-low-density lipoprotein (VLDL). Prescribing statins is considered standard practi Atorvastatin is a statin medication and a competitive inhibitor of the enzyme HMG-CoA (3-hydroxy-3-methylglutaryl coenzyme A) reductase, which catalyzes the conversion of HMG-CoA to mevalonate, an early rate-limiting step in cholesterol biosynthesis.[A177388,A181421] Atorvastatin acts primarily in the liver, where decreased hepatic cholesterol concentrations stimulate the upregulation of hepatic l"
7,retigabine,"Ezogabine (D23129) is a close structural analog of the centrally acting analgesic flupitrine. It is a neuronal potassium channel opener being developed as a first-in-class antiepileptic drug (AED) and is currently being studied in Phase 3 trials as an adjunctive treatment for partial-onset seizures in adult patients with refractory epilepsy. FDA approved in June 10, 2011 under the name of ezogabine. Ezogabine has a novel mechanism of action that involves opening of neuronal Kv7.2-7.5 (formerly KCNQ2-5) voltage activated potassium channels. These channels (primarily Kv7.2/7.3) enable generation of the M-current, a sub-threshold potassium current that serves to stabilize the membrane potential and control neuronal excitability. In addition to acting on potassium ion channels, retigabine also af"
8,levetiracetam,"Levetiracetam is a drug within the pyrrolidine class that is used to treat various types of seizures stemming from epileptic disorders. It was first approved for use in the United States in 1999 and is structurally and mechanistically unrelated to other anti-epileptic drugs (AEDs).[L8606,L8600,L8615] Levetiracetam possesses a wide therapeutic index[L8615,A185918] and little-to-no potential to produce, or be subject to, pharmacokinetic interactions[L8606,L8600,L8615] - these characteristics make it a desirable choice over other AEDs, a class of drugs notorious for having generally narrow therapeutic indexes and a propensity for involvement in drug interactions.[A185927] The exact mechanism through which levetiracetam exerts its anti-epileptic effects is unclear, but is thought to be unique amongst other anti-epileptic medications. Current knowledge suggests that levetiracetam’s binding to synaptic vesicle protein 2A (SV2A) is a key driver of its action. SV2A is a membrane-bound protein that is found on synaptic vesicles and is ubiquitous throughout the CNS[A12546"
9,azelaic acid,"Azelaic acid is a saturated dicarboxylic acid found naturally in wheat, rye, and barley. It is also produced by _Malassezia furfur_, also known as _Pityrosporum ovale_, which is a species of fungus that is normally found on human skin. Azelaic acid is effective against a number of skin conditions, such as mild to moderate acne, when applied topically in a cream formulation of 20%. It works in part by stopping the growth of skin bacteria that cause acne, and by keeping skin pores clear. Azelaic acid's antimicrobial action may be attributable to inhibition of microbial cellular protein synthesis. The exact mechanism of action of azelaic acid is not known. It is thought that azelaic acid manifests its antibacterial effects by inhibiting the synthesis of cellular protein in anaerobic and aerobic bacteria, especially <i>Staphylococcus epidermidis</i> and <i>Propionibacterium acnes</i>. In aerobic bacteria, azelaic acid reversibly inhibits several oxidoreductive enzymes including tyrosinase, m"
10,azelastine,"Azelastine, a phthalazine derivative, is an antihistamine available as an intranasal spray for the treatment of allergic and vasomotor rhinitis and as an ophthalmic solution for the treatment of allergic conjunctivitis.[L8240,L8270] It is a racemic mixture, though there is no noted difference in pharmacologic activity between enantiomers, and was first granted FDA approval in 1996.[L8240,L8270] Azelastine is also available in combination with fluticasone propionate as a nasal spray marketed under the trade name Dymista™, which is indicated for the symptomatic treatment of seasonal allergic rhinitis in patients 6 years of age and older.[L8309] Azelastine is primarily a selective antagonist of histamine H1-receptors, with a lesser affinity for H2-receptors, used for the symptomatic treatment of allergies.[A1518,A1517,L8240,L8270] Histamine H1-receptors are G-protein-coupled receptors with 7 transmembrane spanning domains[A184328] that are found on nerve endings, smooth muscle cells, and glandular cells.[A687] Following allergen exposure "
11,azathioprine,"Azathioprine is a prodrug of 6-mercaptopurine, first synthesized in 1956 by Gertrude Elion, William Lange, and George Hitchings in an attempt to produce a derivative of 6-mercaptopurine with a better therapeutic index.[A189678,A189687,A189690] Azathioprine is used to treat inflammatory conditions like rheumatoid arthritis and as an immunosuppressant in the prevention of renal transplant rejection.[L11214]

Azathiprine was granted FDA approval on 20 March 1968.[L11214] Azathioprine's mechanism of action is not entirely understood but it may be related to inhibition of purine synthesis, along with inhibition of B and T cells.[A19872]

6-thioguanine triphosphate, a metabolite of azathioprine, modulates activation of rac1 when costimulated with CD28, inducing T cell apoptosis.[A19872] This may be mediated through rac1's action on mitogen-activated protein kinase,"
12,bromazepam,One of the benzodiazepines that is used in the treatment of anxiety disorders. It is a Schedule IV drug in the U.S. and Canada and under the Convention on Psychotropic Substances. It is a intermediate-acting benzodiazepine. Bromazepam binds to the GABA-A receptor producing a conformational change and potentiating its inhibitory effects. Other neurotransmitters are not influenced.
13,aminophylline,"Aminophylline is a drug combination that contains theophylline and ethylenediamine in a 2:1 ratio. Once in the body, theophylline is released and acts as a phosphodiesterase inhibitor, adenosine receptor blocker, and histone deacetylase activator. Similar to other theophyllines, aminophylline is indicated for the treatment of lung diseases such as asthma, chronic bronchitis, and COPD. The majority of aminophylline medications are discontinued and the remaining medications on the market are in short supply. Aminophylline is the ethylenediamine salt of theophylline. After ingestion, theophylline is released from aminophylline, and theophylline relaxes the smooth muscle of the bronchial airways and pulmonary blood vessels and reduces airway responsiveness to histamine, methacholine, adenosine, and allergen. Theophylline competitively inhibits type III and type IV phosphodiesterase (PDE), the enzyme res"
14,medroxyprogesterone,"Medroxyprogesterone acetate (MPA) is a [progesterone] derivative that is more resistant to metabolism for improved pharmacokinetic properties.[A14848] MPA can be use to treat secondary amenorrhea, endometrial hyperplasia, abnormal uterine bleeding, osteoporosis, vasomotor symptoms in menopause, vulvar and vaginal atrophy, prevent pregnancy, manage pain in endometriosis, prevent pregnancy, and is also used in palliative care for endometrial and renal carcinoma.[L8657,L8660,L8663,L8666,L8669]

Medroxyprogesterone acetate was granted FDA approval on 18 June 1959.[L8657] Medroxyprogesterone acetate (MPA) inhibits the production of gonadotropin, preventing follicular maturation and ovulation, which is responsible for it’s ability to prevent pregnancy.[L8660] This action also thins the endometrium.[L8660] MPA reduces nuclear estrogen receptors and DNA synthesis in epithelial cells of the endometrium.[L8660] MPA can also induce p53 dependant apoptosis in certain canc"
15,sodium oxybate,"Sodium oxybate (Xyrem) is a central nervous system (CNS) depressant used to treat cataplexy or excessive daytime sleepiness associated with narcolepsy.[L30598] It is a sodium salt of [gamma-Hydroxybutyric acid], an endogenous cerebral inhibitory neurotransmitter [A251445] and a metabolite of the inhibitory neurotransmitter GABA.[A251430] Due to its physiological effects, sodium oxybate is associated with a risk for substance misuse and abuse. Sodium oxybate has been misused to stimulate body growth and to induce euphoria, disinhibition, and sexual arousal as a ""party drug"" or ""club drug.""[A18723] For safety reasons, sodium oxybate is a controlled substance only available through a restricted program in approved countries.[L30598]

An extended-release oral suspension formulation of sodium The physiological actions of sodium oxybate are mediated by gamma-hydroxybutyrate (GHB), its active compound. While the exact mechanism of action of GHB in narcolepsy is not fully understood, it is suggested that GHB has multiple modes of action.[A251425] 

At low doses, GHB binds to high- and low-affinity G-protein-coupled GHB receptors. Activation of GHB receptors leads to the release of gluta"
16,tipranavir,"Tipranavir is a sulfonamide-containing dyhydropyrone and a nonpeptidic protease inhibitor that targets the HIV protease. Tipranavir and ritonavir are coadministered to treat HIV. Tipranavir (TPV) is a non-peptidic HIV-1 protease inhibitor that inhibits the processing of the viral Gag and Gag-Pol polyproteins in HIV-1 infected cells, thus preventing formation of mature virions. Two mechanisms are suggested in regards to the potency of tipranavir: 1. Tipravanir may bind to the active site of the protease enzyme with fewer hydrogen bonds than peptidic protease inhibitors, whi"
17,prucalopride,"Prucalopride is a dihydrobenzofurancarboxamide derivative from the benzofurane family that selectively stimulates 5-HT4 receptors and thus, it presents enterokinetic properties.[A37348] The high selectivity of prucalopride allowed further development as it prevented the cardiac adverse reactions observed due to non-target effects of precedent therapies.[A40254] Prucalopride was developed by Shire Development LLC and approved for use in Europe in 2009,[A40250] in Canada on December 7, 2011 and by the FDA on December 17, 2018.[L4880] Prucalopride acts as a selective stimulator of the 5-HT4 receptors while having no interaction with hERG channel or 5-HT1 receptors which reduces significantly the cardiovascular risk found in other similar drugs.[A40250]

5-HT4 receptors can be found throughout the gastrointestinal tract primarily in smooth muscle cells, enterochromaffin cells, and myenteric plexus. Its activation produces the "
18,tiagabine,"Tiagabine is an anti-convulsive medication. It is also used in the treatment for panic disorder as are a few other anticonvulsants. Though the exact mechanism by which tiagabine exerts its effect on the human body is unknown, it does appear to operate as a selective GABA reuptake inhibitor. Though the exact mechanism by which Tiagabine exerts its effect on the human body is unknown, it does appear to operate as a selective GABA reuptake inhibitor."
19,guanfacine,"Guanfacine, or BS 100-141,[A189838,A189841] is a selective alpha-A2 adrenergic receptor agonist initially indicated for the treatment of hypertension[L11274] but is now indicated as an extended release tablet for the treatment of ADHD.[L11277] Guanfacine was first described in the literature in 1974.[A189841]

Guanfacine was granted FDA approval on 27 October 1986.[L11274] Guanfacine is a selective alpha-2A adrenergic receptor agonist, which reduces the effects of the sympathetic nervous system on the heart and circulatory system.[L11277] The link between guanfacine’s molecular mechanism and it’s effect on the treatment of ADHD has not been determined.[L11277]"
20,sevelamer,"Sevelamer is a phosphate binding drug used to prevent hyperphosphataemia in patients with chronic renal failure. It is marketed by Genzyme under the trade name Renagel. Sevelamer prevents hyperphosphatemia by binding to dietary phosphate in the gut, preventing its absorption and thus decreasing serum parathyroid hormone levels."
21,sufentanil,"Sufentanil is an opioid analgesic that is used as an adjunct in anesthesia, in balanced anesthesia, and as a primary anesthetic agent.  It is administered by the intravenous, epidural and sublingual routes. 

Also known as _Dsuvia_, the sublingual form is used for the management of acute pain in adults that is severe to warrant the use of an opioid analgesic in certified medically supervised healthcare settings, including hospitals, surgical centers, and emergency departments [L4717]. Consideration may be made in the future for the use of the sublingual form in the US military in cases where analgesia is required immediately [L4718].

The sublingual form, manufactured by AcelRx Pharmaceuticals, Inc. (AcelRx), was approved on November 2, 2018 [L4717].
This route of administration is in Sufentanil is a synthetic, potent opioid with highly selective binding to μ-opioid receptors [F2009]. These receptors are widely distributed in the human brain, spinal cord, and other tissues [A39636], [A39637].

In general, opioids decrease cAMP (affecting neural signaling pathways), decrease neurotransmitter release, and cause membrane hyperpolarization, all of which contribute to the relief o"
22,cisatracurium,"Cisatracurium is a non-depolarising neuromuscular blocking agent of the benzylisoquinolinium class, available in its salt form, cisatracurium besylate.[A243416,A253592] Cisatracurium has an intermediate duration of action and is one of the most commonly used neuromuscular blocking agents in intensive care.[A253592,A253597]. Cisatracurium acts on cholinergic receptors, blocking neuromuscular transmission. This action is antagonized by acetylcholinesterase inhibitors such as neostigmine.[A243416,A253592] Cisatracurium is an R-cis-R-cis isomer of [atracurium] and has approximately 3 times its neuromuscular blocking potency.[A243416] Compared to atracurium, cisatracurium produces a lower degree of histamine release.[A253597] Like other non-depolarising neuromuscular blocking agents, cisatracurium binds competitively to cholinergic receptors in motor end-plate neurons, blocking acetylcholine from accessing the receptors.[L43577] Therefore, in the presence of cisatracurium, an end-plate potential cannot be developed. Ion channels remain closed, the cell does not depolarize, and an action potential is not transmitted.[A2"
23,cefixime,"Bacteria possess a cell wall comprising a glycopeptide polymer commonly known as peptidoglycan, which is synthesized and remodelled through the action of a family of enzymes known as ""penicillin-binding proteins"" (PBPs).[A232920] β-lactam antibiotics, including cephalosporins, are PBP inhibitors that, through inhibition of essential PBPs, result in impaired cell wall homeostasis, loss of cell integrity, and ultimately bacterial cell death.[A232920, A232925, A232930] Cefixime is a broad-spectrum antibiotic and an orally-active third-generation semisynthetic cephalosporin.[A262894,A263011 ,L49293] Cephalosporins are beta-lactam antibiotics and can be used to treat gram-positive and gram-negative bacterial infections which include conditions such as skin infections, resistant bacteria, and me The bacterial cell wall, which is located at the periphery of Gram-positive bacteria and within the periplasm of Gram-negative bacteria, comprises a glycopeptide polymer synthesized through cross-linking of glycans to peptide stems on alternating saccharides, which is known commonly as peptidoglycan.[A232920] Cell wall formation, recycling, and remodelling require numerous enzymes, including a fam"
24,terconazole,"Terconazole is an anti-fungal drug that is mainly used to treat vaginal yeast infections (or vaginal candidiasis). It is classified as a _triazole ketal derivative_.[A178096] Terconazole was initially approved by the FDA in 1987.[FDA label] This drug is available in cream and suppository forms and both have demonstrated high levels of safety, efficacy, and tolerability in clinical trials. [A178093]Due to the existence of 2 stereocentres, there are 4 possible stereoisomers for terconazole. Terconazole may exert its antifungal activity by disrupting normal fungal cell membrane permeability. Terconazole and other triazole antifungal agents inhibit cytochrome P450 14-alpha-demethylase in susceptible fungi, which leads to the accumulation of lanosterol and other methylated sterols and a decrease in ergosterol concentration. Depletion of ergosterol in the membrane disrupts the structure "
25,rifabutin,"A broad-spectrum antibiotic that is being used as prophylaxis against disseminated Mycobacterium avium complex infection in HIV-positive patients. Rifabutin acts via the inhibition of DNA-dependent RNA polymerase in gram-positive and some gram-negative bacteria, leading to a suppression of RNA synthesis and cell death."
26,octreotide,"Acromegaly is a disorder caused by excess growth hormone (GH), increasing the growth of body tissues and causing metabolic dysfunction.[L14501] In most cases, it results from an anterior pituitary growth hormone-releasing tumor. Typically, the feet, hands, and face grow abnormally large; organomegaly and insulin resistance may also occur. Acromegaly is a life-threatening disease requiring life-long management.[L14501]

Octreotide is a long-acting drug with pharmacologic activities that mimic those of the natural hormone, somatostatin, which inhibits the secretion of growth hormone.[L14513] Additionally, it is used for the treatment of acromegaly and symptoms arising from various tumors, including carcinoid tumors and vasoactive intestinal tumors (VIPomas).[L14513] In the past, octreotide Octreotide binds to somatostatin receptors coupled to phospholipase C through G proteins and leads to smooth muscle contraction in the blood vessels.[L14519] Downstream effects that stimulate phospholipase C, the production of 1, 4,5-inositol triphosphate, and action on the L-type calcium channels lead to the inhibition of growth hormone, treating the various growth-hormone and metabolic effects o"
27,fexofenadine,"Fexofenadine is an over-the-counter second-generation antihistamine used in the treatment of various allergic symptoms.[L4269] It is selective for the H<sub>1</sub> receptor, carries little-to-no activity at off-targets, and does not cross the blood-brain barrier[L10779] - this is in contrast to previous first-generation antihistamines, such as [diphenhydramine], which readily bind to off-targets that contribute to side effects such as sedation.[A1452] Fexofenadine is the major active metabolite of [terfenadine][A1495] and is administered as a racemic mixture in which both enantiomers display approximately equivalent antihistamine activity.[L10779] The H<sub>1</sub> histamine receptor is responsible for mediating hypersensitivity and allergic reactions. Exposure to an allergen results in degranulation of mast cells and basophils, which then release histamine and other inflammatory mediators. Histamine binds to, and activates, H<sub>1</sub> receptors, which results in the further release of pro-inflammatory cytokines, such as interleukins, fr"
28,thiotepa,"N,N'N'-triethylenethiophosphoramide (ThioTEPA) is a cancer chemotherapeutic member of the alkylating agent group, now in use for over 50 years. It is a stable derivative of N,N',N''- triethylenephosphoramide (TEPA). It is mostly used to treat breast cancer, ovarian cancer and bladder cancer. It is also used as conditioning for Bone marrow transplantation. Its main toxicity is myelosuppression. The alkyl group is attached to the guanine base of DNA, at the number 7 nitrogen atom of the imidazole ring. They stop tumor growth by crosslinking guanine nucleobases in DNA double-helix strands, directly attacking DNA. This makes the strands unable to uncoil and separate. As this is necessary in DNA replication, the cells can no longer divide. These drugs act nonspecifically."
29,rasburicase,Rasburicase is a recombinant urate-oxidase enzyme produced by a genetically modified <i>Saccharomyces cerevisiae</i> strain. The cDNA coding for rasburicase was cloned from a strain of _Aspergillus flavus_. Rasburicase catalyzes enzymatic oxidation of uric acid into an inactive and soluble metabolite (allantoin).
30,fentanyl,"Fentanyl, a potent opioid agonist, was developed in the 1950s to fill a need for strong and rapid analgesia.[A179542] Because of these characteristics, fentanyl is commonly used to treat chronic cancer pain or in anesthesia.[Label,L6598,L6601,L6604,L6607,L922,L6610,L6613] Fentanyl is related to other opioids like [morphine] and [oxycodone].

Fentanyl's high potency has also made it a common adulterant in illicit drugs, especially heroin.[A179542] In 2017, 47600 overdose deaths in the United States involved some opioid (over 2/3 of all overdose deaths).[L6748] Opioid overdoses kill an average of 11 Canadians daily.[L6751]

Fentanyl was FDA approved in 1968.[Label,L6598,L6601,L6604,L6607,L922,L6610,L6613] Fentanyl binds to opioid receptors, especially the mu opioid receptor, which are coupled to G-proteins.[A179533] Activation of opioid receptors causes GTP to be exchanged for GDP on the G-proteins which in turn down regulates adenylate cyclase, reducing concentrations of cAMP.[A179533] Reduced cAMP decreases cAMP dependant influx of calcium ions into the cell.[A179533] The exchange of GTP for GDP "
31,lubiprostone,"Lubiprostone is a medication used in the management of idiopathic chronic constipation. A prostaglandin E1 derivative, lubiprostone is a bicyclic fatty acid that activates ClC-2 chloride channels located on the apical side of the gastrointestinal epithelial cells. Activation of these channels promotes the secretion of a chloride-rich fluid that soften the stool, increase gastrointestinal motility, and induce spontaneous bowel movements (SBM). Lubiprostone acts by specifically activating ClC-2 chloride channels, which is a normal constituent of the apical membrane of the human intestine, in a protein kinase A action independent fashion. Activation of ClC-2 chloride channels causes an efflux of chloride ions into the lumen, which in turn leads to an efflux of sodium ions through a paracellular pathway to maintain isoelectric neutrality. "
32,methyl aminolevulinate,"Methyl aminolevulinate is a prodrug that is metabolised to Protoporphyrin IX (a photosensitizer) used in photodynamic therapy. Photosensitization following application of methyl aminolevulinate cream occurs through the metabolic conversion of methyl aminolevulinate (prodrug) to photoactive porphyrins (PAP), which accumulates in the skin lesions to which the cream has been applied. When exposed to light of appropriate wavelength and energy, the accumulated photoactive porphyrins produce a photodynamic reaction, resulting i"
33,trazodone,"Trazodone is triazolopyridine derivative from the serotonin receptor antagonists and reuptake inhibitors (SARIs) class of antidepressants.[A181180] It is used in adults and has been shown to be comparable in efficacy to other drugs such as tricyclic antidepressants (TCAs), selective serotonin reuptake inhibitors (SSRIs), and serotonin-norepinephrine receptor inhibitor (SNRIs) in the treatment of depression.[T646] A unique feature of this drug is that it does not promote the anxiety symptoms, sexual symptoms, or insomnia, which are commonly associated with SSRI and SNRI therapy.[T646] Trazodone acts on various receptors, including certain histamine, serotonin, and adrenergic receptors, distinguishing it from other antidepressants that cover a narrow range of neurotransmitters.[T646] It was  The mechanism of action of trazodone is not fully understood, however, it is known to inhibit the reuptake of serotonin and block both histamine and alpha-1-adrenergic receptors.[T646]  Despite the fact that trazodone is frequently considered a selective serotonin reuptake inhibitor, several reports have shown that other mechanisms including antagonism at serotonin 5-HT1a, 5-HT1c, and 5-HT2 recept"
34,decitabine,"Myelodysplastic syndromes (MDS) are a heterogeneous group of hematopoietic neoplasms with variable underlying etiology and presentation, including neutropenia and thrombocytopenia. Further mutations leading to increased proliferation of cancerous cells can eventually lead to secondary acute myeloid leukemia, which has a poor prognosis.[A215082, A215092] Among treatment options, nucleoside analogues such as decitabine and [azacitidine] integrate into cellular DNA and inhibit the action of DNA methyltransferases, leading to global hypomethylation and related downstream therapeutic benefits.[A2263, A2264, A2265, A215317, L14962]

Decitabine was developed by MGI Pharma/SuperGen Inc. and was approved by the FDA for the treatment of MDS on February 5, 2006. It was first marketed under the name Myelodysplastic syndromes (MDS) are a group of hematopoietic neoplasms that manifest in peripheral cytopenias and may eventually progress to secondary acute myeloid leukemia (sAML). Included in the over 45 genes commonly mutated in MDS patients are those involved in DNA methylation and histone modification, and it is well-established that alteration of the epigenetic landscape is a feature of myel"
35,dronedarone,"Dronedarone is a Class III antiarrhythmic drug that works to restore the normal sinus rhythm in patients with paroxysmal or persistent atrial fibrillation. Atrial fibrillation is a common sustained arrhythmia where the treatment primarily focuses on stroke prevention and symptom management. It is managed by rate control, rhythm control, prevention of thromboembolic events, and treatment of the underlying disease.[A34604] Similar to [amiodarone], dronedarone is a multichannel blocker that works to control rhythm and rate in atrial fibrillation.[A186071] It meets criteria of all four Vaughan Williams antiarrhythmic drug classes by blocking sodium, potassium, and calcium ion channels and inhibiting β-adrenergic receptors.[A34604,L8699] 

Dronedarone is a related benzofuran compound to amiod Atrial fibrillation is the most common type of arrhythmia that is caused by abnormal electrical activity in the atria. In atrial fibrillation, tachyarrhythmia, or fast heart rate, can either be paroxysmal (less than 7 days) or persistent (more than 7 days). Atrial fibrillation causes turbulent and abnormal blood flow through the heart chambers, leading to decreased the effectiveness of the heart t"
36,benzoyl peroxide,"Benzoyl peroxide is a commonly used drug in topical treatments for acne.[L33249,L33264,L33269,L33299,L33314] It has been formulated as products with either a single active ingredient,[L33249,L33299] or with [erythromycin],[L33264] [clindamycin],[L33269] or [adapalene].[L33314] After administration, the peroxide bond is cleaved, allowing benzoyloxy radicals to nonspecifically interact with proteins.[A18903,A233859] This treatment decreases keratin and sebum around follicles, as well as increasing turnover of epithelial cells.[A234059,A234064,A234069]

Benzoyl peroxide, in combination with erythromycin, was granted FDA approval on 26 October 1984.[L33264] Acne vulgaris is caused by inflammation in the pilosebaceous gland.[A234064] Acne is generally caused by increased excretion of sebum from pilosebaceous glands, endocrine factors such as androgenic hormones, keratin developing around follicles, bacterial growth, and inflammation.[A234064] These factors contribute to the formation of comedones (whiteheads and blackheads).[A234064]

The peroxide b"
37,dasatinib,"Dasatinib is an orally available multikinase inhibitor indicated for the treatment of Philadelphia chromosome (Ph)-positive leukemias.[A2224,L45171] Ph is a chromosomal abnormality found in patients with chronic myelogenous leukemia (CML) and acute lymphocytic leukemia (ALL), where the ABL tyrosine kinase and the breakpoint cluster region (BCR) gene transcribe the chimeric protein BCR-ABL. BCR-ABL is associated with the uncontrolled activity of the ABL tyrosine kinase and is involved in the pathogenesis of CML and 15-30% of ALL cases.[A11377,A33432] Dasatinib also inhibits a spectrum of kinases involved in cancer, including several SRC-family kinases.[A11377] 

Unlike [imatinib], another tyrosine kinase used for the treatment of CML and Ph-positive ALL, dasatinib inhibits the active and  Dasatinib is a tyrosine kinase inhibitor with several targets. At nanomolar concentrations, it inhibits BCR-ABL, SRC family (SRC, LCK, YES, FYN), c-KIT, EPHA2, and PDGFR&beta;.[A2224,A11377,L45171] In patients with chronic myeloid leukemia (CML), the tyrosine kinase activity of BCR-ABL is deregulated, leading to the growth, proliferation and survival of cancerous hematopoietic cells. Dasatinib bin"
38,insulin glargine,"Insulin glargine is a long-acting form of insulin used for the treatment of hyperglycemia caused by Type 1 and Type 2 Diabetes. Insulin is typically prescribed for the management of diabetes mellitus to mimic the activity of endogenously produced human insulin, a peptide hormone produced by beta cells of the pancreas that promotes glucose metabolism. Insulin is released from the pancreas following a meal to promote the uptake of glucose from the blood into internal organs and tissues such as the liver, fat cells, and skeletal muscle. Absorption of glucose into cells allows for its transformation into glycogen or fat for storage. Insulin also inhibits hepatic glucose production, enhances protein synthesis, and inhibits lipolysis and proteolysis.

Insulin is an important treatment in the m Insulin glargine binds to the insulin receptor (IR), a heterotetrameric protein consisting of two extracellular alpha units and two transmembrane beta units. The binding of insulin to the alpha subunit of IR stimulates the tyrosine kinase activity intrinsic to the beta subunit of the receptor. The bound receptor autophosphorylates and phosphorylates numerous intracellular substrates such as insuli"
39,delavirdine,"A potent, non-nucleoside reverse transcriptase inhibitor with activity specific for HIV-1. Delavirdine binds directly to viral reverse transcriptase (RT) and blocks the RNA-dependent and DNA-dependent DNA polymerase activities by disrupting the enzyme's catalytic site."
40,tadalafil,"Tadalafil is a selective phosphodiesterase-5 inhibitor that is used in the treatment of erectile dysfunction (ED), pulmonary arterial hypertension (PAH), and benign prostatic hypertrophy.[L39100, L39105] It was first approved in 2003 by the FDA for use in ED and later in 2009 for PAH. In contrast to other PDE5 inhibitors like [sildenafil], tadalafil has greater selectivity for PDE5 and a longer half-life which has made it a more suitable option for chronic once-daily dosing in the treatment of PAH.[A242287] Tadalafil is a selective phosphodiesterase-5 (PDE5) inhibitor that produces several downstream effects with the most common therapeutic effect being smooth muscle relaxation. [L39095] Patients may experience ED due to a variety of causes including psychogenic, neurogenic, vasculogenic, iatrogenic, or endocrine. [A242392] These causes result in dysfunction of penile smooth muscle relaxation through"
41,vardenafil,"Vardenafil is a selective inhibitor of cyclic guanosine monophosphate (cGMP)-specific phosphodiesterase type 5 (PDE5) and an oral therapy for the treatment of erectile dysfunction.[L45563,L45568] During sexual stimulation, nitric oxide (NO) is released from nerve endings and endothelial cells in the corpus cavernosum, activating the enzyme guanylate cyclase and increasing the synthesis of cGMP in the smooth muscle cells of the corpus cavernosum. PDE5 inhibitors, such as vardenafil, inhibit the degradation of cGMP and allow increased blood flow into the penis, resulting in an erection.[A258303,L45563,L45568]. Compared to [sildenafil] and [tadalafil], vardenafil is a more potent inhibitor of PDE5; however, its selectivity for other PDE isoforms is lower than the one detected for tadalafil.[A Vardenafil inhibits cyclic guanosine monophosphate (GMP) specific phosphodiesterase type 5 (PDE5), which is responsible for the degradation of cyclic GMP in the corpus cavernosum located around the penis. Penile erection during sexual stimulation is caused by increased penile blood flow resulting from the relaxation of penile arteries and corpus cavernosal smooth muscle. This response is mediated "
42,moexipril,"Moexipril is a non-sulfhydryl containing precursor of the active angiotensin-converting enzyme (ACE) inhibitor moexiprilat. It is used to treat high blood pressure (hypertension). It works by relaxing blood vessels, causing them to widen. Lowering high blood pressure helps prevent strokes, heart attacks and kidney problems. Moexipril is a prodrug for moexiprilat, which inhibits ACE in humans and animals. The mechanism through which moexiprilat lowers blood pressure is believed to be primarily inhibition of ACE activity. ACE is a peptidyl dipeptidase that catalyzes the conversion of the inactive decapeptide angiotensin I to the vasoconstrictor substance angiotensin II. Angiotensin II is a potent peripheral vasoconstri"
43,chlormethine,"A vesicant and necrotizing irritant destructive to mucous membranes, mechlorethamine is an alkylating drug. It was formerly used as a war gas. The hydrochloride is used as an antineoplastic in Hodgkin's disease and lymphomas. It causes severe gastrointestinal and bone marrow damage.

The FDA granted marketing approval for the orphan drug Valchlor (mechlorethamine) gel on August 23, 2013 for the topical treatment of stage IA and IB mycosis fungoides-type cutaneous T-cell lymphoma (CTCL) in patients who have received prior skin-directed therapy. Each tube of Valchlor contains 0.016% of mechlorethamine which is equivalent to 0.02% mechlorethamine HCl. Alkylating agents work by three different mechanisms: 1) attachment of alkyl groups to DNA bases, resulting in the DNA being fragmented by repair enzymes in their attempts to replace the alkylated bases, preventing DNA synthesis and RNA transcription from the affected DNA, 2) DNA damage via the formation of cross-links (bonds between atoms in the DNA) which prevents DNA from being separated for sy"
44,rilpivirine,"Rilpivirine is non-nucleoside reverse transcriptase inhibitor (NNRTI) which is used for the treatment of HIV-1 infections in treatment-naive patients.[A31328] It is a diarylpyrimidine derivative.[A31329] The internal conformational flexibility of rilpivirine and the plasticity of it interacting binding site gives it a very high potency and reduces the chance of resistance compared to other NNRTI's.[A31331] Rilpivirine was developed by Tilbotec, Inc. and FDA approved on May 20, 2011.[L1030] On November 21, 2017, Rilpivirine, in combination with [dolutegravir], was approved as part of the first complete treatment regimen with only two drugs for the treatment of adults with HIV-1 named Juluca.[L1031] Rilpivirine in combination with [cabotegravir] was granted FDA approval on 21 January 2021.[L Rilpivirine is a non-competitive NNRTI that binds to reverse transcriptase.[L7069] Its binding results in the blockage of RNA and DNA- dependent DNA polymerase activities, like HIV-1 replication. It does not present activity against human DNA polymerases α, β and γ.[L1032,L7069] Rilpivirine's flexible structure around the aromatic rings allows the adaptation to changes in the non-nucleoside RT bin"
45,terbinafine,"Terbinafine hydrochloride (Lamisil) is a synthetic allylamine antifungal.[L9065,L9068] It is highly lipophilic in nature and tends to accumulate in skin, nails, and fatty tissues.[A1279] Like other allylamines, terbinafine inhibits ergosterol synthesis by inhibiting the fungal squalene monooxygenase (also called squalene epoxidase), an enzyme that is part of the fungal cell wall synthesis pathway.[A1279,A1281,L9068]

Terbinafine hydrochloride was granted FDA approval on 30 December 1992.[L9064] Terbinafine inhibits the enzyme squalene monooxygenase (also called squalene epoxidase), preventing the conversion of squalene to 2,3-oxydosqualene, a step in the synthesis of ergosterol.[A1279,A1281,L9068] This inhibition leads to decreased ergosterol, which would normally be incorporated into the cell wall, and accumulation of squalene.[A1281,L9068]

Generation of a large number of squalene co"
46,melphalan,"Melphalan is a nitrogen mustard or bischloroethylamine type alkylating agent.[L40928] It was first synthesized in the early 1950s by substituting L-phenylalanine for the methyl group on nitrogen mustard.[A261150, A261155] Melphalan is used in the treatment of multiple myeloma and ovarian carcinoma.[L40928] It is also used for high-conditioning before hematopoietic stem cell transplant.[L47890] It is also used to treat uveal melanoma with unresectable hepatic metastases.[L47895] Melphalan is an alkylating agent of the bischloroethylamine type.[L47890] It is believed to be taken up by tumour cells via a neutral amino acid active pathway shared by leucine.[A261155] Melphalan binds at the N7 position of guanine and induces inter-strand cross-links in DNA, disrupting DNA synthesis or transcription. It can also cause DNA-protein cross-linking and induce lesions in RNA, protein"
47,penciclovir,"Penciclovir is a synthetic acyclic guanine derivative with antiviral activity used for the treatment of various herpes simplex virus (HSV) infections. Displaying low toxicity and good selectivity, penciclovir is a nucleoside analogue. Penciclovir has <i>in vitro</i> activity against herpes simplex virus types 1 (HSV-1) and 2 (HSV-2). In cells infected with HSV-1 or HSV-2, viral thymidine kinase phosphorylates penciclovir to a monophosphate form. The monophosphate form of the drug is then converted to penciclovir triphosphate by cellular kinases. The intracellular triphosphate of penciclovir is retained <i>in vitro</i> inside HS"
48,clobetasol,Clobetasol is under investigation for the treatment of Scleroderma. Clobetasol has been investigated for the prevention of Psoriasis and Cutaneous Atrophy Due to Corticosteroids.
49,lercanidipine,"Lercanidipine is a calcium channel blocker of the dihydropyridine class. It is sold under various commercial names including Zanidip. By deforming the channel, inhibiting ion-control gating mechanisms, and/or interfering with the release of calcium from the sarcoplasmic reticulum, Lercanidipine inhibits the influx of extracellular calcium across the myocardial and vascular smooth muscle cell membranes The decrease in intracellular calcium inhibits the contractile processes of the myocardial smooth muscle cells, causing dilation "
50,irinotecan,"Irinotecan is a topoisomerase inhibitor used for chemotherapy. It is a water-soluble analogue of [camptothecin], which is extracted from the Chinese tree _Camptotheca acuminate_.[A263376] The bis-piperidine side chain in the structure of irinotecan bestows enhanced water solubility.[A263381] As an anticancer drug, irinotecan was first commercially available in Japan in 1994 to treat various cancers such as lung, cervical and ovarian cancer.[A263376] Approved by the FDA in 1996,[A263366] irinotecan is used to treat colorectal cancer and pancreatic adenocarcinoma.[L50181, L50186, L50201] Irinotecan liposome was approved by the FDA in February 2024.[L50186]

The active metabolite SN-38 is also a potent inhibitor of DNA topoisomerase I. Both irinotecan and SN-38 mediate antitumor activity by DNA topoisomerase I is a nuclear enzyme that ensures proper DNA topology during replication and transcription.[A263381] It relieves torsional strain in the DNA double helix during replication and transcription by creating reversible single-strand breaks.[A263371, L50181] 

Upon administration, irinotecan is converted into its active metabolite, SN-38, by carboxylesterase in the liver and gastroi"
51,duloxetine,"Duloxetine is a dual serotonin and norepinephrine reuptake inhibitor.[label] It was originally discovered in 1993 and developed by Eli Lilly and Company as LY248686.[A178741] Duloxetine first received approval from the FDA in August, 2004 as Cymbalta for the treatment of Major Depressive Disorder.[L6454] It has since received approval for a variety of indications including the treatment of neuropathic pain, Generalized Anxiety disorder, osteoarthritis, and stress incontinence. Duloxetine continues to be investigated for the treatment of pain in cancer, surgery, and more. Duloxetine is a potent inhibitor of neuronal serotonin and norepinephrine reuptake and a less potent inhibitor of dopamine reuptake.[A178714] Duloxetine has no significant affinity for dopaminergic, adrenergic, cholinergic, histaminergic, opioid, glutamate, and GABA receptors.

Action on the external urinary sphincter is mediated via duloxetine's CNS effects. Increased serotonin and norepinephri"
52,tiotropium bromide,"Tiotropium is a long-acting, antimuscarinic bronchodilator used in the management of chronic obstructive pulmonary disease (COPD) and asthma.[A180163,L7084,L7087,L7090,L7093] Tiotropium acts mainly on M3 muscarinic receptors located in the airways to produce smooth muscle relaxation and bronchodilation.[A180163,L7084,L7087,L7090,L7093]

Tiotropium is more specific for the subset of muscarinic receptors commonly found in the lungs than [ipratropium].[A180163]

Tiotropium was granted FDA approval on 30 January 2004.[L7084] Tiotropium is an antagonist of muscarinic receptors M<sub>1</sub> to M<sub>5</sub>.[A180163,L7084,L7087,L7090,L7093] Inhibition of the M<sub>3</sub> receptor in the smooth muscle of the lungs leads to relaxation of smooth muscle and bronchodilation.[A180163,L7084,L7087,L7090,L7093]"
53,vernakalant,Vernakalant was developed by Cardiome Pharma as as an antiarrhythmic drug intended for rapid conversion of atrial fibrillation to sinus rhythm. It acts as an atypical class III antiarrhythmic drug that potentiates its effect in higher heart rates. Intravenous formulation was approved in Europe in September 2010 as Brinavess and in Canada in April 2017. It is an investigational drug under regulatory review by FDA. Vernakalant blocks atrial voltage-gated sodium channels in a dose and frequency-dependent manner and inhibits late sodium current (INa)which confers its effect on intra-atrial conduction. This current blockade enhance and onset of drug action accelerates in higher heart rate as the affinity of vernakalant for INa also increases. Its binding offset is quick once the heart rate slows [A19198]. It al
54,irbesartan,"Irbesartan is an angiotensin receptor blocker (ARB) indicated to treat hypertension or diabetic nephropathy.[L7456,L7459] It can also be used as part of a combination product with [hydrochlorothiazide] for patients not well controlled or not expected to be well controlled on monotherapy.[L7459] Unlike angiotensin converting enzyme inhibitors, ARBs are not associated with a dry cough.[L7456,L7459]

Irbesartan was granted FDA approval on 30 September 1997.[L7456,L7459] Irbesartan prevents angiotensin II binding to the AT<sub>1</sub> receptor in tissues like vascular smooth muscle and the adrenal gland.[L7456,L7459] Irbesartan and its active metabolite bind the AT<sub>1</sub> receptor with 8500 times more affinity than they bind to the AT<sub>2</sub> receptor.[L7456,L7459] Irbesartan's prevention of angiotensin II binding causes vascular smooth muscle relaxation "
55,ipratropium bromide,"Ipratropium is a quaternary ammonium derivative of [atropine][A176957] that acts as an anticholinergic agent.[A176939] It is commonly administered through inhalation which allows producing a local effect without presenting a significant systemic absorption.[A176957]

Ipratropium as a therapeutic agent was developed by Boehringer Ingelheim and its first monotherapy product was FDA approved in 1986, while the combination product of ipratropium and [albuterol] was approved in 1996.[L5894, L5891] Ipratropium acts as an antagonist of the muscarinic acetylcholine receptor.[A176939] This effect produces the inhibition of the parasympathetic nervous system in the airways and hence, inhibit their function. The function of the parasympathetic system in the airway is to generate bronchial secretions and constriction and hence, the inhibition of this action can lead to bronchodilation and fewer se"
56,afatinib,"Afatinib is a 4-anilinoquinazoline tyrosine kinase inhibitor in the form of a dimaleate salt available as Boehringer Ingelheim's brand name Gilotrif [FDA Label]. For oral use, afatinib tablets are a first-line (initial) treatment for patients with metastatic non-small cell lung cancer (NSCLC) with common epidermal growth factor receptor (EGFR) mutations as detected by an FDA-approved test [L2939]. Gilotrif (afatinib) is the first FDA-approved oncology product from Boehringer Ingelheim [L2939]. Afatinib is a potent and selective, irreversible ErbB family blocker [L2937]. Afatinib covalently binds to and irreversibly blocks signaling from all homo and heterodimers formed by the ErbB family members EGFR (ErbB1), HER2 (ErbB2), ErbB3 and ErbB4 [L2937].

In particular, afatinib covalently binds to the kinase domains of EGFR (ErbB1), HER2 (ErbB2), and HER4 (ErbB4) and irreversibly inhibits t"
57,betaine,"Betaine is a methyl group donor that functions in the normal metabolic cycle of methionine. It is a naturally occurring choline derivative commonly ingested through diet, with a role in regulating cellular hydration and maintaining cell function.[A252235,A252240] Homocystinuria is an inherited disorder that leads to the accumulation of homocysteine in plasma and urine. Currently, no treatments are available to correct the genetic causes of homocystinuria. However, in order to normalize homocysteine levels, patients can be treated with vitamin B6 ([pyridoxine]), vitamin B12 ([cobalamin]), [folate] and specific diets.[L43115] Betaine reduces plasma homocysteine levels in patients with homocystinuria.[L43105] Although it is present in many food products, the levels found there are insufficien Homocystinuria is a hereditary disorder characterized by high levels of the amino acid homocysteine. This condition can be caused by deficiencies or defects in cystathionine beta-synthase (CBS), 5,10-methylenetetrahydrofolate reductase (MTHFR), and cobalamin cofactor metabolism (cbl).[L43105] CBS converts homocysteine to cystathionine, and a deficiency in this enzyme can lead to an accumulation of"
58,nalmefene,"Nalmefene, a 6-methylene analogue of [naltrexone], is an opioid receptor antagonist.[L40684] It acts as an antagonist at the mu (μ)-opioid and delta (δ)-opioid receptors and a partial agonist at the kappa (κ)-opioid receptor.[L1024]

In Europe, nalmefene oral tablets are used to reduce alcohol consumption in adults with alcohol dependence.[L1024] Nalmefene was approved in the United States in 1995 as an antidote for opioid overdose.[A245839] Nalmefene injection is used to manage known or suspected opioid overdose. It is used for complete or partial reversal of opioid drug effects, including respiratory depression, induced by either natural or synthetic opioids.[L40684] The nasal spray formulation of nalmefene was approved by the FDA in May 2023.[L46511] The opioid system consists of three opioid receptors - mu (μ), delta (δ), and kappa (κ) - that are G-protein coupled receptors.[A179533]  Opioid receptors are activated by endogenous opioid peptides and are expressed throughout the brain to play a critical role in mood regulation, pain, reward, addictive behaviours, and substance use disorders. Opioid receptors are involved in various brain signal"
59,nateglinide,"Nateglinide is an oral antihyperglycemic agent used for the treatment of non-insulin-dependent diabetes mellitus (NIDDM). It belongs to the meglitinide class of short-acting insulin secretagogues, which act by binding to β cells of the pancreas to stimulate insulin release. Nateglinide is an amino acid derivative that induces an early insulin response to meals decreasing postprandial blood glucose levels. It should only be taken with meals and meal-time doses should be skipped with any skipped meal. Approximately one month of therapy is required before a decrease in fasting blood glucose is seen. Meglitnides may have a neutral effect on weight or cause a slight increase in weight. The average weight gain caused by meglitinides appears to be lower than that caused by sulfonylureas and insul Nateglinide activity is dependent on the presence functioning β cells and glucose. In contrast to sulfonylurea insulin secretatogogues, nateglinide has no effect on insulin release in the absence of glucose. Rather, it potentiates the effect of extracellular glucose on ATP-sensitive potassium channel and has little effect on insulin levels between meals and overnight. As such, nateglinide is more "
60,doxycycline,"Doxycycline is a broad-spectrum antibiotic synthetically derived from [oxytetracycline].[L42880] It is a second-generation tetracycline that was first discovered in 1967.[A19429] Second-generation tetracyclines exhibit lesser toxicity than first-generation tetracyclines.[A174034] Doxycycline is used to treat a wide variety of gram-positive and gram-negative bacterial infections. It is also used to treat acne and malaria.[A251730] Protein synthesis is essential for survival and functioning of cells, including bacteria.[A251725] Doxycycline inhibits bacterial protein synthesis by allosterically binding to the 30S prokaryotic ribosomal subunit.[A251730, L42870] The drug blocks the association charged aminoacyl-tRNA (aa-tRNA) with the ribosomal A site, which is the acceptor site on the mRNA-ribosome complex. Doxycycline ultima"
61,eptifibatide,"Synthetic cyclic hexapeptide that binds to platelet receptor glycoprotein and inhibits platelet aggregation. Derived from venom of the Southeastern pygmy rattlesnake (Sistrurus miliarus barbouri), eptifibatide is a cyclic heptapeptide that belongs to the class of arginin-glycin-aspartat-mimetics. Eptifibatide inhibits platelet aggregation by reversibly binding to the platelet receptor glycoprotein (GP) IIb/IIIa of human platelets, thus preventing the binding of fibrinogen, von Willebrand factor, and other adhesive ligands. Inhibition of platelet aggregation occurs in a dose- and concentration-dependent manner."
62,ertapenem,"Ertapenem is a 1-β methyl-carbapenem that is structurally related to beta-lactam antibiotics.[L14339] It was first authorized for use in the US in November 2001 and in Europe in April 2002.[A447] Shown to be effective against a wide range of Gram-positive and Gram-negative aerobic and anaerobic bacteria, ertapenem is used to treat various bacterial infections. Ertapenem exhibits a bactericidal mode of action.[A10372] It works by binding to and inhibiting bacterial penicillin-binding proteins (PBPs).[L14339] In _Escherichia coli_, it has a strong affinity toward PBPs 1a, 1b, 2, 3, 4 and 5 with preferential binding to PBPs 2 and 3.[L14339] Upon binding to PBPs, ertapenem inhibits bacterial cell wall synthesis by interfering with the lengthening and streng"
63,iloprost,"Iloprost is an analog of prostacyclin (PGI2; epoprostenol), an endogenous prostanoid mainly produced in the vascular endothelium. It is more stable than prostacyclin, which is short-lived.[A263326] Iloprost consists of a mixture of the 4R and 4S diastereoisomers at a ratio of approximately 53:47.[L50146] It is a potent vasodilator with reported anti-thrombotic properties.[A263316] Iloprost is available as an inhaled solution and intravenous formulations. It is used to treat pulmonary arterial hypertension (PAH) [L50146] and frostbites.[L50151] In pulmonary arterial hypertension, endothelial vasoactive mediators such as nitric oxide and prostacyclin are released to induce vasoconstriction.[A263316] Iloprost mimics the biological actions of prostacyclin, a short-lived prostanoid and potent vasodilator mainly produced in the vascular endothelium.[A263326]

The exact mechanism of iloprost in cytoprotection has not been fully elucidated; h"
64,pindolol,"Pindolol is a first generation non-selective beta blocker used in the treatment of hypertension.[L32353] Early research into the use of pindolol found it had chronotropic effects, and so further investigation focused on the treatment of arrhythmia.[A231059] Research into pindolol's use in the treatment of hypertension began in the early 1970s.[A231064]

Pindolol was granted FDA approval on 3 September 1982.[L32348] The beta-1 adrenoceptor is a G-protein-coupled receptor.[A230948] Agonism of the beta-1 adrenoceptor allows the Gs subunit to upregulate adenylyl cyclase, converting ATP to cyclic AMP (cAMP).[A230948] Increased concentrations of cAMP activate cAMP-dependant kinase A, phosphorylating calcium channels, raising intracellular calcium, increasing calcium exchange through the sarcoplasmic reticulum, and"
65,pioglitazone,"Pioglitazone is an antihyperglycemic used as an adjunct to diet, exercise, and other antidiabetic medications to manage type 2 diabetes mellitus.[L11416,L11419,L11422,L11425] It is administered as a racemic mixture, though there is no pharmacologic difference between the enantiomers and they appear to interconvert _in vivo_ with little consequence.[L11416] The thiazolidinedione class of medications, which also includes [rosiglitazone] and [troglitazone], exerts its pharmacological effect primarily by promoting insulin sensitivity and the improved uptake of blood glucose[L11416] via agonism at the peroxisome proliferator-activated receptor-gamma (PPARγ).[A19757] PPARs are ligand-activated transcription factors that are involved in the expression of more than 100 genes and affect numerous me Pioglitazone is a selective agonist at peroxisome proliferator-activated receptor-gamma (PPARγ) in target tissues for insulin action such as adipose tissue, skeletal muscle, and liver.[L11416,A19759] Activation of PPARγ increases the transcription of insulin-responsive genes involved in the control of glucose and lipid production, transport, and utilization.[A19759] Through this mechanism, pioglit"
66,ifosfamide,"Ifosfamide is a chemotherapeutic agent chemically related to the nitrogen mustards and a synthetic analog of cyclophosphamide. It is active as an alkylating agent and an immunosuppressive agent. The exact mechanism of ifosfamide has not been determined, but appears to be similar to other alkylating agents. Ifosfamide requires biotransformation in the liver by mixed-function  oxidases (cytochrome P450 system) before it becomes active. After metabolic activation, active metabolites of ifosfamide alkylate or bind with many intracellular molecular structures, including nucleic acids. The cyto"
67,everolimus,"Everolimus is a derivative of Rapamycin (sirolimus), and works similarly to Rapamycin as an mTOR (mammalian target of rapamycin) inhibitor. It is currently used as an immunosuppressant to prevent rejection of organ transplants. In a similar fashion to other mTOR inhibitors Everolimus' effect is solely on the mTORC1 protein and not on the mTORC2 protein. Everolimus is a mTOR inhibitor that binds with high affinity to the FK506 binding protein-12 (FKBP-12), thereby forming a drug complex that inhibits the activation of mTOR. This inhibition reduces the activity of effectors downstream, which leads to a blockage in the progression of cells from G1 into S phase, and subsequently inducing cell growth arrest and apoptosis. Everolimus also inhibits the "
68,imipramine,"Imipramine, the prototypical tricyclic antidepressant (TCA), is a dibenzazepine-derivative TCA. TCAs are structurally similar to phenothiazines. They contain a tricyclic ring system with an alkyl amine substituent on the central ring. In non-depressed individuals, imipramine does not affect mood or arousal, but may cause sedation. In depressed individuals, imipramine exerts a positive effect on mood. TCAs are potent inhibitors of serotonin and norepinephrine reuptake. Tertiary amine TCAs, such as imipramine and amitriptyline, are more potent inhibitors of serotonin reuptake than secondary amine TCAs, such as nortriptyline and desipramine. TCAs also block histamine H<sub>1</sub> receptors, &alpha;<sub>1</sub>-adrenergic receptors and muscarinic receptors, which accounts for their sedative,  Imipramine works by inhibiting the neuronal reuptake of the neurotransmitters norepinephrine and serotonin [A6584,T116]. It binds the sodium-dependent serotonin transporter and sodium-dependent norepinephrine transporter reducing the reuptake of norepinephrine and serotonin by neurons. Depression has been linked to a lack of stimulation of the post-synaptic neuron by norepinephrine and serotonin ["
69,tolvaptan,"Tolvaptan is used to treat low blood sodium levels (hyponatremia) associated with various conditions like congestive heart failure, cirrhosis, and syndrome of inappropriate antidiuretic hormones (SIADH). FDA approved on May 19, 2009. Tolvaptan is a selective and competitive arginine vasopressin receptor 2 antagonist. Vasopressin acts on the V2 receptors found in the walls of the vasculature and luminal membranes of renal collecting ducts. By blocking V2 receptors in the renal collecting ducts, aquaporins do not insert themselves into the walls thus preventing water absorption. This action ultimately results in an increase in u"
70,elvitegravir,"Elvitegravir is a human immunodeficiency virus type 1 (HIV-1) integrase strand transfer inhibitor (INSTI) used for the treatment of HIV-1 infection in antiretroviral treatment-experienced adults. Because integrase is necessary for viral replication, inhibition prevents the integration of HIV-1 DNA into the host genome and thereby blocks the formation of the HIV-1 provirus and resulting propagation of the viral infection. Although available as a single dose tablet, elvitegravir must be used in combination with an HIV protease inhibitor coadministered with ritonavir and another antiretroviral drug.

Elvitegravir was first licensed from Japan Tobacco in 2008 and developed by Gilead Sciences. It was FDA approved on August 27, 2012. On September 24, 2014, the FDA approved the single pill form Elvitegravir is an HIV-1 integrase strand transfer inhibitor (INSTI). Integrase is an HIV-1 encoded enzyme that is required for viral replication. Inhibition of integrase prevents the integration of HIV-1 DNA into host genomic DNA, blocking the formation of the HIV-1 provirus and propagation of the viral infection. Elvitegravir does not inhibit human topoisomerases I or II."
71,ribavirin,"Producing a broad-spectrum activity against several RNA and DNA viruses, Ribavirin is a synthetic guanosine nucleoside and antiviral agent that interferes with the synthesis of viral mRNA. It is primarily indicated for use in treating hepatitis C and viral hemorrhagic fevers. HCV is a single-stranded RNA virus that is categorized into nine distinct genotypes, with genotype 1 being the most common in the United States, and affecting 72% of all chronic HCV patients [L852]. It is reported that ribavirin might be only effective in early stages of viral hemorrhagic fevers including Lasser fever, Crimean-Congo hemorrhagic fever, Venezuelan hemorrhagic fever, and Hantavirus infection. Ribavirin is a prodrug that is metabolized into nucleoside analogs that blocks viral RNA synthesis and viral mRNA Ribavirin is reported to have several mechanism of actions that lead to inhibition of viral RNA and protein synthesis. 
After activation by adenosine kinase to ribavirin mono-, di-, and triphosphate metabolites. Ribavirin triphosphate (RTP) is the predominant metabolite which directly inhibits viral mRNA polymerase by binding to the nucleotide binding site of the enzyme. This prevents the binding"
72,darifenacin,"Darifenacin (Enablex®, Novartis) is a medication used to treat urinary incontinence.

Darifenacin blocks M3 muscarinic acetylcholine receptors, which mediate bladder muscle contractions. This block reduces the urgency to urinate and so it should not be used in people with urinary retention.

It is unknown if M3 receptor selectivity is clinically advantageous in overactive bladder syndrome treatments. Darifenacin selectively antagonizes the muscarinic M3 receptor. M3 receptors are involved in contraction of human bladder and gastrointestinal smooth muscle, saliva production, and iris sphincter function."
73,beclometasone,"Beclomethasone dipropionate is a second-generation[A179842] synthetic corticosteroid and diester of beclomethasone, which is structurally similar to [dexamethasone].[L6871] It is a prodrug of an active metabolite beclomethasone 17-monopropionate (17-BMP)[A179839] which acts on the glucocorticoid receptor to mediates its therapeutic action. Beclomethasone dipropionate itself posesses weak glucocorticoid receptor binding affinity and is rapidly converted into 17-BMP upon administration.[A179839] Formulations for oral inhalation, intranasal, and topical use are available for beclomethasone dipropionate. Beclomethasone dipropionate became first available in a pressurized metered-dose inhaler in 1972 and later in a dry powder inhaler and an aqueous nasal spray.[A179839] Due to its anti-inflamma Beclomethasone dipropionate is a corticosteroid and prodrug that is rapidly activated by hydrolysis to the active monoester, 17 monopropionate (17-BMP), which mediates anti-inflammatory actions. 17-BMP has been shown _in vitro_ to exhibit a binding affinity for the human glucocorticoid receptor which is approximately 13 times that of dexamethasone and 25 times that of beclomethasone dipropionate.["
74,gadoversetamide,"Gadoversetamide, marketed under the trade name OptiMARK, is a gadolinium compound used as a contrast agent in magnetic resonance imaging (MRI), particularly imaging of the brain, spine and liver. Based on the behavior of protons when placed in a strong magnetic field, which is interpreted and transformed into images by magnetic resonance (MR) instruments. MR images are based primarily on proton density and proton relaxation dynamics. MR instruments are sensitive to two different relaxation processes, the T1 (spin-lattice or longitudinal relaxation time) and T2 (spin-spin or transverse rela"
75,exenatide,"Exenatide is a glucagon-like peptide-1 (GLP-1) analog[L42690]. It activates the GLP-1 receptor and increases insulin secretion, decreases glucagon secretion, and slows gastric emptying to improve glycemic control[L42690]. Exenatide was given FDA approval on April 28, 2005[L6106]. It is available as immediate- and extended-release formulations.[L42685,L42690] Bydureon, the brand name product of extended-release exenatide in an injectable suspension, was discontinued in 2021. Bydureon BCise, an auto-injector extended-release formulation, remains available.[L42700] Exenatide is a human glucacon-like peptide-1(GLP-1) receptor agonist[Label]. By activating this receptor, insulin secretion is increased and glucagon secretion is decreased in a glucose dependant manner[Label]. Exenatide also slows gastric emptying and decreases food intake[Label]. These effects work synergistically to improve glycemic control by reducing the likelihood of hyper and hypoglycemia[L"
76,dolutegravir,"Dolutegravir is an HIV-1 integrase inhibitor that blocks the strand transfer step of the integration of the viral genome into the host cell (INSTI).[A7514] The effect of this drug has no homology in human host cells, which gives it excellent tolerability and minimal toxicity.[A31342] Dolutegravir was developed by ViiV Healthcare and FDA-approved on August 12, 2013.[L1035] On November 21, 2017, dolutegravir, in combination with rilpivirine, was approved as part of the first complete treatment regimen with only two drugs for the treatment of adults with HIV-1 named Juluca.[L1031] Dolutegravir is an HIV-1 antiviral agent. It inhibits HIV integrase by binding to the active site and blocking the strand transfer step of retroviral DNA integration in the host cell. The strand transfer step is essential in the HIV replication cycle and results in the inhibition of viral activity. Dolutegravir has a mean EC50 value of 0.5 nM (0.21 ng/mL) to 2.1 nM (0.85 ng/mL) in peripheral blood"
77,etravirine,"Etravirine is an antiretroviral agent more specifically classified as a Non-Nucleoside Reverse Transcriptase Inhibitor (NNRTI). Etraverine is used clinically for the treatment of human immunodeficiency virus type 1 (HIV-1) infection. On January 18, 2007, the FDA granted accelerated approved for the use of etravirine 100mg tablets in the treatment of adult HIV-1 infection documented to be resistant to therapy with other NNRTIs and antiretroviral agents. On March 26, 2012, approval was extended for use in treatment-experienced pediatric patients 6 to 18 years of age, weighing at least 16 kg. Etravarine must always be used in combination with other antiretroviral drugs. 

Etravirine exerts its effects via direct inhibition of the reverse transcriptase enzyme of human immunodeficiency virus  Etravirine exerts its effects via direct inhibition of the reverse transcriptase enzyme of human immunodeficiency virus type 1 (HIV-1).  It directly binds reverse transcriptase and consequently blocks DNA-dependent and RNA-dependent polymerase activity. Etravirine does not inhibit human DNA polymerase alpha, beta or gamma."
78,rifaximin,"Rifaximin is a semisynthetic, rifamycin-based non-systemic antibiotic, meaning that the drug will not pass the gastrointestinal wall into the circulation as is common for other types of orally administered antibiotics. It has multiple indications and is used in treatment of traveller's diarrhea caused by E. coli; reduction in risk of overt hepatic encephalopathy recurrence; as well as diarrhea-predominant irritable bowel syndrome (IBS-D) in adult women and men. It is marketed under the brand name Xifaxan by Salix Pharmaceuticals. Rifaximin acts by inhibiting RNA synthesis in susceptible bacteria by binding to the beta-subunit of bacterial deoxyribonucleic acid (DNA)-dependent ribonucleic acid (RNA) polymerase enzyme. This binding blocks translocation, which stops transcription."
79,cetirizine,"Cetirizine, also commonly known as _Zyrtec_, is an orally active second-generation histamine H1 antagonist proven effective in the treatment of various allergic symptoms, such as sneezing, coughing, nasal congestion, hives, and other symptoms [A175051], [A175054]. 

One of the most common uses for this drug is for a condition called _allergic rhinitis_. The prevalence of allergic rhinitis in the United States is about 15% according to physician diagnoses, and up to 30%, according to self-reported nasal symptoms. Allergic rhinitis is associated with multiple missed or unproductive days at work and school, problems with sleep, and other difficulties with day to day activities for many individuals [A175057]. Furthermore, some antihistamine agents that are used to treat this condition cause  Cetirizine, a metabolite of _hydroxyzine_, is an antihistamine drug.  Its main effects are achieved through selective inhibition of peripheral H1 receptors. The antihistamine activity of cetirizine has been shown in a variety of animal and human models. _In vivo_ and _ex vivo_ animal models have shown insignificant anticholinergic and antiserotonergic effects. In clinical studies, however, dry mou"
80,flecainide,"Flecainide is a Class I anti-arrhythmic agent like [encainide] and [propafenone].[A186880] Flecainide’s development began in 1966 and was first synthesized in 1972 as an attempt to generate new anesthetics.[A186931] It is used to prevent supraventricular and ventricular arrhythmias, as well as paroxysmal atrial fibrillation and flutter.[L8878,L5056]

Flecainide was granted FDA approval on 31 October 1985.[L8875] Flecainide blocks fast inward sodium channels and slowly unbinds during diastole, prolonging the refractory period of the heart.[A186931] This blockade also shortens the duration of action potentials through the Purkinjie fibers.[A186931] Flecainide also prevents delayed rectifier potassium channels from opening, lengthening the action potential through ventricular and atrial muscle fibers.[A18693"
81,nitazoxanide,"Nitazoxanide belongs to the class of drugs known as _thiazolides_.  Nitazoxanide (NTZ) is a broad-spectrum anti-infective drug that markedly modulates the survival, growth, and proliferation of a range of extracellular and intracellular protozoa, helminths, anaerobic and microaerophilic bacteria, in addition to viruses. This drug is effective in the treatment of gastrointestinal infections including Cryptosporidium parvum or Giardia lamblia in healthy subjects. It is generally well tolerated. Nitazoxanide is a first-line, standard treatment for illness caused by C. parvum or G. lamblia infection in healthy (not immunosuppressed) adults and children and may also be considered in the treatment of illnesses caused by other protozoa or helminths [A31976].  Recently, this drug has been studied  The most widely accepted mechanism of NTZ is believed to be the disruption of the energy metabolism in anaerobic microbes by inhibition of the pyruvate: ferredoxin/flavodoxin oxidoreductase (PFOR) cycle [A31981]. In parasitic-protozoa, Nitazoxanide also induces lesions in the cell membranes and depolarizes the mitochondrial membrane while inhibiting quinone oxidoreductase NQO1, nitroreductase-1 an"
82,cabergoline,"Cabergoline, an ergot derivative, is a long-acting dopamine agonist and prolactin inhibitor. It is used to treat hyperprolactinemic disorders and Parkinsonian Syndrome. Cabergoline possesses potent agonist activity on dopamine D2 receptors. The dopamine D<sub>2</sub> receptor is a 7-transmembrane G-protein coupled receptor associated with G<sub>i</sub> proteins. In lactotrophs, stimulation of dopamine D<sub>2</sub> causes inhibition of adenylyl cyclase, which decreases intracellular cAMP concentrations and blocks IP3-dependent release of Ca<sup>2+</sup> from intracellular stores. Decreases in intracellular calcium levels may also be "
83,almotriptan,"Almotriptan is a triptan drug for the treatment of migraine headaches. Almotriptan is in a class of medications called selective serotonin receptor agonists. It works by narrowing blood vessels in the brain, stopping pain signals from being sent to the brain, and stopping the release of certain natural substances that cause pain, nausea, and other symptoms of migraine. Almotriptan does not prevent migraine attacks. Almotriptan binds with high affinity to human 5-HT<sub>1B</sub> and 5-HT<sub>1D</sub> receptors leading to cranial blood vessel constriction."
84,armodafinil,"Armodafinil is the enantiopure of the wakefulness-promoting agent modafinil (Provigil), and is indicated to improve wakefulness in adult patients with excessive sleepiness associated with obstructive sleep apnea (OSA), narcolepsy, or shift work disorder (SWD). Research has shown that armodafinil significantly improves driving simulator performance in patients with SWD. Armodafinil consists of the (−)-R-enantiomer of the racemic modafinil. Armodafinil is produced by the pharmaceutical company Cephalon Inc. (a wholly owned subsidiary of Teva Pharmaceutical Industries Ltd.) and was approved by the U.S. Food and Drug Administration (FDA) in June 2007. Nuvigil (armodafinil) is a single-isomer of modafini. The exact mechanism of action is unknown. Armodafinil belongs to a class of drugs known as eugeroics, which are stimulants that provide long-lasting mental arousal. Pharmacologically, armodafinil does not bind to or inhibit several receptors and enzymes potentially relevant for sleep/wake regulation. Armodafinil is not a direct- or indirect-act"
85,agomelatine,"Agomelatine is structurally closely related to melatonin. Agomelatine is a potent agonist at melatonin receptors and an antagonist at serotonin-2C (5-HT2C) receptors, tested in an animal model of depression. Agomelatine was developed in Europe by Servier Laboratories Ltd. and submitted to the European Medicines Agency (EMA) in 2005. The Committee for Medical Products for Human Use (CHMP) recommended refusal of marketing authorization on 27 July 2006. The major concern was that efficacy had not been sufficiently shown. In 2006 Servier sold the rights to develop Agomelatine in the US to Novartis.

The development for the US market was discontinued in October 2011. It is currently sold in Australia under the Valdoxan trade name. The novel antidepressant agent, agomelatine, behaves as an agonist at melatonin receptors (MT1 and MT2) and as an antagonist at serotonin (5-HT)(2C) receptors."
86,levobupivacaine,"Levobupivacaine is an amino-amide local anaesthetic drug belonging to the family of n-alkylsubstituted
pipecoloxylidide. It is the S-enantiomer of bupivacaine. Levobupivacaine hydrochloride is commonly marketed by AstraZeneca under the trade name Chirocaine. In particular, the specific levobupivacaine enantiomer is a worthwhile pursuit because it demonstrates less vasodilation and possesses a greater length of action in comparison to bupivacaine. It is approximately 13 per cent less potent (by molarity) than racemic bupivacaine.Levobupivacaine is indicated for local anaesthesia including infiltration, nerve block, ophthalmic, epidural and intrathecal anaesthesia in adults; and infiltration analgesia in children. When administered appropriately, the occurrence of adverse effects is not ant Local anesthetics such as Levobupivacaine block the generation and the conduction of nerve impulses, presumably by increasing the threshold for electrical excitation in the nerve, by slowing the propagation of the nerve impulse, and by reducing the rate of rise of the action potential. In general, the progression of anesthesia is related to the diameter, myelination and conduction velocity of affe"
87,toremifene,"Toremifene is a selective estrogen receptor modulator (SERM) and a nonsteroidal antiestrogen used to treat estrogen receptor positive breast cancer.[A256923] Like [tamoxifen], toremifene is part of the first-generation triphenylethylene derivative chemical class of SERMs.[A256928]

Toremifene possesses tissue-specific actions: it has estrogenic (agonist) activity on the cardiovascular system and on bone tissue and it has weak estrogenic effects on uterine tissue, however, it also has antiestrogenic (estrogen-antagonist) activity on breast tissue.[A256923] Toremifene is a nonsteroidal triphenylethylene derivative. Toremifene binds to estrogen receptors and may exert estrogenic, antiestrogenic, or both activities, depending upon the duration of treatment, animal species, gender, target organ, or endpoint selected. The antitumor effect of toremifene in breast cancer is believed to be mainly due to its antiestrogenic effects, in other words, its abilit"
88,famciclovir,"Famciclovir, marketed as Famvir by Novartis, is a guanine analogue used to treat herpes virus infections. It is most commonly used to treat herpes zoster (shingles). Famciclovir is a prodrug of penciclovir with higher oral bioavailability. Famciclovir undergoes rapid biotransformation to the active antiviral compound penciclovir, which has inhibitory activity against herpes simplex virus types 1 (HSV-1) and 2 (HSV-2) and varicella zoster virus (VZV). In cells infected with HSV-1, HSV-2 or VZV, viral thymidine kinase phosphorylates penciclovir to a monophosphate form that, in turn, is converted to penciclovir triphosphate by cellular"
89,entacapone,"Entacapone is a selective, reversible catechol-O-methyl transferase (COMT) inhibitor for the treatment of Parkinson's disease. It is a member of the class of nitrocatechols. When administered concomittantly with levodopa and a decarboxylase inhibitor (e.g., carbidopa), increased and more sustained plasma levodopa concentrations are reached as compared to the administration of levodopa and a decarboxylase inhibitor. The mechanism of action of entacapone is believed to be through its ability to inhibit COMT in peripheral tissues, altering the plasma pharmacokinetics of levodopa. When entacapone is given in conjunction with levodopa and an aromatic amino acid decarboxylase inhibitor, such as carbidopa, plasma levels of levodopa are greater and more sustained than after administration of levodopa and an aromatic"
90,vorapaxar,"Vorapaxar is a tricyclic himbacine-derived selective inhibitor of protease activated receptor (PAR-1) indicated for reducing the incidence of thrombotic cardiovascular events in patients with a history of myocardial infarction (MI) or with peripheral arterial disease (PAD). By inhibiting PAR-1, a thrombin receptor expressed on platelets, vorapaxar prevents thrombin-related platelet aggregation. Vorapaxar inhibits platelet aggregation through the reversible antagonism of protease-activated receptor 1 (PAR-1), also known as thrombin receptor. PARs are a family of G-protein coupled receptors highly expressed on platelets and activated by serine protease activity of thrombin to mediate thrombotic response. By blocking PAR-1 activating, vorapaxar inhibits thrombin-induced platelet aggregation"
91,ketorolac,"Ketorolac is a Non-steroidal anti-inflammatory drug (NSAID) and is commercially available as an oral tablet, injectable, nasal spray and as an ophthalmic solution.[L6358][L6508][L11055][L3674][L11070] 

It's analgesic properties make it a useful pain management tool across many settings including postoperative pain, rheumatoid arthritis, osteoarthritis, menstrual disorders, headaches, spinal and soft tissue pain, and ankylosing spondylitis.[L6520] Impressively, ketorolac has a similar efficacy to standard doses of morphine and meperidine making it a useful opioid sparing agent.[L6511] Ketorolac inhibits key pathways in prostaglandin synthesis which is crucial to it's mechanism of action.[A176143]  Although ketorolac is non-selective and inhibits both COX-1 and COX-2 enzymes, it's clinical efficacy is derived from it's COX-2 inhibition. The COX-2 enzyme is inducible and is responsible for converting arachidonic acid to prostaglandins that mediate inflammation and pain.  By block"
92,repaglinide,"Repaglinide is an oral antihyperglycemic agent used for the treatment of non-insulin-dependent diabetes mellitus (NIDDM). It belongs to the meglitinide class of short-acting insulin secretagogues, which act by binding to β cells of the pancreas to stimulate insulin release. Repaglinide induces an early insulin response to meals decreasing postprandial blood glucose levels. It should only be taken with meals and meal-time doses should be skipped with any skipped meal. Approximately one month of therapy is required before a decrease in fasting blood glucose is seen. Meglitnides may have a neutral effect on weight or cause a slight increase in weight. The average weight gain caused by meglitinides appears to be lower than that caused by sulfonylureas and insulin and appears to occur only in t Repaglinide activity is dependent on the presence functioning &beta; cells and glucose. In contrast to sulfonylurea insulin secretatogogues, repaglinide has no effect on insulin release in the absence of glucose. Rather, it potentiates the effect of extracellular glucose on ATP-sensitive potassium channel and has little effect on insulin levels between meals and overnight. As such, repaglinide is "
93,saquinavir,"Saquinavir is an HIV-1 protease inhibitor used in combination with [ritonavir] and other antiretrovirals for the treatment of human immunodeficiency virus-1 (HIV-1) infection. In 1995 it became the first protease inhibitor approved by the FDA, followed shortly by ritonavir in 1996, and remains in clinical use today due to a relatively benign adverse effect profile as compared to other antiretroviral therapies.[A214382] While its efficacy was initially limited by exceptionally poor oral bioavailability (approximately 4%),[L3450] its current indications require the co-administration of ritonavir - a potent enzyme inhibitor - that increases the bioavailability and subsequent serum concentrations of saquinavir, thus dramatically improving antiviral activity.[A214382,L3450,L14351] The HIV lifecycle is comprised of 3 distinct stages: assembly, involving creation and packaging of essential viral components; budding, wherein the viral particle crosses the host cell plasma membrane and forms a lipid envelope; and maturation, wherein the viral particle alters its structure and becomes infectious.[A191712] At the center of this lifecycle is the Gag polyprotein which, along with t"
94,phenytoin,"Phenytoin is classified as a hydantoin derivative and despite its narrow therapeutic index, it is one of the most commonly used anticonvulsants.[A33595,A188832,A189219] Since it's introduction about 80 years ago, phenytoin has not only been established as an effective anti-epileptic, but has also been investigated for several other indications such as bipolar disorder, retina protection, and wound healing.[A188826,A188832]

Clinicians are advised to initiate therapeutic drug monitoring in patients who require phenytoin since even small deviations from the recommended therapeutic range can lead to suboptimal treatment, or adverse effects.[A189219,A35884] Both parenteral and oral formulations of phenytoin are available on the market.[A189219] Although phenytoin first appeared in the literature in 1946, it has taken decades for the mechanism of action to be more specifically elucidated.[A188826] Although several scientists were convinced that phenytoin altered sodium permeability, it wasn’t until the 1980’s that this phenomenon was linked to voltage-gated sodium channels.[A188826] 

Phenytoin is often described as a non-specific sodiu"
95,reboxetine,"Reboxetine is an antidepressant drug used in the treatment of clinical depression, panic disorder and ADD/ADHD. Its mesylate (i.e. methanesulfonate) salt is sold under tradenames including Edronax, Norebox, Prolift, Solvex, Davedax or Vestra. Reboxetine has two chiral centers, but it only exists as two enantiomers, (R,R)-(-)- and (S,S)-(+)-reboxetine. Reboxetine is a selective inhibitor of noradrenaline reuptake. It inhibits noradrenaline reuptake <i>in vitro</i> to a similar extent to the tricyclic antidepressant desmethylimipramine. Reboxetine does not affect dopamine or serotonin reuptake and it has low <i>in vivo</i> and <i>in vitro</i> affinity for adrenergic, cholinergic, histaminergic, dopaminergic and serotonergic receptors."
96,porfimer sodium,"The purified component of hematoporphyrin derivative, it consists of a mixture of oligomeric porphyrins. It is used in photodynamic therapy (hematoporphyrin photoradiation); to treat malignant lesions with visible light and experimentally as an antiviral agent. It is the first drug to be approved in the use of photodynamic therapy in the United States. Cellular damage caused by porfimer is a consequence of the propagation of radical reactions. Radical initiation may occur after porfimer absorbs light to form a porphyrin excited state. Spin transfer from porfimer to molecular oxygen may then generate singlet oxygen. Subsequent radical reactions can form superoxide and hydroxyl radicals. Tumor death also occurs through ischemic necrosis secondary "
97,solifenacin,"Solifenacin is a competitive muscarinic receptor antagonist indicated to treat an overactive bladder with urinary incontinence, urgency, and frequency.[L7511] It has a long duration of action as it is usually taken once daily.[L7511]

Solifenacin was granted FDA approval on 19 November 2004.[L7511] Solifenacin is a competitive muscarinic receptor antagonist.[L7511] It has the highest affinity for M3, M1, and M2 muscarinic receptors.[A181247] 80% of the muscarinic receptors in the bladder are M2, while 20% are M3.[A181262] Solifenacin's antagonism of the M3 receptor prevents contraction of the detrusor muscle, while antagonism of the M2 receptor may prevent contraction of smooth muscle in the"
98,oxybutynin,"Overactive bladder (OAB) is a common condition negatively impacting the lives of millions of patients worldwide.  Due to its urinary symptoms that include nocturia, urgency, and frequency, this condition causes social embarrassment and a poor quality of life.[A185996,A185999] 

Oxybutynin, also marketed as Ditropan XL, is an anticholinergic medication used for the relief of overactive bladder symptoms that has been optimized for high levels of safety and efficacy since initial FDA approval in 1975.[A183782,L8648] This drug relieves undesirable urinary symptoms, increasing the quality of life for patients affected by OAB.  It is often used as first-line therapy for OAB.[A185990] Oxybutynin acts to relax the bladder by inhibiting the muscarinic action of acetylcholine on smooth muscle, and not skeletal muscle.[L8648]
The active of oxybutynin is metabolite is N-desethyloxybutynin. It competitively inhibits the postganglionic type 1, 2 and 3 muscarinic receptors. The above actions lead to increased urine capacity in the bladder, decreasing urinary urgency and frequency.  In"
99,amiloride,"A pyrazine compound inhibiting sodium reabsorption through sodium channels in renal epithelial cells. This inhibition creates a negative potential in the luminal membranes of principal cells, located in the distal convoluted tubule and collecting duct. Negative potential reduces secretion of potassium and hydrogen ions. Amiloride is used in conjunction with diuretics to spare potassium loss. (From Gilman et al., Goodman and Gilman's The Pharmacological Basis of Therapeutics, 9th ed, p705) Amiloride works by inhibiting sodium reabsorption in the distal convoluted tubules and collecting ducts in the kidneys by binding to the amiloride-sensitive sodium channels. This promotes the loss of sodium and water from the body, but without depleting potassium. Amiloride exerts its potassium sparing effect through the inhibition of sodium reabsorption at the distal convoluted tubule, cortical c"
100,acetylcysteine,"Acetylcysteine is an antioxidant and glutathione inducer indicated for mucolytic therapy and the treatment of [acetaminophen] overdose.[L31378,L31383,L31388,L31478] Acetylcysteine has also been studied for a wide variety of off-label indications with mixed results.[A228158,A228163,A228168]

Acetylcysteine was granted FDA approval on 14 September 1963.[L31488] A number of possible mechanisms for the mucolytic activity of acetylcysteine have been proposed. Acetylcysteine's sulfhydryl groups may hydrolize disulfide bonds within mucin, breaking down the oligomers, and making the mucin less viscous.[A228173,L31388] Acetylcysteine has also been shown to reduce mucin secretion in rat models.[A228173] It is an antioxidant in its own right but is also deacetyla"
101,moxifloxacin,"Moxifloxacin is a synthetic fluoroquinolone antibiotic agent. Bayer AG developed the drug (initially called BAY 12-8039) and it is marketed worldwide (as the hydrochloride) under the brand name Avelox (in some countries also Avalox) for oral treatment. The bactericidal action of moxifloxacin results from inhibition of the enzymes topoisomerase II (DNA gyrase) and topoisomerase IV. DNA gyrase is an essential enzyme that is involved in the replication, transcription and repair of bacterial DNA. Topoisomerase IV is an enzyme known to play a key role in the partitioning of the chromosomal DNA during bacterial cell division."
102,telaprevir,"Telaprevir is a direct acting antiviral medication used as part of combination therapy to treat chronic Hepatitis C, an infectious liver disease caused by infection with Hepatitis C Virus (HCV). HCV is a single-stranded RNA virus that is categorized into nine distinct genotypes, with genotype 1 being the most common in the United States, and affecting 72% of all chronic HCV patients [L852]. Treatment options for chronic Hepatitis C have advanced significantly since 2011, with the development of Direct Acting Antivirals (DAAs) such as Telaprevir. Telaprevir is an inhibitor of NS3/4A, a serine protease enzyme, encoded by HCV genotype 1 [FDA Label]. These enzymes are essential for viral replication and serve to cleave the virally encoded polyprotein into mature proteins like NS4A, NS4B, NS5A  Telaprevir is a NS3/4a protease inhibitor used to inhibit viral HCV replication [FDA Label]. NS3/4a protease is an integral part of viral replication and mediates the cleavage the virally encoded polyprotein to mature proteins (NS4A, NS4B, NS5A and NS5B) [FDA Label]. Telaprevir inhibits NS3/4A with an IC50 of 10nM."
103,aripiprazole,"Aripiprazole is an atypical antipsychotic orally indicated for the treatment of schizophrenia, bipolar I, major depressive disorder, irritability associated with autism, and Tourette's.[L45859] It is also indicated as an injection for agitation associated with schizophrenia or bipolar mania.[L45859] Aripiprazole exerts its effects through agonism of dopaminergic and 5-HT1A receptors and antagonism of alpha-adrenergic and 5-HT2A receptors.[L45859,A4393] Aripiprazole was given FDA approval on November 15, 2002.[L6136] The antipsychotic action of aripiprazole is likely due to its partial agonist activity on D2 and 5-HT<sub>1A</sub> receptors as well as its antagonist activity at 5-HT<sub>2A</sub> receptors; however, the exact mechanism has not been fully elucidated.[A4393,L45859,L4620] One of the mechanisms that have been proposed is that aripiprazole both stimulates and inhibits dopamine as it engages the D2 re"
104,iodine ioflupane (123I),"Ioflupane (I-123) is a radiopharmaceutical used to image dopamine neurons and diagnose Parkinsonian syndromes. Iodine-123 labeled ioflupane binds to presynaptic dopamine transporters. When Iodine-123 decays, a gammay ray is emmitted and detected through SPECT."
105,tolcapone,"Tolcapone is a drug that inhibits the enzyme catechol-O-methyl transferase (COMT). It is used in the treatment of Parkinson's disease as an adjunct to levodopa/carbidopa medication. It is a yellow, odorless, non-hygroscopic, crystalline compound. Tolcapone is associated with a risk of hepatotoxicity. The precise mechanism of action of tolcapone is unknown, but it is believed to be related to its ability to inhibit COMT and alter the plasma pharmacokinetics of levodopa, resulting in an increase in plasma levodopa concentrations. The inhibition of COMT also causes a reduction in circulating 3-OMD as a result of decreased peripheral metabolism of levodopa. This may lead to an increase distributio"
106,chlortalidone,"Chlorthalidone is a thiazide-like diuretic used for the treatment of hypertension and for management of edema caused by conditions such as heart failure or renal impairment. Chlorthalidone improves blood pressure and swelling by preventing water absorption from the kidneys through inhibition of the Na+/Cl− symporter in the distal convoluted tubule cells in the kidney. The exact mechanism of chlorthalidone's anti-hypertensive effect is under debate, however, it is thought that increased diuresis results in decreased plasma and extracellular fluid volume, decreased cardiac output and therefore overall reduction in blood pressure.[A176324]

Chlorthalidone is considered first-line therapy for management of uncomplicated hypertension as there is strong evidence from meta-analyses that thiazid Chlorthalidone prevents reabsorption of sodium and chloride through inhibition of the Na+/Cl- symporter in the cortical diluting segment of the ascending limb of the loop of Henle.[A16730] Reduction of sodium reabsorption subsequently reduces extracellular fluid and plasma volume via an osmotic, sodium-driven diuresis. By increasing the delivery of sodium to the distal renal tubule, Chlorthalidone"
107,imatinib,"Imatinib is a small molecule kinase inhibitor that revolutionized the treatment of cancer, particularly chronic myeloid leukemia, in 2001.[A249305] It was deemed a ""miracle drug"" due to its clinical success, as oncologist Dr. Brian noted that ""complete hematologic responses were observed in 53 of 54 patients with CML treated with a daily dosage of 300 mg or more and typically occurred in the first four weeks of therapy"".[A249315]. The discovery of imatinib also established a new group of therapy called ""targeted therapy"", since treatment can be tailored specifically to the unique cancer genetics of each patient.[L42220] 

Imatinib was approved on February 1st ,2001 by the FDA and November 7th, 2001 by the EMA; however, its European approval has been withdrawn in October 2023.[A263036,L49 Imatinib mesylate is a protein-tyrosine kinase inhibitor that inhibits the BCR-ABL tyrosine kinase, the constitutively active tyrosine kinase created by the Philadelphia chromosome abnormality in CML.[L42080]Although the function of normal BCR is still unclear, ABL activation is overexpressed in various tumors and is heavily implicated in cancer cells growth and survival.[A249305,A249310] Imatinib"
108,trandolapril,"Trandolapril is a non-sulhydryl prodrug that belongs to the angiotensin-converting enzyme (ACE) inhibitor class of medications. It is metabolized to its biologically active diacid form, trandolaprilat, in the liver. Trandolaprilat inhibits ACE, the enzyme responsible for the conversion of angiotensin I (ATI) to angiotensin II (ATII). ATII regulates blood pressure and is a key component of the renin-angiotensin-aldosterone system (RAAS). Trandolapril may be used to treat mild to moderate hypertension, to improve survival following myocardial infarction in clinically stable patients with left ventricular dysfunction, as an adjunct treatment for congestive heart failure, and to slow the rate of progression of renal disease in hypertensive individuals with diabetes mellitus and microalbuminuri There are two isoforms of ACE: the somatic isoform, which exists as a glycoprotein comprised of a single polypeptide chain of 1277; and the testicular isoform, which has a lower molecular mass and is thought to play a role in sperm maturation and binding of sperm to the oviduct epithelium. Somatic ACE has two functionally active domains, N and C, which arise from tandem gene duplication. Although "
109,erythropoietin,"Erythropoietin (EPO) is a growth factor produced in the kidneys that stimulates the production of red blood cells. It works by promoting the division and differentiation of committed erythroid progenitors in the bone marrow [FDA Label]. Epoetin alfa (Epoge) was developed by Amgen Inc. in 1983 as the first rhEPO commercialized in the United States, followed by other alfa and beta formulations. Epoetin alfa is a 165-amino acid erythropoiesis-stimulating glycoprotein produced in cell culture using recombinant DNA technology and is used for the treatment of patients with anemia associated with various clinical conditions, such as chronic renal failure, antiviral drug therapy, chemotherapy, or a high risk for perioperative blood loss from surgical procedures [FDA Label]. It has a molecular weig Erythropoietin or exogenous epoetin alfa binds to the erythropoietin receptor (EPO-R) and activates intracellular signal transduction pathways [A33079]. The affinity (Kd) of EPO for its receptor on human cells is ∼100 to 200 pM [A33080]. Upon binding to EPO-R on the surface of erythroid progenitor cells, a conformational change is induced which brings EPO-R-associated Janus family tyrosine protein"
110,arsenic trioxide,"Arsenic trioxide is a chemotherapeutic agent of idiopathic function used to treat leukemia that is unresponsive to first line agents. It is suspected that arsenic trisulfide induces cancer cells to undergo apoptosis. In general, arsenic is known to be a naturally toxic substance capable of eliciting a variety of dangerous adverse effects. The enzyme thioredoxin reductase has recently been identified as a target for arsenic trioxide. The mechanism of action of Arsenic Trioxide is not completely understood. Arsenic trioxide causes morphological changes and DNA fragmentation characteristic of apoptosis in NB4 human promyelocytic leukemia cells <i>in vitro</i>. Arsenic trioxide also causes damage or degradation of the fusion protein PML/RAR-alpha. It is suspected that arsenic trioxide induces cancer cells to undergo apoptosis."
111,sparfloxacin,"Sparfloxacin is a fluoroquinolone antibiotic indicated for bacterial infections. Sparfloxacin exerts its antibacterial activity by inhibiting DNA gyrase, a bacterial topoisomerase. DNA gyrase is an essential enzyme which controls DNA topology and assists in DNA replication, repair, deactivation, and transcription. The bactericidal action of sparfloxacin results from inhibition of the enzymes topoisomerase II (DNA gyrase) and topoisomerase IV, which are required for bacterial DNA replication, transcription, repair, and recombination."
112,avanafil,"Avanafil is a phosphodiesterase-5 (PDE5) inhibitor used in the treatment of erectile dysfunction. In comparison with other drugs of the same class, it shows greater selectivity for PDE5 over PDE6 than both [sildenafil] and [vardenafil] but less selectivity than [tadalafil], suggesting a relatively lower risk of visual disturbances associated with off-target PDE6 inhibition.[L32113]

It first received FDA approval on April 27, 2012,[L32058] with subsequent EMA approval in June 2013.[L32113] Avanafil inhibits the cGMP-specific phosphodiesterase type 5 (PDE5) which is responsible for the degradation of cGMP in the corpus cavernosum located around the penis. Sexual arousal results in the local release of nitric oxide, which in turn stimulates the enzyme guanylate cyclase to produce cGMP. Elevated levels of cGMP result in local smooth muscle relaxation and increased blood flow to the pen"
113,bosentan,"Bosentan is a dual endothelin receptor antagonist marketed under the trade name Tracleer by Actelion Pharmaceuticals. Bosentan is used to treat pulmonary hypertension by blocking the action of endothelin molecules that would otherwise promote narrowing of the blood vessels and lead to high blood pressure. Endothelin-1 (ET-1) is a neurohormone, the effects of which are mediated by binding to ET<sub>A</sub> and ET<sub>B</sub> receptors in the endothelium and vascular smooth muscle. It displays a slightly higher affinity towards ET<sub>A</sub> receptors than ET<sub>B</sub> receptors. ET-1 concentrations are elevated in plasma and lung tissue of patients with pulmonary arterial hypertension, suggesting"
114,eliglustat,"Eliglustat is a glucosylceramide synthase inhibitor used for the long-term treatment of type 1 Gaucher disease.[A3752,L41404] Gaucher disease is a rare genetic disorder characterized by the deficiency of acid β-glucosidase, an enzyme that converts glucosylceramide into glucose and ceramide. In patients with Gaucher disease, the accumulation of glucosylceramide leads to the formation of Gaucher cells that infiltrate the liver, spleen, bone marrow and other organs. This leads to complications such as anemia and thrombocytopenia.[L41404,A246384] By inhibiting glucosylceramide synthase, eliglustat reduces the accumulation of glucosylceramide.[L41404]

Eliglustat is mainly metabolized by CYP2D6.[L41404] Patients selected for eliglustat treatment undergo an FDA-cleared genotyping test to estab Eliglustat is a glucosylceramide synthase inhibitor used for the treatment of type 1 Gaucher disease.[L41404] Gaucher disease is a rare genetic disorder characterized by the deficiency of acid β-glucosidase, an enzyme that converts glucosylceramide (also known as glucocerebroside) into glucose and ceramide. In patients with Gaucher disease, glucosylceramide is accumulated in the lysosomes of macro"
115,oritavancin,"Oritavancin is a glycopeptide antibiotic used for the treatment of skin infections. It was developed by The Medicines Company (acquired by Novartis).[L12858] Oritavancin was initially approved by the FDA in 2014 and formulated to combat susceptible gram-positive bacteria that cause skin and skin structure infections. It boasts the option of single-dose administration and has been proven as non-inferior to a full course of [vancomycin] therapy.[A39384,A193482,L8492]

On March 12, 2021 the FDA approved Kimyrsa, a complete course of therapy in a single, 1 hour 1200 mg infusion.[L32634] Orbactiv, the other FDA approved oritavancin product, is administered over a 3 hour infusion and contains a lower dose of 400 mg. Marketed by Melinta Therapeutics, Kimyrsa offers effective and time-efficient  The cell wall is vital for the survival and replication of bacteria, making it a primary target for antibiotic therapy.[A193428] Oritavancin works against susceptible gram-positive organisms via three separate mechanisms. Firstly, it binds to the stem peptide of peptidoglycan precursors, inhibiting transglycosylation (polymerization). This process normally occurs during cell wall synthesis. Second"
116,acebutolol,"A cardioselective beta-adrenergic antagonist with little effect on the bronchial receptors. The drug has stabilizing and quinidine-like effects on cardiac rhythm as well as weak inherent sympathomimetic action. Acebutolol is a selective &beta;1-receptor antagonist. Activation of &beta;1-receptors by epinephrine increases the heart rate and the blood pressure, and the heart consumes more oxygen. Acebutolol blocks these receptors, lowering the heart rate and blood pressure. This drug then has the reverse effect of epinephrine. In addition, beta blockers prevent the release of renin, which is a hormone prod"
117,pomalidomide,"Pomalidomide, an analogue of thalidomide, is an immunomodulatory antineoplastic agent. FDA approved on February 8, 2013. Promalidomide is an immunomodulatory agent with antineoplastic activity. It is shown to inhibit the proliferation and induce apoptosis of various tumour cells. Furthermore, promalidomide enhances T cell and natural killer (NK) cell-mediated immunity and inhibited the production of pro-inflammatory cytokines, like TNF-alpha or IL-6, by monocytes. The primary target of promalidomide is thought to be"
118,torasemide,"Torasemide is a high-ceiling loop diuretic.[A174463] Structurally, it is a pyridine-sulfonylurea used as an antihypertensive agent.[A319] Torasemide was first approved for clinical use by the FDA in 1993.[L5257] As mentioned above, torasemide is part of the loop diuretics and thus, it acts by reducing the oxygen demand in the medullary thick ascending loop of Henle by inhibiting the Na+/K+/Cl- pump on the luminal cell membrane surface.[A174466] This action is obtained by the binding of torasemide to a chloride ion-binding site of the transport molecule.[L5257]

Torasemide is known to have an effect in t"
119,teriflunomide,"Teriflunomide is the active metabolite of leflunomide, and it acts as an immunomodulatory agent by inhibiting pyrimidine synthesis. It is marketed under the name Aubagio® and is indicated for the treatment of multiple sclerosis, specifically relapsing forms. The FDA label states an important warning about the risk of hepatoxicity and teratogenicity for patients using teriflunomide. The exact mechanism by which teriflunomide acts in MS is not known. What is known is that teriflunomide prevents pyrimidine synthesis by inhibiting the mitochondrial enzyme dihydroorotate dehydrogenase, and this may be involved in its immunomodulatory effect in MS."
120,cladribine,"Cladribine is a purine analogue or a chlorinated derivative of adenine [A263733] that causes apoptosis of B and T lymphocytes.[A350] Cladribine was first approved in the United States in 1993 [A263713] initially as a treatment for a number of hematological malignancies; currently, it is approved for the treatment of hairy cell leukemia.[A263733] In 2017 in Europe and in 2019 in the United States, cladribine was also approved for the treatment multiple sclerosis.[A263718] Heightened activity of B and T lymphocytes have been implicated in the pathophysiology of hematological malignancies and MS.[A350, A263723, A263728] Cladribine is a purine nucleoside analog that closely resembles the molecular structure of deoxyadenosine.[A350] Upon uptake by dividing and nondividing lymphocytes via nucleoside transporter proteins,[A263728] cladribine is converted intracellularly "
121,corticotropin,"Corticotropin (ACTH or adrenocorticotropic hormone) is a polypeptide hormone produced and secreted by the pituitary gland. It is an important player in the hypothalamic-pituitary-adrenal axis. As a diagnostic aid (adrenocortical function), corticotropin combines with a specific receptor on the adrenal cell plasma membrane. In patients with normal adrenocortical function, it stimulates the initial reaction involved in the synthesis of adrenal steroids (including cortisol, cortisone, weak androgenic substances, and a limited quantity of aldosterone) from cholesterol by increasing the quan"
122,tinidazole,"A nitroimidazole antitrichomonal agent effective against _Trichomonas vaginalis_, _Entamoeba histolytica_, and _Giardia lamblia_ infections. Tinidazole is a prodrug and antiprotozoal agent. The nitro group of tinidazole is reduced in <i>Trichomonas</i> by a ferredoxin-mediated electron transport system. The free nitro radical generated as a result of this reduction is believed to be responsible for the antiprotozoal activity. It is suggested that the toxic free radicals covalently bind to DNA, causing DNA damage and leading to cell dea"
123,tacrolimus,"Tacrolimus (also FK-506 or Fujimycin) is an immunosuppressive drug whose main use is after organ transplant to reduce the activity of the patient's immune system and so the risk of organ rejection. It is also used in a topical preparation in the treatment of severe atopic dermatitis, severe refractory uveitis after bone marrow transplants, and the skin condition vitiligo. It was discovered in 1984 from the fermentation broth of a Japanese soil sample that contained the bacteria Streptomyces tsukubaensis. Tacrolimus is chemically known as a macrolide. It reduces peptidyl-prolyl isomerase activity by binding to the immunophilin FKBP-12 (FK506 binding protein) creating a new complex. This FKBP12-FK506 complex inhibits calcineurin which inhibits T-lymphocyte signal transduction and IL-2 transc The mechanism of action of tacrolimus in atopic dermatitis is not known. While the following have been observed, the clinical significance of these observations in atopic dermatitis is not known. It has been demonstrated that tacrolimus inhibits T-lymphocyte activation by first binding to an intracellular protein, FKBP-12. A complex of tacrolimus-FKBP-12, calcium, calmodulin, and calcineurin is th"
124,colesevelam,Colesevelam is a bile acid sequestrant. Colesevelam is used with exercise and diet changes (restriction of cholesterol and fat intake) to reduce the amount of cholesterol and certain fatty substances in the blood. It works by binding bile acids in the intestine. Bile acids are made when cholesterol is broken down in the body. Removing these bile acids helps to lower blood cholesterol. Colesevelam binds bile acids in the intestine and prevents their reabsorption. Colesevelam is not absorbed itself. The depletion of bile acid causes the upregulation of cholesterol 7-alpha-hydroxylase and conversion of cholesterol to bile acid. this increases the production and activity of hydroxymethyl-glutaryl-coenzyme A (HMG-CoA) reductase in the liver as well as an increase in the number of lo
125,dicloxacillin,"One of the penicillins which is resistant to penicillinase. Dicloxacillin exerts a bactericidal action against penicillin-susceptible microorganisms during the state of active multiplication. All penicillins inhibit the biosynthesis of the bacterial cell wall. By binding to specific penicillin-binding proteins (PBPs) located inside the bacterial cell wall, dicloxacillin inhibits the third and last stage of bacterial cell wall synthesis. Cell lysis is then "
126,diclofenac,"Diclofenac is a phenylacetic acid derivative and non-steroidal anti-inflammatory drug (NSAID).[label] NSAIDs inhibit cyclooxygenase (COX)-1 and-2 which are the enzyme responsible for producing prostaglandins (PGs). PGs contribute to inflammation and pain signalling. Diclofenac, like other NSAIDs, is often used as first line therapy for acute and chronic pain and inflammation from a variety of causes. Diclofenac was the product of rational drug design based on the structures of [phenylbutazone], [mefenamic acid], and [indomethacin].[A180796] The addition of two chlorine groups in the ortho position of the phenyl ring locks the ring in maximal torsion which appears to be related to increased potency. It is often used in combination with [misoprostol] to prevent NSAID-induced gastric ulcers.  Diclofenac inhibits cyclooxygenase-1 and -2, the enzymes responsible for production of prostaglandin (PG) G<sub>2</sub> which is the precursor to other PGs.[label,T116] These molecules have broad activity in pain and inflammation and the inhibition of their production is the common mechanism linking each effect of diclofenac.

PGE<sub>2</sub> is the primary PG involved in modulation of nocicepti"
127,oxcarbazepine,"Oxcarbazepine is an anti-epileptic medication used in the treatment of partial onset seizures that was first approved for use in the United States in 2000.[L8627,L8630,L8633] It is a structural derivative of [carbamazepine][A186101] and exerts a majority of its activity via a pharmacologically active metabolite, MHD, which exists as a racemate in the blood - a pro-drug of the more active (S)-enantiomer is also marketed as a separate anti-epileptic under the name [eslicarbazepine].[A186011] Compared to other anti-epileptic drugs, which are generally metabolized via the cytochrome P450 system, oxcarbazepine has a reduced propensity for involvement in drug-drug interactions owing to its primarily reductive metabolism.[A186032] The exact mechanism through which oxcarbazepine and its active metaoblite, MHD, exert their anti-epileptic effects is unclear, but is thought to primarily involve the blockade of voltage-gated sodium channels.[L8627,L8630,L8633,A186104] The opening and closing of sodium channels allows for the propagation of action potentials along neurons - in epilepsy, these action potentials can occur in excess"
128,ruxolitinib,"Ruxolitinib, formerly known as INCB018424 or INC424, is an anticancer drug and a Janus kinase (JAK) inhibitor. It is a potent and selective inhibitor of JAK1 and JAK2,[A229698] which are tyrosine kinases involved in cytokine signalling and hematopoiesis.[A7450] Myeloproliferative neoplasms, such as myelofibrosis and polycythemia vera, are often characterized by aberrant activation of the JAK-STAT pathway, leading to abnormal blood cell counts and thrombotic complications. By inhibiting JAK1 and JAK2, ruxolitinib works to block the dysregulated cell signalling pathways and prevents abnormal blood cell proliferation.[A229708] Due to a large number of patients with myeloproliferative neoplasms who have JAK2 mutations, ruxolitinib was the first ATP-competitive inhibitor of JAK1 and JAK2 ever d The Janus kinase (JAK) family of protein tyrosine kinases comprises JAK1, JAK2, JAK3, and non-receptor tyrosine kinase 2 (TYK2).[A229703] JAKs play a pivotal role in intracellular signalling pathways of various cytokines and growth factors essential to hematopoiesis, such as interleukin, erythropoietin, and thrombopoietin.[A7450] JAKs have diverse functions: JAK1 and JAK3 promote lymphocyte differ"
129,nicorandil,"Nicorandil is an orally efficacious vasodilatory drug and antianginal agent marketed in the UK, Australia, most of Europe, India, Philippines, Japan, South Korea, and Taiwan. It is not an approved drug by FDA. It is a niacinamide derivative that induces vasodilation of arterioles and large coronary arteries by activating potassium channels. It is often used for patients with angina who remain symptomatic despite optimal treatment with other antianginal drugs [T28]. Nicorandil is a dual-action potassium channel opener that relaxes vascular smooth muscle through membrane hyperpolarization via increased transmembrane potassium conductance and increased intracellular concentration of cyclic GMP. It is shown to dilate normal and stenotic coronary arteries and reduces both ventricular preload an Nicorandil mediates its therapeutic efficacy via two main mechanisms. Nicorandil is an activator and opener of ATP-sensitive (ATP-dependent) potassium channels (KATP channels) that are composed of Kir6.x-type subunits and sulfonylurea receptor (SUR) subunits. Nicorandil binding sites are located in the sulfonylurea receptor 2 (SUR2) in the ATP-sensitive potassium channel [A20322], which are regula"
130,alprostadil,"Alprostadil is a chemically-identical synthetic form of prostaglandin E1 (PGE1), a potent vasodilator produced endogenously. In 1996, the FDA approved the use of alprostadil, administered either with an intracavernosal injection or an intraurethral suppository, for the treatment of erectile dysfunction, and it is used in men for whom oral treatment is either contraindicated or ineffective. After administration, alprostadil promotes smooth muscle relaxation of the corpus cavernosal.[A257068,A257088] 

Alprostadil is also used in neonatal patients with congenital heart defects that depend on a patent ductus for survival until corrective or palliative surgery can be performed. This drug causes vasodilation by directly affecting vascular and ductus arteriosus (DA) smooth muscle, preventing o Alprostadil is a smooth muscle relaxant that promotes vasodilation and platelet aggregation inhibition. In neonatal patients with ductus arteriosus patency, alprostadil relaxes the ductus arteriosus (DA) smooth muscle, preventing or reversing the functional closure of the DA that occurs shortly after birth. This results in increased pulmonary or systemic blood flow in infants. Alprostadil appears "
131,sofosbuvir,"Sofosbuvir (tradename Sovaldi) is a direct acting antiviral medication used as part of combination therapy to treat chronic Hepatitis C, an infectious liver disease caused by infection with Hepatitis C Virus (HCV). HCV is a single-stranded RNA virus that is categorized into nine distinct genotypes, with genotype 1 being the most common in the United States, and affecting 72% of all chronic HCV patients [L852]. Treatment options for chronic Hepatitis C have advanced significantly since 2011, with the development of Direct Acting Antivirals (DAAs) such as sofosbuvir. As a prodrug nucleotide analog, Sofosbuvir is metabolized into its active form as the antiviral agent 2'-deoxy-2'-α-fluoro-β-C-methyluridine-5'-triphosphate (also known as GS-461203), which acts as a defective substrate for NS5B Sofosbuvir is nucleotide analog inhibitor, which specifically inhibits HCV NS5B (non-structural protein 5B) RNA-dependent RNA polymerase. Following intracellular metabolism to form the pharmacologically active uridine analog triphosphate (GS-461203), sofosbuvir incorporates into HCV RNA by the NS5B polymerase and acts as a chain terminator [synthesis, A7533]. More specifically, Sofosbuvir prevents"
132,aprepitant,"Aprepitant, an antiemetic, is a substance P/neurokinin 1 (NK1) receptor antagonist which, in combination with other antiemetic agents, is indicated for the prevention of acute and delayed nausea and vomiting associated with initial and repeat courses of highly emetogenic cancer chemotherapy. Aprepitant is a selective high-affinity antagonist of human substance P/neurokinin 1 (NK1) receptors. Aprepitant has little or no affinity for serotonin (5-HT3), dopamine, and corticosteroid receptors, the targets of existing therapies for chemotherapy-induced nausea and vomiting (CI NV). Aprepitant has been shown in animal models to inhibit emesis induced by cytotoxic chemotherapeutic agents, such as cisplatin, via central actions. Animal and human Positron Emission Tomography (PET) studies with Aprepitant have shown that it crosses the blood brain barrier and occupies brain NK1 receptors. Animal and human studies show that Aprepitant augments the antiemetic activity of the 5-HT<s"
133,mirabegron,"Mirabegron is a sympathomimetic beta-3 adrenergic receptor agonist used to relax the smooth muscle of the bladder in the treatment of urinary frequency and incontinence. It is unique amongst overactive bladder treatment options in that, unlike other treatments such as [solifenacin] and [darifenacin], it lacks significant antimuscarinic activity,[A232553] which is responsible both for the therapeutic effects of these medications and their broad range of adverse effects. Mirabegron has a comparatively favorable adverse effect profile as compared to other available treatment options, and its complementary mechanism to the antimuscarinics that came before it allows for its use alongside solifenacin in refractory cases.[L32853]

Mirabegron first received FDA approval in 2012, under the brand  Mirabegron is a potent and selective agonist of beta-3 adrenergic receptors. The activation of beta-3 receptors relaxes detrusor smooth muscle during the storage phase of the urinary bladder fill-void cycle, which increases the bladder's storage capacity thereby alleviating feelings of urgency and frequency.[L32853]"
134,colestyramine,"Cholestyramine or colestyramine is a bile acid sequestrant. Bile acid sequestrants are polymeric compounds which serve as ion exchange resins. Cholestyramine resin is quite hydrophilic, but insoluble in water. Cholestyramine forms a resin that acts as a bile acid sequestrant to limit the reabsorption of bile acids in the gastrointestinal tract. Cholestyramine resin is a strong anion exchange resin, allowing it to exchange its chloride anions with anionic bile acids present in the gastrointestinal tract and form a strong resin matrix. Cholestyramine consists of a functional group, which is a quaternary a"
135,bromocriptine,"Bromocriptine mesylate is a semisynthetic ergot alkaloid derivative with potent dopaminergic activity. It inhibits prolactin secretion and may be used to treat dysfunctions associated with hyperprolactinemia. Bromocriptine is also indicated for the management of signs and symptoms of Parkinsonian Syndrome, as well as the treatment of acromegaly. Bromocriptine has been associated with pulmonary fibrosis, and can also cause sustained suppression of somatotropin (growth hormone) secretion in some patients with acromegaly.

In 1995, the FDA withdrew the approval of bromocriptine mesylate for the prevention of physiological lactation after finding that bromocriptine was not shown to be safe for use.[L43942,L43947] It continues to be used for the indications mentioned above. The dopamine D<sub>2</sub> receptor is a 7-transmembrane G-protein coupled receptor associated with G<sub>i</sub> proteins. In lactotrophs, stimulation of dopamine D<sub>2</sub> receptor causes inhibition of adenylyl cyclase, which decreases intracellular cAMP concentrations and blocks IP3-dependent release of Ca<sup>2+</sup> from intracellular stores. Decreases in intracellular calcium levels may"
136,milnacipran,"Milnacipran is a selective serotonin and norepinephrine reuptake inhibitor (SNRI) and like many agents in this category was originally developed for and continues to be approved and indicated for the treatment of depression [F3928, F3934, A175786, A175951]. Furthermore, in 2009 the US FDA approved milnacipran for the additional indication of treating fibromyalgia [F3925], although other regional regulatory authorities like the EMA, among others, have not yet approved the agent for such treatment, citing lack of robust evidence of efficacy, insufficient demonstration of maintenance of effect, and other concerns [F3928, F3934]. Nevertheless, milnacipran demonstrates a somewhat unique characteristic among SNRIs to elicit a relatively balanced reuptake inhibition of both serotonin and noradren The dual ability for milnacipran to inhibit the reuptake of both serotonin (5HT) and norepinephrine (NE) facilitates its treatment of both fibromyalgia and major depressive disorder (MDD).

In particular, it is generally believed that 5HT and NE participate in the modulation of endogenous analgesic mechanisms by way of the descending inhibitory pain pathways in the brain and spinal cord [A175759"
137,ritonavir,"Ritonavir is an HIV protease inhibitor that interferes with the reproductive cycle of HIV. Although it was initially developed as an independent antiviral agent, it has been shown to possess advantageous properties in combination regimens with low-dose ritonavir and other protease inhibitors. It is now more commonly used as a booster of other protease inhibitors and is available in both liquid formulations and as capsules. 

While ritonavir is not an active antiviral agent against hepatitis C virus (HCV) infection, it is added in combination therapies indicated for the treatment of HCV infections as a booster. Ritonavir is a potent CYP3A inhibitor that increases peak and trough plasma drug concentrations of other protease inhibitors such as [DB09297] and overall drug exposure. American A Ritonavic inhibits the HIV viral proteinase enzyme that normally cleaves the structural and replicative proteins that arise from major HIV genes, such as *gag* and *pol*. *Gag* encodes proteins involved in the core and the nucleocapsid, while *pol* encodes the the HIV reverse transcriptase, ribonuclease H, integrase, and protease [A19647]. The *pol*-encoded proteins are initially translated in the"
138,enalapril,"Enalapril is a prodrug belonging to the angiotensin-converting enzyme (ACE) inhibitor drug class that works on the renin-angiotensin-aldosterone system, which is responsible for the regulation of blood pressure and fluid and electrolyte homeostasis. Enalapril is an orally-active and long-acting nonsulphydryl antihypertensive agent that suppresses the renin-angiotensin-aldosterone system to lower blood pressure. It was developed from a targeted research programmed using molecular modelling.[A18459] Being a prodrug, enalapril is rapidly biotransformed into its active metabolite, [enalaprilat], which is responsible for the pharmacological actions of enalapril. The active metabolite of enalapril competitively inhibits the ACE to hinder the production of angiotensin II, a key component of the r The renin-angiotensin-aldosterone system (RAAS) is a signaling pathway that works in synergism with the sympathetic system to regulate blood pressure and fluid and electrolyte homeostasis. Activation of this system upon stimulation by different factors, such as low blood pressure and nerve impulses, leads to increased release of norepinephrine (NE) from sympathetic nerve terminals and effects on t"
139,lorcaserin,"Lorcaserin (previously APD-356), a highly selective 5HT2C receptor agonist, is used for the treatment of obesity. It has been shown to reduce body weight and food intake in animal models of obesity, and it is thought that targeting the 5HT2C receptor may alter body weight by regulating satiety. Lorcaserin is marketed as a salt form called Belviq, which is lorcaserin hydrochloride.

In February 2020, the FDA issued a Drug Safety Communication requesting the manufacturer of Belviq (lorcaserin hydrochloride tablets, 10 mg) and Belviq XR (lorcaserin hydrochloride extended-release tablets, 20 mg) to voluntarily withdraw these products from the U.S. market, and the company has submitted a request to voluntarily withdraw the drug. This decision was based on the results of a clinical trial asses Although the exact mechanism is unknown, it is believed to involve the selective activation of 5-HT2C receptors in the anorexigenic pro-opiomelanocortin neurons in the arcuate nucleus of the hypothalamus. This results in decreased food intake and satiety by promoting the release of alpha-melanocortin stimulating hormone, which acts on melanocortin-4 receptors."
140,telmisartan,"Telmisartan is an angiotensin II receptor antagonist (ARB) used in the management of hypertension. Generally, angiotensin II receptor blockers (ARBs) such as telmisartan bind to the angiotensin II type 1 (AT1) receptors with high affinity, causing inhibition of the action of angiotensin II on vascular smooth muscle, ultimately leading to a reduction in arterial blood pressure.[A1489,A1490] Recent studies suggest that telmisartan may also have PPAR-gamma agonistic properties that could potentially confer beneficial metabolic effects.[A1492] Telmisartan interferes with the binding of angiotensin II to the angiotensin II AT<sub>1</sub>-receptor by binding reversibly and selectively to the receptors in vascular smooth muscle and the adrenal gland. As angiotensin II is a vasoconstrictor, which also stimulates the synthesis and release of aldosterone, blockage of its effects results in decreases in systemic vascular resistance. Telmisarta"
141,ofatumumab,"Ofatumumab is a novel anti-CD20 monoclonal antibody that targets B-cells. It is an IgG1κ human monoclonal antibody produced from a recombinant murine cell line (NS0) via transgenic mouse and hybridoma technology.[L12612] Ofatumumab works by recognizing antigens that are expressed on the tumour cells in certain cancers; however, the antigen is not tumour-specific and can also be found in normal B-cells.[A6921] Ofatumumab was first approved by the FDA in 2009.[L12771] It is used in the treatment of recurrent, progressive, or recurrent chronic lymphocytic leukemia (CLL) or CLL in treatment-naive patients in whom fludarabine-based therapy is considered inappropriate. Ofatumumab is used as monotherapy or in combination with other medications, depending on the patient profile and previous treatm CD20 is expressed on normal pre-B lymphocytes and mature B lymphocytes, as well as malignant B lymphocytes. Numerous studies demonstrate that the depletion of B-cells can significantly alleviate symptoms of many forms of leukemia and lymphoma, which are malignancies associated with B-cell dysfunctions and high expression of CD20.[A193053] 

Ofatumumab is an anti-CD20 monoclonal antibody that bin"
142,regorafenib,"Regorafenib is an orally-administered inhibitor of multiple kinases. It is used for the treatment of metastatic colorectal cancer, advanced gastrointestinal stromal tumours, and hepatocellular carcinoma. FDA approved on September 27, 2012. Approved use of Regorafenib was expanded to treat Hepatocellular Carcinoma in April 2017. Regorafenib is a small molecule inhibitor of multiple membrane-bound and intracellular kinases involved in normal cellular functions and in pathologic processes such as oncogenesis, tumor angiogenesis, and maintenance of the tumor microenvironment. In in vitro biochemical or cellular assays, regorafenib or its major human active metabolites M-2 and M-5 inhibited the activity of RET, VEGFR1, VEGFR2"
143,eribulin,"Eribulin is a microtubule inhibitor indicated for the treatment of patients with metastatic breast cancer who have previously received at least two chemotherapeutic regimens for the treatment of metastatic disease. Eribulin was isolated from the marine sponge Halichondria okadai. Eribulin is also being investigated for use in the treatment of advanced solid tumors [A7439]. Eribulin inhibits the growth phase of microtubules without affecting the shortening phase and sequesters tubulin into nonproductive aggregates. Eribulin exerts its effects via a tubulin-based antimitotic mechanism leading to G2/M cell-cycle block, disruption of mitotic spindles, and, ultimately, apoptotic cell death after prolonged mitotic blockage. [FDA]"
144,colchicine,"Colchicine is an alkaloid drug derived from a plant belonging to the Lily family, known as _Colchicum autumnale_, or ""autumn crocus.""[A183611] Its use was first approved by the FDA in 1961.[L8192] Colchicine is used in the treatment of gout flares and Familial Mediterranean fever,[L8138] and prevention of major cardiovascular events.[L47591] It has also been investigated in other inflammatory and fibrotic conditions.[A183602] The exact mechanism of action of colchicine has not been fully established; however, colchicine likely interferes with the intracellular assembly of the inflammasome complex present in neutrophils and monocytes that mediates activation of interleukin-1β, an inflammatory mediator.[A183602,A183605,L8138] Colchicine also attenuates neutrophil adhesion and recruitment, as well as superoxide production"
145,remifentanil,"Remifentanil (marketed by Abbott as Ultiva) is a potent ultra short-acting synthetic opioid given to patients during surgery for pain relief and adjunctive to an anaesthetic. Remifentanil is a specific mu-type-opioid receptor agonist which means it reduces sympathetic nervous system tone, and causes respiratory depression and analgesia. Remifentanil is a &micro;-opioid agonist with rapid onset and peak effect, and short duration of action. The &micro;-opioid activity of remifentanil is antagonized by opioid antagonists such as naloxone."
146,miglustat,"Miglustat, commonly marketed under the trade name Zavesca, is a drug used to treat Gaucher disease. It inhibits the enzyme glucosylceramide synthase, an essential enzyme for the synthesis of most glycosphingolipids. It is only used for patients who cannot be treated with enzyme replacement therapy with imiglucerase. Miglustat is now the first and only approved therapy for patients with Niemann-Pick disease type C (NP-C). It has recently been approved for treatment of progressive neurological symptoms in adult and pediatric patients in the European Union, Brazil, and South Korea. Miglustat was first developed as an anti-HIV agent in the 1990s. However, clinical experience with miglustat showed that therapeutic levels of the drug could not be achieved in patients without a high incidence of  Miglustat functions as a competitive and reversible inhibitor of the enzyme glucosylceramide synthase, the initial enzyme in a series of reactions which results in the synthesis of most glycosphingolipids. The goal of treatment with miglustat is to reduce the rate of glycosphingolipid biosynthesis so that the amount of glycosphingolipid substrate is reduced to a level which allows the residual act"
147,pentoxifylline,"Pentoxifylline (PTX) is a synthetic dimethylxanthine derivative that modulates the rheological properties of blood and also has both anti-oxidant and anti-inflammatory properties.[A226415, L30300] Although originally developed to treat intermittent claudication, a form of exertion-induced leg pain common in patients with peripheral arterial disease, PTX has been investigated for its possible use in diverse conditions, including osteoradionecrosis, diabetic kidney disease, and generally any condition associated with fibrosis.[A226410, A226415, A226455] More recently, PTX has been suggested as a possible treatment for COVID-19-induced pulmonary complications due to its ability to regulate the production of inflammatory cytokines.[A226608]

Pentoxifylline has been marketed in Europe since 1 Patients with peripheral arterial disease (PAD) may suffer from intermittent claudication, exertional leg pain that resolves upon rest, which is underscored by a complex etiology including vascular dysfunction (reduced limb perfusion, angiogenesis, and microcirculatory flow), systemic inflammation, and skeletal muscle dysfunction.[A226410] Pentoxifylline (PTX), (3,7-dimethyl-1-(5-oxohexyl)-3,7-dih"
148,colestilan,colestilan
149,efavirenz,"Efavirenz (brand names Sustiva® and Stocrin®) is a non-nucleoside reverse transcriptase inhibitor (NNRTI) and is used as part of highly active antiretroviral therapy (HAART) for the treatment of a human immunodeficiency virus (HIV) type 1.

For HIV infection that has not previously been treated, efavirenz and lamivudine in combination with zidovudine or tenofovir is the preferred NNRTI-based regimen.

Efavirenz is also used in combination with other antiretroviral agents as part of an expanded postexposure prophylaxis regimen to prevent HIV transmission for those exposed to materials associated with a high risk for HIV transmission. Similar to zidovudine, efavirenz inhibits the activity of viral RNA-directed DNA polymerase (i.e., reverse transcriptase). Antiviral activity of efavirenz is dependent on intracellular conversion to the active triphosphorylated form. The rate of efavirenz phosphorylation varies, depending on cell type. It is believed that inhibition of reverse transcriptase interferes with the generation of DNA co"
150,gliclazide,"Gliclazide is an oral antihyperglycemic agent used for the treatment of non-insulin-dependent diabetes mellitus (NIDDM). It has been classified differently according to its drug properties in which based on its chemical structure, gliclazide is considered a first-generation sulfonylurea due to the structural presence of a sulfonamide group able to release a proton and the presence of one aromatic group.[A39546] On the other hand, based on the pharmacological efficacy, gliclazide is considered a second-generation sulfonylurea which presents a higher potency and a shorter half-life.[T238, T360] Gliclazide belongs to the sulfonylurea class of insulin secretagogues, which act by stimulating &beta; cells of the pancreas to release insulin. Sulfonylureas increase both basal insulin secretion and Gliclazide binds to the &beta; cell sulfonyl urea receptor (SUR1). This binding subsequently blocks the ATP sensitive potassium channels. The binding results in closure of the channels and leads to a resulting decrease in potassium efflux leads to depolarization of the &beta; cells. This opens voltage-dependent calcium channels in the &beta; cell resulting in calmodulin activation, which in turn l"
151,anagrelide,"Anagrelide is a platelet-reducing agent used to lower dangerously elevated platelet levels (i.e. to treat thrombocythemia) in patients with myeloproliferative neoplasms.[L14153] It is an oral imidazoquinazoline that was first approved for use in the US in 1997.[A214274] It appears to carry a better response rate than other thrombocythemia treatments (e.g. [busulfan], [hydroxyurea]) and may be better tolerated.[A214274] The exact mechanism by which anagrelide lowers platelet count is unclear. Evidence from human trials suggests a dose-related suppression of megakaryocyte maturation, the cells responsible for platelet production - blood drawn from patients receiving anagrelide showed a disruption to the post-mitotic phase of megakaryocyte development and a subsequent reduction in their size and ploidy.[L14300] Thi"
152,anastrozole,"Anastrozole is a non-steroidal aromatase inhibitor (AI), similar to [letrozole], used to decrease circulating estrogen levels in the treatment of postmenopausal women with estrogen-responsive breast cancer.[L8863] Anastrozole is also related to [exemestane], a steroidal AI, but its non-steroidal nature provides stark advantages including a lack of steroid-associated adverse effects such as weight gain and acne.[A186865] Aromatase inhibitors, including anastrozole, have become endocrine drugs of choice in the treatment of postmenopausal breast cancer due to a more favourable efficacy and adverse effect profile as compared to earlier estrogen receptor modulators such as [tamoxifen].[A186877,A186955]

Anastrozole was first approved for use in the United States in 1995.[L8863] Anastrazole exerts its anti-estrogenic effects via selective and competitive inhibition of the aromatase enzyme found predominantly in the adrenal glands, liver, and fatty tissues.[A186877] Many breast cancers are hormone receptor-positive, meaning their growth is stimulated and/or maintained by the presence of hormones such as estrogen or progesterone.[L8863] In postmenopausal women, estrogen is "
153,oxaliplatin,"Oxaliplatin is a platinum-based chemotherapy drug in the same family as cisplatin and carboplatin. Compared to cisplatin the two amine groups are replaced by diamino cyclohexane (DACH) group to provide a greater antitumor effect.[A797] However, this leads to poorer water solubility, which was compensated by the addition of the chloride moieties.[A797] Due to this chemical moiety, oxaliplatin readily undergoes non-enzymatic biotransformation, thus complicating oxaliplatin's pharmacokinetics.[A260396] Like most platinum-based compounds, oxaliplatin's mechanism of action is primarily through DNA damage through DNA crosslinking, particularly intrastrand and interstrand crosslinking.[A260396] However, due to the structure of oxaliplatin, its adducts make the binding of mismatch repair protein t Oxaliplatin undergoes nonenzymatic conversion in physiologic solutions to active derivatives via displacement of the labile oxalate ligand. Several transient reactive species are formed, including monoaquo and diaquo DACH platinum, which covalently bind with macromolecules. Both inter and intrastrand Pt-DNA crosslinks are formed. Crosslinks are formed between the N7 positions of two adjacent guani"
154,apraclonidine,"Apraclonidine, also known as iopidine, is a sympathomimetic used in glaucoma therapy. It is an alpha2-adrenergic agonist. Apraclonidine is a relatively selective alpha2 adrenergic receptor agonist that stimulates alpha1 receptors to a lesser extent. It has a peak ocular hypotensive effect occurring at two hours post-dosing. The exact mechanism of action is unknown, but fluorophotometric studies in animals and humans suggest that Apraclonidine has a dual mechanism of action by reducing aqueous humor production through"
155,nelarabine,"Nelarabine is an antineoplastic agent that is typically used to treat acute T-cell lymphoblastic leukemia, particularly T-cell acute lymphoblastic leukemia (T-ALL) and T-cell lymphoblastic lymphoma (T-LBL), in both adult and pediatric patients whose disease has not responded to or has relapsed following at least two chemotherapy regimens.[L40878] T-cell acute lymphoblastic leukemia and lymphoma are relatively rare T-cells malignancy, with only 20 to 25% of patients diagnosed with acute lymphoblastic leukemia and 1.7% of patients diagnosed with non-Hodgkin's lymphoma having this T-cells variation of the disease.[A2332] Due to the rarity of these T-cell malignancies, nelarabine was first granted orphan drug status and a fast-track designation by the FDA to address the unmet therapeutic needs Once nelarabine is metabolized into ara-GTP, the metabolite accumulates in leukemic blasts and incorporates into DNA to exert its S phase-specific cytotoxic effects, leading to the induction of fragmentation and apoptosis. As a nucleoside analog, Ara-GTP competes with endogenous deoxyGTP (dGTP) for incorporation into DNA.[A2333,A2334,A2335,A2336] Due to its intact 3'-OH group, ara-GTP can be incor"
156,amphotericin B,"Amphotericin B shows a high order of in vitro activity against many species of fungi. Histoplasma capsulatum, Coccidioides immitis, Candida species, Blastomyces dermatitidis, Rhodotorula, Cryptococcus neoformans, Sporothrix schenckii, Mucor mucedo, and Aspergillus fumigatus are all inhibited by concentrations of amphotericin B ranging from 0.03 to 1.0 mcg/mL in vitro. While Candida albicans is generally quite susceptible to amphotericin B, non-albicans species may be less susceptible. Pseudallescheria boydii and Fusarium sp. are often resistant to amphotericin B. The antibiotic is without effect on bacteria, rickettsiae, and viruses. Amphotericin B is fungistatic or fungicidal depending on the concentration obtained in body fluids and the susceptibility of the fungus. The drug acts by binding to sterols (ergosterol) in the cell membrane of susceptible fungi. This creates a transmembrane channel, and the resultant change in membrane permeability allowing leakage of intracellular components. Ergosterol, the principal sterol in t"
157,fulvestrant,"Fulvestrant is a drug treatment of hormone receptor (HR)-positive metastatic breast cancer in post-menopausal women with disease progression following anti-estrogen therapy. It is an estrogen receptor antagonist with no agonist effects, which works both by down-regulating and by degrading the estrogen receptor. While it is used as monotherapy for the treatment of breast cancers, it is also used in combination with [alpelisib] for the treatment of HR-positive, human epidermal growth factor receptor 2 (HER2)-negative, PIK3CA-mutated, advanced or metastatic breast cancer Fulvestrant competitively and reversibly binds to estrogen receptors present in cancer cells and achieves its anti-estrogen effects through two separate mechanisms. First, fulvestrant binds to the receptors and downregulates them so that estrogen is no longer able to bind to these receptors. Second, fulvestrant degrades the estrogen receptors to which it is bound. Both of these mechanisms inhibit "
158,brimonidine,"Brimonidine is an alpha-adrenergic agonist and 2-imidazoline derivative that was first introduced in 1996.[A178951] It is considered to be a third generation alpha-2 aadrenergic receptor agonist, since it displays preferential binding at alpha-2 adrenoceptors over alpha-1 receptors.[A179002] Brimonidine displays a higher selectivity toward the alpha-2 adrenergic receptors than [clonidine] or [apraclonidine], which are also alpha-2 adrenergic agonists.[A178969] Alpha-2 adrenergic agonists are members of the ocular hypotensive agent drug class that are used in the chronic treatment of glaucoma. Early treatment and management of glaucoma, which predominantly involves the lowering of intraocular pressure, is critical since glaucoma is considered to be a common cause of blindness worldwide.[A17 In the eye, alpha-1 adrenoceptors play a role in vasoconstriction, mydriasis, eyelid retraction, and elevation of intraocular pressure (IOP) whereas alpha-2 adrenoceptors are responsible for IOP reduction via a complex Gi-coupled signaling cascade pathway. Activation of alpha-2 receptors leads to inhibition of adenylyl cyclase and reduction of cyclic AMP levels. As a result, there is a decrease in"
159,ivacaftor,"Ivacaftor (also known as Kalydeco or VX-770) is a drug used for the management of Cystic Fibrosis (CF). It is manufactured and distributed by Vertex Pharmaceuticals. It was approved by the Food and Drug Administration on January 31, 2012[L768], and by Health Canada in late 2012.[L6841]  Ivacaftor is administered as a monotherapy and also administered in combination with other drugs for the management of CF.[L6814,L6979,L6847]

Cystic Fibrosis is an autosomal recessive disorder caused by one of several different mutations in the gene for the Cystic Fibrosis Transmembrane Conductance Regulator (CFTR) protein, an ion channel involved in the transport of chloride and sodium ions across cell membranes. CFTR is active in epithelial cells of organs such as of the lungs, pancreas, liver, digesti A wide variety of CFTR mutations correlate to the Cystic Fibrosis phenotype and are associated with differing levels of disease severity. The most common mutation, affecting approximately 70% of patients with CF worldwide, is known as F508del-CFTR or delta-F508 (ΔF508), in which a deletion in the amino acid phenylalanine at position 508 results in impaired production of the CFTR protein, thereby c"
160,glyceryl trinitrate,"Nitroglycerin, also known as glyceryl trinitrate,[A180169] is an organic nitrate and a vasodilating agent [L38369] that was first discovered in 1847.[A249965] Originally used to dynamite, its antianginal effects were identified in the late 1860s after it produced headaches in factory workers while workers with angina pectoris or heart failure experienced relief from chest pain.[A180166,A180172] Its use as a treatment for angina dates back to 1879 and is still used to treat and prevent angina.[A249970] Nitroglycerin causes vasodilation in both arteries and veins.[A180172]

Nitroglycerin is used in a variety of different conditions, including angina pectoris due to coronary artery disease,[L7102,L7141,L38369,L42320] peri-operative hypertension, congestive heart failure,[L7099] and chronic  Nitroglycerin is converted by mitochondrial aldehyde dehydrogenase in smooth muscle cells to nitric oxide (NO), a potent vasodilator. NO activates the enzyme guanylate cyclase, which converts guanosine triphosphate (GTP) to cyclic guanosine 3',5'-monophosphate (cGMP) in vascular smooth muscle and other tissues.[A180166,A180169,A249970] cGMP is an endogenous vasodilator of vascular smooth muscle:[A"
161,carfilzomib,"Carfilzomib is an injectable antineoplastic agent (IV only). Chemically, it is a modified tetrapeptidyl epoxide and an analog of epoxomicin. It is also a selective proteasome inhibitor. FDA approved carfilzomib in July 2012 for the treatment of adults with relapsed or refractory multiple myeloma as monotherapy or combination therapy.[L39392] Carfilzomib is made up of four modified peptides and acts as a proteasome inhibitor. Carfilzomib irreversibly and selectively binds to N-terminal threonine-containing active sites of the 20S proteasome, the proteolytic core particle within the 26S proteasome.  This 20S core has 3 catalytic active sites: the chymotrypsin, trypsin, and caspase-like sites. Inhibition of the chymotrypsin-like site by "
162,canagliflozin,"Canagliflozin, also known as _Invokana_, is a sodium-glucose cotransporter 2 (SGLT2) inhibitor used in the management of type 2 diabetes mellitus along with lifestyle changes including diet and exercise [FDA label].

It was initially approved by the FDA in 2013 for the management of diabetes and later approved in 2018 for a second indication of reducing the risk of cardiovascular events in patients diagnosed with type 2 diabetes mellitus [L5897], [FDA label]. 

Canagliflozin is the first oral antidiabetic drug approved for the prevention of cardiovascular events in patients with type 2 diabetes [L5897]. Cardiovascular disease is the most common cause of death in these patients [A177083]. The sodium-glucose co-transporter2 (SGLT2), is found in the proximal tubules of the kidney, and reabsorbs filtered glucose from the renal tubular lumen. Canagliflozin inhibits the SGLT2 co-transporter. This inhibition leads to lower reabsorption of filtered glucose into the body and decreases the renal threshold for glucose (RTG), leading to increased glucose excretion in the urine [FDA label]."
163,isradipine,"Isradipine belongs to the dihydropyridine (DHP) class of calcium channel blockers (CCBs), the most widely used class of CCBs. It is structurally related to felodipine, nifedipine, and nimodipine and is the most potent calcium-channel blocking agent of the DHP class. Isradipine binds to calcium channels with high affinity and specificity and inhibits calcium flux into cardiac and arterial smooth muscle cells. It exhibits greater selectivity towards arterial smooth muscle cells owing to alternative splicing of the alpha-1 subunit of the channel and increased prevalence of inactive channels in smooth muscle cells. Isradipine may be used to treat mild to moderate essential hypertension. Isradipine belongs to the dihydropyridine (DHP) class of calcium channel blockers (CCBs), the most widely used class of CCBs. There are at least five different types of calcium channels in <i>Homo sapiens</i>: L-, N-, P/Q-, R- and T-type. CCBs target L-type calcium channels, the major channel in muscle cells that mediates contraction. Similar to other DHP CCBs, isradipine binds directly to inactiv"
164,gadobenic acid,"Gadobenic acid, usually available in the salt form gadobenate dimeglumine, is a linear MRI gadolinium-based contrast agent (GBCA) used primarily for MR imaging of the liver.[A263086] It differs from other GBCAs due to the benzene ring that confers weak protein binding, thus leading to an increased R1 and R2 relaxivity.[A263166] As gadobenate dimeglumine is specifically taken up by hepatocytes and excreted through the biliary system, it is a useful contrast agent for liver MRI.[A1139]

Gadobenate dimeglumine was approved by the FDA in November 2004 under the brand name MultiHance.[A263166] Gadobenate dimeglumine is a paramagnetic agent and, as such, develops a magnetic moment when placed in a magnetic field. The large magnetic moment produced by the paramagnetic agent results in a large local magnetic field, which can enhance the relaxation rates of water protons in its vicinity leading to an increase of signal intensity (brightness) of tissue.[L49936]

In magnetic resonance imagi"
165,hydroxyprogesterone,hydroxyprogesterone
166,pyridostigmine,"Myasthenia gravis is an autoimmune disease involving dysfunction at the neuromuscular junction, most commonly due to autoantibodies directed against the acetylcholine receptor (AChR), which results in muscle tone loss, muscle weakness, and fatigue.[A231004] Acetylcholinesterase inhibitors have been the symptomatic treatment of choice in myasthenia gravis since the 1930s with the early use of [physostigmine] and [neostigmine]. By inhibiting the breakdown of acetylcholine in the neuromuscular junction, they increase signalling and relieve symptoms.[A231004, L32408, L32413] Pyridostigmine is the current drug of choice, with superior pharmacokinetics and reduced side effects compared to [neostigmine].[L32408, L32413] In addition to treating myasthenia gravis, pyridostigmine is used to reverse  Myasthenia gravis is an autoimmune disease involving dysfunction at the neuromuscular junction most commonly due to autoantibodies directed against the acetylcholine receptor (AChR), but also against other targets such as the muscle-specific kinase (MUSK), lipoprotein-related protein 4 (LRP4), or agrin.[A231004] In the case of AChR antibodies, AChRs are directly bound and cross-linked, impairing a"
167,quazepam,"Quazepam is a trifluoroethyl benzodiazepine derivative. It was first approved in the US in 1985 and is used as a hypnotic for the treatment of insomnia.[L44913]

It appears to be unique amongst other benzodiazepine derivatives in its relatively high affinity for sleep-promoting α1 subunit-containing GABA<sub>A</sub> receptors and low affinity for other receptors.[A256858] Like other benzodiazepines, quazepam likely exerts its effects by potentiating the effect of gamma-aminobutyric acid (GABA) on GABA(A) receptors, the main inhibitory neurotransmitter receptors in the mammalian brain.[A198957] GABA(A) receptors are a component of GABA-gated ionotropic chloride channels that produce inhibitory postsynaptic potentials - following activation by GABA, the channel under"
168,indometacin,"Indometacin, or indomethacin, is a non-steroidal anti-inflammatory drug (NSAID) with anti-inflammatory, analgesic, and antipyretic properties. NSAIDs consist of agents that are structurally unrelated; the NSAID chemical classification of indometacin is an indole-acetic acid derivative with the chemical name 1- (p-chlorobenzoyl)25-methoxy-2-methylindole-3-acetic acid.[A177871] The pharmacological effect of indometacin is not fully understood, however, it is thought to be mediated through potent and nonselective inhibition of the enzyme cyclooxygenase (COX), which is the main enzyme responsible for catalyzes the rate-limiting step in prostaglandin and thromboxane biosynthesis via the arachidonic acid (AA) pathway. Indometacin was first discovered in 1963 and it was first approved for use in  Indometacin is a nonspecific and reversible inhibitor of the cyclo-oxygenase (COX) enzyme or prostaglandin G/H synthase. There are two identified isoforms of COX: COX-1 is universally present in most body tissues and is involved in the synthesis of the prostaglandins and thromboxane A2, while COX-2 is expressed in response to injury or inflammation.[A177871] Constitutively expressed, the COX-1 enz"
169,liraglutide,"Victoza contains liraglutide, a synthetic analog of human glucagon-like peptide-1(GLP-1) and acts as a GLP-1 receptor agonist.[Label,A6932] Liraglutide is 97% similar to native human GLP-1, differing primarily by substituting arginine for lysine at position 34.[A6932] Liraglutide is made by attaching a C-16 fatty acid (palmitic acid) with a glutamic acid spacer on the remaining lysine residue at position 26 of the peptide precursor.[A6932] Liraglutide was granted FDA approval on January 25, 2010.[L6070] Liraglutide is an acylated synthetic glucagon-like peptide-1 analog[Label,A6932,A177673]. Liraglutide is an agonist of the glucagon-like peptide-1 receptor which is coupled to adenylate cyclase[Label]. The increase in cyclic AMP stimulates the glucose dependant release of insulin, inhibits the glucose dependant release of glucagon, and slows gastric emptying to increase control of blood sugar[Labe"
170,apixaban,"Apixaban is an oral, direct, and highly selective factor Xa (FXa) inhibitor of both free and bound FXa, as well as prothrombinase, independent of antithrombin III for the prevention and treatment of thromboembolic diseases[Label,A6897]. It is marketed under the name Eliquis[Label,L6043]. Apixaban was approved by the FDA on December 28, 2012[L6043]. Apixaban selectively inhibits factor Xa in its free and bound forms, independant of antithrombin III[Label]. Apixaban also inhibits prothrominase[Label]. These effects prevent the formation of a thrombus[Label]."
171,lanreotide,"Lanreotide is a drug employed in the management of acromegaly (a hormonal condition caused by excess growth hormone) in addition to symptoms caused by neuroendocrine tumors, especially carcinoid syndrome. This drug is a long-acting analog of the drug somatostatin, a growth hormone inhibitor. Lanreotide is manufactured by the company, _Ipsen Pharmaceuticals_ as lanreotide acetate, and marketed as _Somatuline_. It is approved in several countries worldwide, including the United Kingdom, Australia, and Canada. Lanreotide was first approved for use in the United States by the FDA on August 30, 2007. Lanreotide is a somatostatin analogue (SSA) and has mainly inhibitory effects which are mediated via somatostatin receptors (SSTRs) 2 and 5 and include inhibition of growth hormone release in the brain.  Tumor SSTR activation induces downstream cell cycle arrest and/or apoptosis, and also results in blunted production of substances that support tumor growth as well as tumor angiogenesis.  This lea"
172,voriconazole,"Voriconazole (Vfend, Pfizer) is a triazole antifungal medication used to treat serious fungal infections.[L15571] It is used to treat invasive fungal infections that are generally seen in patients who are immunocompromised. These include invasive candidiasis, invasive aspergillosis, and emerging fungal infections. The increased affinity of voriconazole for 14-alpha sterol demethylase makes it useful against some [fluconazole]-resistant organisms.[A236050]

Voriconazole was approved by the FDA under the trade name Vfend on May 24, 2002.[L34660] Voriconazole is used to treat fungal infections caused by a variety of organisms but including _Aspergillus spp._ and _Candida spp_. Voriconazole is a triazole antifungal exhibiting fungistatic activity against fungal pathogens.[A236050, A236045, L9821] Like other triazoles, voriconazole binds to 14-alpha sterol demethylase, also known as CYP51, and inhibits the demethylation of lanosterol as part"
173,felbamate,"Felbamate is an anticonvulsant drug used in the treatment of epilepsy. In particular, in the adult patient population, it can be employed to treat partial seizures (with and without generalization). Alternatively, it is used to treat partial and generalized seizures associated with Lennox-Gastaut syndrome in children. It has a weak inhibitory effect on GABA receptor binding sites. The mechanism by which felbamate exerts its anticonvulsant activity is unknown, but in animal test systems designed to detect anticonvulsant activity, felbamate has properties in common with other marketed anticonvulsants. <i>In vitro</i> receptor binding studies suggest that felbamate may be an antagonist at the strychnine-insensitive glycine-recognition site of the N-methyl-D-aspartate (NMDA) re"
174,clomifene,"A triphenyl ethylene stilbene derivative which is an estrogen agonist or antagonist depending on the target tissue. Clomifene has both estrogenic and anti-estrogenic properties, but its precise mechanism of action has not been determined. Clomifene appears to stumulate the release of gonadotropins, follicle-stimulating hormone (FSH), and leuteinizing hormone (LH), which leads to the development and maturation of ovarian follicle, ovulation, and subsequent development and function of the coprus luteum, thus resu"
175,tiaprofenic acid,"Tiaprofenic acid is a non-steroidal anti-inflammatory drug employed in the treatment of pain, particularly arthritis pain. It belongs to the _arylpropionic acid_ (profen) group of nonsteroidal anti-inflammatory drugs (NSAIDs). Tiaprofenic acid belongs to a group of medicines called non-steroidal anti-inflammatory drugs (NSAIDs). It works by blocking the production of a chemical (prostaglandin) which the body produces in response to injury or certain diseases. This prostaglandin would otherwise go on to cause swelling, pain and inflammation."
176,fenofibrate,"Fenofibrate is a fibric acid derivative like [clofibrate] and [gemfibrozil].[A185954] Fenofibrate is used to treat primary hypercholesterolemia, mixed dyslipidemia, severe hypertriglyceridemia.[L8588,L8591]

Fenofibrate was granted FDA approval on 31 December 1993.[L8585] Fenofibrate activates peroxisome proliferator activated receptor alpha (PPARα), increasing lipolysis, activating lipoprotein lipase, and reducing apoprotein C-III.[A186002,L8588,L8591] PPARα is a nuclear receptor and its activation alters lipid, glucose, and amino acid homeostasis.[A186002] Activation of PPARα activates transcription of gene transcription and translation that generates peroxisomes"
177,alosetron,"Alosetron is a 5-HT3 antagonist used only for the management of severe diarrhoea-predominant irritable bowel syndrome (IBS) in women. Alosetron has an antagonist action on the 5-HT3 receptors and thus may modulate serotonin-sensitive gastrointestinal (GI) processes. Alosetron was voluntarily withdrawn from the US market in November 2000 by the manufacturer due to numerous reports of severe adverse effects including ischemic colitis, severely obstructed or ruptured bowel, and death. In June 2002, the FDA approved a supplemental new drug application allowing the remarketing of the drug under restricted conditions of use. Alosetron is a potent and selective 5-HT<sub>3</sub> receptor antagonist. 5-HT<sub>3</sub> receptors are nonselective cation channels that are extensively distributed on enteric neurons in the human gastrointestinal tract, as well as other peripheral and central locations. Activation of these channels and the resulting neuronal depolarization affect the regulation of visceral pain, colonic transit"
178,desirudin,"Desirudin is a direct inhibitor of human thrombin. It has a protein structure that is similar to that of hirudin, the naturally occurring anticoagulant present in the peripharyngeal glands in the medicinal leech, Hirudo medicinalis. Hirudin is a single polypeptide chain of 65 amino acids residues and contains three disulfide bridges. Desirudin has a chemical formula of C287H440N80O110S6 with a molecular weight of 6963.52.

It is mainly indicated for the prevention of deep vein thrombosis in hip replacement surgery patients. 
Common side effects include: Bleeding gums, collection of blood under the skin, coughing up blood, deep, dark purple bruise and difficulty with breathing or swallowing. Desirudin is a direct, highly selective thrombin inhibitor. Reversibly binds to the active thrombin site of free and clot-associated thrombin. Inhibits fibrin formation, activation of coagulation factors V, VII, and XIII, and thrombin-induced platelet aggregation resulting in a dose-dependent prolongation of the activated partial thromboplastin time (aPTT)."
179,histrelin,"Histrelin is a gonadotropin-releasing hormone (GnRH) agonist that acts as a potent inhibitor of gonadotropin when administered as an implant delivering continuous therapeutic doses. This drug is a synthetic analog of naturally occurring GnRH with a higher potency. Histrelin implants are non-biodegradable, diffusion-controlled, hydrogel polymer reservoirs containing histrelin acetate that need to be replaced every 52 weeks.[L41700,L41715,L41755]

Initially, histrelin implants were developed to reduce testosterone to castration levels in patients with advanced prostate cancer.[L41715] The Vantas product was approved by the FDA in October 2004 for the palliative treatment of this condition.[L41715] Vantas was later discontinued by Endo Pharmaceuticals Inc. on September 21, 2021.[L41710]

 Histrelin is a gonadotropin-releasing hormone (GnRH) agonist that acts as a potent inhibitor of gonadotropin.[L41700,L41715] GnRH binds to the GnRH receptor located on the pituitary gonadotrophs, and this leads to the production of luteinizing hormone (LH) and follicle-stimulating hormone (FSH), as well as the regulation of sexual maturation and reproductive function.[A248200]

When administered"
180,calcium folinate,"Folinic Acid (also known as 5-formyl tetrahydrofolic acid or leucovorin) is the 5-formyl derivative of tetrahydrofolic acid, a necessary co-factor in the body. Commercially available leucovorin is composed of a 1:1 racemic mixture of the dextrorotary and levorotary isomers, while levoleucovorin contains only the pharmacologically active levo-isomer. In vitro, the levo-isomer has been shown to be rapidly converted to the biologically available methyl-tetrahydrofolate form while the dextro form is slowly excreted by the kidneys. Despite this difference in activity, the two commercially available forms have been shown to be pharmacokinetically identical and may be used interchangeably with limited differences in efficacy or side effects (Kovoor et al, 2009). 

As folate analogs, leucovorin  As leucovorin is a derivative of folic acid, it can be used to increase levels of folic acid under conditions favoring folic acid inhibition (following treatment of folic acid antagonists such as methotrexate). Leucovorin enhances the activity of fluorouracil by stabilizing the bond of the active metabolite (5-FdUMP) to the enzyme thymidylate synthetase."
181,naftifine,"Naftifine is a synthetic, broad spectrum, antifungal agent and allylamine derivative for the topical treatment of tinea pedis, tinea cruris, and tinea corporis caused by the organisms Trichophyton rubrum, Trichophyton mentagrophytes, Trichophyton tonsurans and Epidermophyton floccosum. Although the exact mechanism of action against fungi is not known, naftifine appears to interfere with sterol biosynthesis by inhibiting the enzyme squalene 2,3-epoxidase. This inhibition of enzyme activity results in decreased amounts of sterols, especially ergosterol, and a corresponding accumulation of squalene in the cells."
182,midodrine,"An ethanolamine derivative that is an adrenergic alpha agonist. It is used as a vasoconstrictor agent in the treatment of hypotension. Midodrine undergoes metabolism to form its pharmacologically active metabolite, desglymidodrine. Desglymidodrine acts as an agonist at the alpha<sub>1</sub>-adrenergic receptors expressed in the arteriolar and venous vasculature. Activation of alpha<sub>1</sub>-adrenergic receptor signaling pathways lead to an increase in the vascular tone and elevation of blood pressure. Desglymidodrine is report"
183,midazolam,"Midazolam is a short-acting hypnotic-sedative drug with anxiolytic, muscle relaxant, anticonvulsant, sedative, hypnotic, and amnesic properties.[A173842] It belongs to a class of drugs called _benzodiazepines_. This drug is unique from others in this class due to its rapid onset of effects and short duration of action.[A173842] Midazolam is available by oral, rectal, intranasal, intramuscular (IM), and intravenous (IV) routes and has been used in various biomedical applications, including dentistry, cardiac surgery, and endoscopic procedures as pre-anesthetic medication, and as an adjunct to local anesthesia.[F2977]

This drug was initially approved by the US FDA in 1985, and has been approved for various indications since.[L45098] In late 2018, the intramuscular preparation was approved The actions of benzodiazepines such as midazolam are mediated through the inhibitory neurotransmitter gamma-aminobutyric acid (GABA), which is one of the major inhibitory neurotransmitters in the central nervous system. Benzodiazepines increase the activity of GABA, thereby producing a sedating effect, relaxing skeletal muscles, and inducing sleep, anesthesia, and amnesia. Benzodiazepines bind to "
184,didanosine,"A dideoxynucleoside compound in which the 3&#39;-hydroxy group on the sugar moiety has been replaced by a hydrogen. This modification prevents the formation of phosphodiester linkages which are needed for the completion of nucleic acid chains. Didanosine is a potent inhibitor of HIV replication, acting as a chain-terminator of viral DNA by binding to reverse transcriptase; ddI is then metabolized to dideoxyadenosine triphosphate, its putative active metabolite. Didanosine (ddI) is metabolized intracellularly by a series of cellular enzymes to its active moiety, dideoxyadenosine triphosphate (ddATP), which inhibits the HIV reverse transcriptase enzyme competitively by competing with natural dATP. It also acts as a chain terminator by its incorporation into viral DNA as the lack of a 3'-OH group in the incorporated nucleoside analogue prevents the formatio"
185,conivaptan,"Conivaptan is a non-peptide inhibitor of antidiuretic hormone (vasopressin). It was approved in 2004 for hyponatremia (low blood sodium levels) caused by syndrome of inappropriate antidiuretic hormone (SIADH). Conivaptan inhibits both isotypes of the vasopressin receptor (V1a and V2). Conivaptan is a dual AVP antagonist with nanomolar affinity for human arginine vasopressin V<sub>1A</sub> and V<sub>2</sub> receptors <i>in vitro</i>. This antagonism occurs in the renal collecting ducts, resulting in aquaresis, or excretion of free water."
186,enfuvirtide,"Enfuvirtide is a 36 amino acid biomimetic peptide that is structurally similar to the HIV proteins that are responsible for the fusion of the virus to cell membranes and subsequent intracellular uptake. The first agent in the novel class of antiretroviral drugs called HIV fusion inhibitors, enfuvirtide works by inhibiting HIV-1 fusion with CD4 cells. Enfuvirtide binds to the first heptad-repeat (HR1) in the gp41 subunit of the viral envelope glycoprotein and prevents the conformational changes required for the fusion of viral and cellular membranes. By disrupting the HIV-1 molecular machinery during its final stage of fusion with the target cell, enfuvirtide limits the spread of further infection. Enfuvirtide is a biomimetic peptide that was r"
187,lisdexamfetamine,"Lisdexamfetamine is a prodrug of [dextroamphetamine], a central nervous system stimulant known as d-amphetamine,[A40246] covalently attached to the naturally occurring amino acid L-lysine.[A2230] Lisdexamfetamine is the first chemically formulated prodrug stimulant [A40246] and was first approved by the FDA in April 2008.[A2230] It was also approved by Health Canada in February 2009.[L48285] Lisdexamfetamine works to treat attention deficit hyperactivity disorder and binge eating disorder [A2230] by blocking dopamine and norepinephrine reuptake and increasing their levels in the extraneuronal space.[L48280] Lisdexamfetamine is a prodrug of dextroamphetamine, which is a noncatecholamine sympathomimetic amine with CNS stimulant activity. Dextroamphetamine is a known inhibitor of the dopamine transporter (DAT), noradrenaline transporter (NET) and vesicular monoamine transporter 2 (VMAT2), with a weaker affinity for the serotonin transporter (SERT). It is also a weak monoamine oxidase (MAO) inhibitor.[A4"
188,butorphanol,"A synthetic morphinan analgesic with narcotic antagonist action. It is used in the management of severe pain. The exact mechanism of action is unknown, but is believed to interact with an opiate receptor site in the CNS (probably in or associated with the limbic system). The opiate antagonistic effect may result from competitive inhibition at the opiate receptor, but may also be a result of other mechanisms. Butorphanol is believed to have both partial agonism and partial antagonism at the μ-opioid recept"
189,romidepsin,"Romidepsin is a selective inhibitor of histone deacetylase, approved in the US in 2009 for the treatment of cutaneous T-cell lymphoma (CTCL) in patients who have received at least one prior systemic therapy. Romidepsin is a prodrug, where it becomes active once taken up into the cell. The active metabolite has a free thiol group, which interacts with zinc ions in the active site of class 1 and 2 HDAC enzymes, resulting in inhibition of its enzymatic activity. Certain tumors have over expressed HDACs and downregulated/mutated histone acetyltransferases. This imbalance of HDAC relative to histone acetyl"
190,nadolol,"Nadolol is a nonselective beta adrenal receptor blocker that is used to lower blood pressure.[L7922,L7925] Nonselective beta adrenal receptor blockers may no longer be first line in the treatment of hypertension as newer generations of beta adrenal receptor blockers have higher selectivity and offer better rates of adverse effects.[A34177]

Nadolol was granted FDA approval on 10 December 1979.[L7922] Although nadolol is described as a non selective beta blocker, it does not interact with beta 3 adrenal receptors.[A182402] Antagonism of beta-1 and beta-2 adrenoceptors in the heart inhibits cyclic AMP and its signalling pathway, decreasing the strength and speed of contractions as well as the speed of relaxation and conduction.[A34177] Antagonism of beta-2 adrenoceptors in the smooth muscle cell"
191,florbetapir (18F),"Florbetapir (18F) is a radiopharmaceutical compound containing the radionuclide fluorine-18 bound to the compound florbetapir, a molecule that binds with high affinity to beta amyloid plaque, a peptide that plays a key role in Alzheimer's Disease pathogenesis. Marketed as the product Amyvid, florbetapir 18F is indicated for positron emission tomography (PET) imaging of the brain to estimate β-amyloid neuritic plaque density in adult patients with cognitive impairment who are being evaluated for Alzheimer's Disease (AD) and other causes of cognitive decline.  

The radionucleide fluorine-18 was chosen as it has a half life of 110 minutes allowing it to accumulate sufficiently in the brain before undergoing positon emission decay. Florbetapir (18F) is a radiopharmaceutical compound containing the radionuclide fluorine-18 bound to the compound florbetapir, a molecule that binds with high affinity to beta amyloid plaque, a peptide that plays a key role in Alzheimer's Disease pathogenesis. The radionucleide fluorine-18 was chosen as it has a half life of 110 minutes allowing it to accumulate sufficiently in the brain before un"
192,flunisolide,"Flunisolide (marketed as AeroBid, Nasalide, Nasarel) is a corticosteroid with anti-inflammatory actions. It is often prescribed as treatment for allergic rhinitis and its principle mechanism of action involves activation of glucocorticoid receptors. Flunisolide is a glucocorticoid receptor agonist. The antiinflammatory actions of corticosteroids are thought to involve lipocortins, phospholipase A2 inhibitory proteins which, through inhibition arachidonic acid, control the biosynthesis of prostaglandins and leukotrienes. The immune system is suppressed by corticosteroids due to a decrease in the function of the lymphatic system, a reduction in"
193,daunorubicin,"A very toxic anthracycline aminoglycoside antineoplastic isolated from Streptomyces peucetius and others, used in treatment of leukemia and other neoplasms. Daunorubicin has antimitotic and cytotoxic activity through a number of proposed mechanisms of action: Daunorubicin forms complexes with DNA by intercalation between base pairs, and it inhibits topoisomerase II activity by stabilizing the DNA-topoisomerase II complex, preventing the religation portion of the ligation-religation reaction that topoisomerase II catalyzes."
194,fosamprenavir,"Fosamprenavir is a prodrug of amprenavir, an inhibitor of human immunodeficiency virus (HIV) protease. Fosamprenavir is a prodrug that is rapidly hydrolyzed to amprenavir by cellular phosphatases in the gut epithelium as it is absorbed. Amprenavir is an inhibitor of HIV-1 protease. During HIV replication, HIV protease cleaves viral polypeptide products of the Gag and Gag-Pol genes to form structural proteins of the virion core and essential viral enzymes. Amprenavir interferes with this process by "
195,sodium phenylbutyrate,"Phenylbutyric acid is a fatty acid and a derivative of [butyric acid] naturally produced by colonic bacteria fermentation. It demonstrates a number of cellular and biological effects, such as relieving inflammation and acting as a chemical chaperone.[A249035] It is used to treat genetic metabolic syndromes, neuropathies, and urea cycle disorders.[L386,L42105] Sodium phenylbutyrate is the most commonly used salt used in drug products of phenylbutyric acid. Sodium phenylbutyrate is a pro-drug that rapidly metabolizes to phenylacetate.[L386] Phenylacetate is conjugated with phenylacetyl-CoA, which in turn combines with glutamine via acetylation to form phenylacetylglutamine. Phenylacetylglutamine is then excreted by the kidneys, thus providing an alternat"
196,metolazone,A quinazoline-sulfonamide that is considered a thiazide-like diuretic which is long-acting so useful in chronic renal failure. It also tends to lower blood pressure and increase potassium loss. The actions of metolazone result from interference with the renal tubular mechanism of electrolyte reabsorption. Metolazone acts primarily to inhibit sodium reabsorption at the cortical diluting site and to a lesser extent in the proximal convoluted tubule. Sodium and chloride ions are excreted in approximately equivalent amounts. The increased delivery of sodium to the distal tubular exchange sit
197,metoprolol,"Metoprolol is a selective beta-1 blocker commonly employed as the succinate and tartrate derivatives depending if the formulation is designed to be of immediate release or extended release.[A175159, L5530] The possibility of the generation of these formulations comes from the lower systemic bioavailability of the succinate derivative.[T274] To this date, it is one of the preferred beta-blockers in general clinical guidelines and it is widely prescribed in the Netherlands, New Zealand, and the US.[A175162] Metoprolol was developed since 1969 by US Pharmaceutical Holdings I and FDA approved in 1978.[L5527] Metoprolol is a beta-1-adrenergic receptor inhibitor specific to cardiac cells with negligible effect on beta-2 receptors. This inhibition decreases cardiac output by producing negative chronotropic and inotropic effects without presenting activity towards membrane stabilization nor intrinsic sympathomimetics.[A175141]"
198,metronidazole,"Metronidazole is a commonly used antibiotic, belonging to the nitroimidazole class of antibiotics.[L3754] It is frequently used to treat gastrointestinal infections as well as trichomoniasis and giardiasis, and amebiasis which are parasitic infections.[A181036,A181039] Metronidazole has been used as an antibiotic for several decades[L7429], with added antiparasitic properties that set it apart from many other antibacterial drugs, allowing it to treat a wide variety of infections. It is available in capsule form, tablet form, and topical form, and suppository preparations for the treatment of various infections. The exact mechanism of action of metronidazole has not been fully established, however, it is possible that an intermediate in the reduction of metronidazole which is only made by anaerobic bacteria and protozoa, binds deoxyribonucleic acid and electron-transport proteins of organisms, blocking nucleic acid synthesis.[L3754]
After administration, metronidazole enters cells by passive diffusion. F"
199,gemifloxacin,"Gemifloxacin is a quinolone antibacterial agent with a broad-spectrum activity that is used in the treatment of acute bacterial exacerbation of chronic bronchitis and mild-to-moderate pneumonia. It is available in oral formulations. Gemifloxacin acts by inhibiting DNA synthesis through the inhibition of both DNA gyrase and topoisomerase IV, which are essential for bacterial growth. The bactericidal action of gemifloxacin results from inhibition of the enzymes topoisomerase II (DNA gyrase) and topoisomerase IV, which are required for bacterial DNA replication, transcription, repair, and recombination."
200,mexiletine,"Antiarrhythmic agent pharmacologically similar to lidocaine. It may have some anticonvulsant properties. Mexiletine, like lidocaine, inhibits the inward sodium current required for the initiation and conduction of impulses, thus reducing the rate of rise of the action potential, Phase 0. It achieves this reduced sodium current by inhibiting sodium channels. Mexiletine decreases the effective refractory period (ERP) in Purkinje fibers in the heart. The decrease in ERP is of lesser magnitude than the d"
201,perampanel,"Perampanel is a noncompetitive AMPA glutamate receptor antagonist. It is marketed under the name Fycompa™ and is indicated as an adjunct in patients over 12 years old for the treatment of partial-onset seizures that may or may not occur with generalized seizures. The FDA label includes an important black-boxed warning of serious or life-threatening behavioral and psychiatric reactions in patients taking Fycompa™. The exact mechanism of action of perampanel in seizures is not yet determined, but it is known that perampanel decreases neuronal excitation by non-competitive ihibition of the AMPA receptor."
202,insulin aspart,"Insulin aspart is a rapid-acting form of insulin used for the treatment of hyperglycemia caused by Type 1 and Type 2 Diabetes. Insulin is typically prescribed for the management of diabetes mellitus to mimic the activity of endogenously produced human insulin, a peptide hormone produced by beta cells of the pancreas that promotes glucose metabolism. Insulin is released from the pancreas following a meal to promote the uptake of glucose from the blood into internal organs and tissues such as the liver, fat cells, and skeletal muscle. Absorption of glucose into cells allows for its transformation into glycogen or fat for storage. Insulin also inhibits hepatic glucose production, enhances protein synthesis, and inhibits lipolysis and proteolysis among many other functions.

Insulin is an im Insulin aspart binds to the insulin receptor (IR), a heterotetrameric protein consisting of two extracellular alpha units and two transmembrane beta units. The binding of insulin to the alpha subunit of IR stimulates the tyrosine kinase activity intrinsic to the beta subunit of the receptor. The bound receptor autophosphorylates and phosphorylates numerous intracellular substrates such as insulin "
203,linagliptin,"Linagliptin is a DPP-4 inhibitor developed by Boehringer Ingelheim for the treatment of type II diabetes [L9557]. Linagliptin differs from other DPP-4 inhibitors in that it has a non-linear pharmacokinetic profile, is not primarily eliminated by the renal system, and obeys concentration dependant protein binding[A37050]. Linagliptin was approved by the FDA on May 2, 2011[L9557]. Linagliptin is a competitive, reversible DPP-4 inhibitor. Inhibition of this enzyme slows the breakdown of GLP-1 and glucose-dependant insulinotropic polypeptide (GIP)[A37050,L9557]. GLP-1 and GIP stimulate the release of insulin from beta cells in the pancreas while inhibiting release of glucagon from pancreatic beta cells[L9557]. These effects together reduce the breakdown of glycogen in the liv"
204,glatiramer acetate,"Glatiramer acetate is a mix of synthetic polypeptides that includes L-glutamic acid, L-alanine, L-tyrosine, and L-lysine at an average molar fraction of 0.141, 0.427, 0.095, and 0.338, respectively.[L41940] Since glatiramer acetate is a heterogeneous drug, there is limited information about its physicochemical properties.[A248870] Originally, glatiramer acetate was designed as a stimulant of myelin basic protein (MBP), a myelin antigen involved in the development of multiple sclerosis (MS), to induce experimental autoimmune encephalitis (MS animal model).[A248870] However, the opposite was observed. Glatiramer acetate exhibits several immunomodulatory effects and reduces the relapse rate of relapsing-remitting multiple sclerosis (RRMS) by 30%.[A248870] Along with [human interferon beta], [ The mechanism of action of glatiramer acetate has not been fully elucidated; however, it is thought to act by modifying immune processes involved in the pathogenesis of multiple sclerosis (MS).[L41940] MS is characterized by damage to the myelin layer that covers nerve cells (demyelination) and axonal degeneration.[A3316,A248875] Also, it has been suggested that the myelin basic protein (MBP), a m"
205,dalteparin,"Dalteparin, a low molecular weight heparin (LMWH) prepared by nitrous acid degradation of unfractionated heparin of porcine intestinal mucosa origin, is an anticoagulant. It is composed of strongly acidic sulphated polysaccharide chains with an average molecular weight of 5000 and about 90% of the material within the range of 2000-9000. LMWHs have a more predictable response, a greater bioavailability, and a longer anti-Xa half life than unfractionated heparin. Dalteparin can also be safely used in most pregnant women. Low molecular weight heparins are less effective at inactivating factor IIa due to their shorter length compared to unfractionated heparin. Dalteparin potentiates the activity of ATIII, inhibiting the formation of both factor Xa and thrombin. The main difference between dalteparin and unfractionated heparin (UH) is that dalteparin preferentially inactivates factor Xa. As a result, only a slight increase in clotting time [(i.e. activated partial thomboplastin time (APTT)] is observed relative to UH. For this same reason, APTT is not us"
206,dexmethylphenidate,"Dexmethylphenidate is the dextrorotary form of methylphenidate introduced in 2002[A177181]. It is a norepinephrine-dopamine reuptake inhibitor (NDRI) and thus a psychostimulant[A177193]. It is used for treatment of Attention Deficit Hyperactivity Disorder (ADHD)[Label,A177181]. The d-isomer is thought to have greater effect with fewer side effects than the l-isomer or the racemic mixture[A177181]. Methylphenidate inhibits dopamine and norepinephrine reuptake transporters in synapses, especially in the thalamus and striatum[A177193]. One study shows no detectable difference in the caudal prefrontal cortex of treated or untreated monkeys, though multiple rat studies show activity on the prefrontal cortex[A177193]. Imaging of human brains after administration of methylphenidate shows changes t"
207,raltitrexed,"Raltitrexed (brand name Tomudex&reg;) is a chemotherapy drug manufactured AstraZeneca Company, is an antimetabolite used in chemotherapy. It is an inhibitor of thymidylate synthase. Raltitrexed is an antineoplastic Agents and folic acid antagonists. Raltitrexed inhibits thymidylate synthase (TS) leading to DNA fragmentation and cell death. It is transported into cells via a reduced folate carrier. Inside the cell Raltitrexed is extensively polyglutamated, which enhances thymidylate synthase inhibitory power and duration. Inhibition of this enzyme results in decreased synthesi"
208,tesamorelin,"Tesamorelin is a stabilized synthetic peptide analogue of the hypothalamic peptide, Growth Hormone Releasing Hormone (GHRH) indicated for the reduction of excess abdominal fat in HIV-infected patients with lipodystrophy. Lipodystrophy is a metabolic condition characterized by insulin resistance, fat redistribution, and hyperlipidemia associated with antiretroviral therapy for HIV infection. By acting on the pituitary cells in the brain, tesamorelin stimulates production and release of the endogenous hormone (hGRF). Tesamorelin therapy predisposes the patient to glucose intolerance and can also increase the risk of type 2 diabetes, so the drug is contraindicated in pregnancy."
209,pimozide,"A diphenylbutylpiperidine that is effective as an antipsychotic agent and as an alternative to haloperidol for the suppression of vocal and motor tics in patients with Tourette syndrome. Although the precise mechanism of action is unknown, blockade of postsynaptic dopamine receptors has been postulated. (From AMA Drug Evaluations Annual, 1994, p403) The ability of pimozide to suppress motor and phonic tics in Tourette's Disorder is thought to be primarily a function of its dopaminergic blocking activity. Pimozide binds and inhibits the dopamine D2 receptor in the CNS."
210,alendronic acid,"Alendronic acid is a second generation bisphosphonate that is used for the treatment of some forms of osteoperosis and Paget's disease[FDA Label][A959,A203111]. It functions by preventing resorption of bone[FDA Label][A959]. Alendronic acid binds to bone hydroxyapatite[FDA Label]. Bone resorption causes local acidification, releasing alendronic acid which is that taken into osteoclasts by fluid-phase endocytosis[A959]. Endocytic vesicles are acidified, releasing alendronic acid to the cytosol of osteoclasts where they induce apoptosis[A959]. Inhibition of osteoclasts results in decreased bone resorption which is shown"
211,albendazole,"A benzimidazole broad-spectrum anthelmintic structurally related to mebendazole that is effective against many diseases. (From Martindale, The Extra Pharmacopoeia, 30th ed, p38) Albendazole causes degenerative alterations in the tegument and intestinal cells of the worm by diminishing its energy production, ultimately leading to immobilization and death of the parasite. It works by binding to the colchicine-sensitive site of tubulin, thus inhibiting its polymerization or assembly into microtubules. As cytoplasmic microtubules are critical in promoting glucose uptake in la"
212,salbutamol,"Salbutamol (Albuterol [USAN]) is a short-acting, selective beta2-adrenergic receptor agonist used in the treatment of asthma and COPD. It is 29 times more selective for beta2 receptors than beta1 receptors giving it higher specificity for pulmonary beta receptors versus beta1-adrenergic receptors located in the heart. Salbutamol is formulated as a racemic mixture of the R- and S-isomers. The R-isomer has 150 times greater affinity for the beta2-receptor than the S-isomer and the S-isomer has been associated with toxicity. This lead to the development of levalbuterol, the single R-isomer of salbutamol. However, the high cost of levalbuterol compared to salbutamol has deterred wide-spread use of this enantiomerically pure version of the drug. Salbutamol is generally used for acute episodes o In vitro studies and in vivo pharmacologic studies have shown that salbutamol has a preferential effect on beta2-adrenergic receptors compared with isoproterenol.[Label,F3265,F3268] Although beta2­ adrenoceptors are the predominant adrenergic receptors in bronchial smooth muscle and beta1 adrenoceptors are the predominant receptors in the heart, there are also beta2-adrenoceptors in the human hear"
213,latanoprost,"Latanoprost is a prodrug analog of prostaglandin F2 alpha that is used to treat elevated intraocular pressure (IOP). It was initially approved by the FDA in 1998. Latanoprost is the first topical prostaglandin F2 alpha analog used for glaucoma treatment.[A184493] It has been found to be well-tolerated and its use does not normally result in systemic adverse effects like other drugs used to treat elevated intraocular pressure, such as [Timolol]. Another benefit latanoprost is that it can be administered once a day.[A184490] Elevated intraocular pressure leads to an increased risk of glaucomatous visual field loss. The higher the intraocular pressure, the higher the risk of damage to the optic nerve and loss of visual field.[L8357] Latanoprost selectively stimulates the prostaglandin F2 alpha receptor and this results in a decreased intraocular pressure (IOP) via the increased outflow of aqueous humor, which is often "
214,glycerol phenylbutyrate,"Glycerol phenylbutyrate is a nitrogen-binding agent. Chemically, it is a triglyceride in which three molecules of phenylbutyrate are linked to a glycerol backbone. FDA approved on February 1, 2013. The toxic accumulation of ammonia in the blood and brain arise from urea cycle disorders in which patients are deficient in critical enzymes or transporters that are involved in the synthesis of urea from ammonia. Glycerol phenylbutyrate is a prodrug - the major metabolite, phenylacetate (PAA) is the molecule that binds to nitrogen. PAA conjugates with glutamine (which contains 2 molecules of nitr"
215,sunitinib,"Sunitinib is a small-molecule multi-targeted receptor tyrosine kinase (RTK) inhibitor. On January 26, 2006, the agent was formally approved by the US FDA for the indications of treating renal cell carcinoma (RCC) and imatinib-resistant gastrointestinal stromal tumor (GIST). For these purposes, sunitinib is generally available as an orally administered formulation. Sunitinib inhibits cellular signaling by targeting multiple RTKs. These include all platelet-derived growth factor receptors (PDGF-R) and vascular endothelial growth factor receptors (VEGF-R). Sunitinib also inhibits KIT (CD117), the RTK that drives the majority of GISTs. In addition, sunitinib inhibits other RTKs including RET, CSF-1R, and flt3. Sunitinib is a small molecule that inhibits multiple RTKs, some of which are implicated in tumor growth, pathologic angiogenesis, and metastatic progression of cancer. Sunitinib was evaluated for its inhibitory activity against a variety of kinases (>80 kinases) and was identified as an inhibitor of platelet-derived growth factor receptors (PDGFRa and PDGFRb), vascular endothelial growth factor re"
216,asenapine,"Developed by Schering-Plough after its merger with Organon International, asenapine is a sublingually administered, atypical antipsychotic for treatment of schizophrenia and acute mania associated with bipolar disorder. Asenapine also belongs to the dibenzo-oxepino pyrrole class. It is also for severe post-traumatic stress disorder nightmares in soldiers as an off-label use. FDA approved on August 13, 2009. Asenapine is an atypical antipsychotic multireceptor neuroleptic drug which shows strong 5HT2A (serotonin) and D2 (dopamine) receptor antagonism, which has been shown to enhance dopamine (DA) and acetylcholine (Ach) efflux in rat brains. Asenapine may improve cognitive function and negative symptoms in patients with schizophrenia."
217,rizatriptan,"Rizatriptan is a second-generation triptan [A258918] and a selective 5-HT<sub>1B and 5-HT1D</sub> receptor agonist.[L46018] Used in the treatment of migraines, rizatriptan was first approved in the US in 1998.[L46018] Rizatriptan is available in oral tablets, orally disintegrating tablets (wafers), and oral film formulations. There are several physiological and molecular processes implicated in the pathophysiology of migraine. Vasodilation of intracranial extracerebral blood vessels, particularly those supplying the dura mater, has been associated with migraine pain.[A1460, A258928] Activation of the trigeminovascular system leads to the release of vasoactive neuropeptides (such as substance P, calcitonin gene-related "
218,risperidone,"Risperidone is a second-generation antipsychotic (SGA) medication used in the treatment of a number of mood and mental health conditions including schizophrenia and bipolar disorder.[L12885] It is one of the most widely used SGAs. [Paliperidone], another commonly used SGA, is the primary active metabolite of risperidone (i.e. 9-hydroxyrisperidone).[L12885]

Schizophrenia and various mood disorders are thought to be caused by an excess of dopaminergic D2 and serotonergic 5-HT2A activity, resulting in overactivity of central mesolimbic pathways and mesocortical pathways, respectively. Risperidone is thought to reduce this overactivity through inhibition of dopaminergic D2 receptors and serotonergic 5-HT2A receptors in the brain.[L12885]

Risperidone binds with a very high affinity to 5-H Though its precise mechanism of action is not fully understood, current focus is on the ability of risperidone to inhibit the D2 dopaminergic receptors and 5-HT2A serotonergic receptors in the brain. Schizophrenia is thought to result from an excess of dopaminergic D2 and serotonergic 5-HT2A activity, resulting in overactivity of central mesolimbic pathways and mesocortical pathways, respectively."
219,riluzole,"A glutamate antagonist (receptors, glutamate) used as an anticonvulsant (anticonvulsants) and to prolong the survival of patients with amyotrophic lateral sclerosis. Riluzole is marketed as Rilutek by Sanofi. The mode of action of riluzole is unknown. Its pharmacological properties include the following, some of which may be related to its effect: 1) an inhibitory effect on glutamate release (activation of glutamate reuptake), 2) inactivation of voltage-dependent sodium channels, and 3) ability to interfere with intracellular events that follow transmitter binding at excitatory amino acid receptors."
220,rimantadine,"An RNA synthesis inhibitor that is used as an antiviral agent in the prophylaxis and treatment of influenza. The mechanism of action of rimantadine is not fully understood. Rimantadine appears to exert its inhibitory effect early in the viral replicative cycle, possibly inhibiting the uncoating of the virus. The protein coded by the M2 gene of influenza A may play an important role in rimantadine susceptibility."
221,bisoprolol,"Bisoprolol is a cardioselective β1-adrenergic blocking agent used to treat high blood pressure.[A180472,L7219] It is considered a potent drug with a long-half life that can be used once daily to reduce the need for multiple doses of antihypertensive drugs.[A180472] Bisoprolol is generally well tolerated, likely due to its β1-adrenergic receptor selectivity and is a useful alternative to non-selective β-blocker drugs in the treatment of hypertension such as [Carvedilol] and [Labetalol]. It may be used alone or in combination with other drugs to manage hypertension[L7219] and can be useful in patients with chronic obstructive pulmonary disease (COPD) due to its receptor selectivity.[A180562] Though the mechanism of action of bisoprolol has not been fully elucidated in hypertension, it is thought that therapeutic effects are achieved through the antagonism of β-1adrenoceptors to result in lower cardiac output. Bisoprolol is a competitive, cardioselective β1-adrenergic antagonist. When β1-receptors (located mainly in the heart)[T640] are activated by adrenergic neurotransmitters such as"
222,theophylline,"A methylxanthine derivative from tea with diuretic, smooth muscle relaxant, bronchial dilation, cardiac and central nervous system stimulant activities. Mechanistically, theophylline acts as a phosphodiesterase inhibitor, adenosine receptor blocker, and histone deacetylase activator. Theophylline is marketed under several brand names such as Uniphyl and Theochron, and it is indicated mainly for asthma, bronchospasm, and COPD. Theophylline relaxes the smooth muscle of the bronchial airways and pulmonary blood vessels and reduces airway responsiveness to histamine, methacholine, adenosine, and allergen. Theophylline competitively inhibits type III and type IV phosphodiesterase (PDE), the enzyme responsible for breaking down cyclic AMP in smooth muscle cells, possibly resulting in bronchodilation. Theophylline also binds "
223,amisulpride,"Amisulpride is a benzamide derivative and a dopamine receptor antagonist that selectively works on dopamine D2 and D3 receptors. As an antipsychotic agent, amisulpride alleviates both positive and negative symptoms of schizophrenia, and it exhibits antidepressant properties in patients with psychiatric disorders, dysthymia, and major depression.[A6755] Amisulpride predominantly works in the limbic system, which explains its relatively lower risk of extrapyramidal adverse effects compared to other atypical antipsychotic agents.[A6752, L32764] Oral tablets of amisulpride is used in European countries as a treatment for acute and chronic schizophrenic disorders, as well as secondary negative symptoms in mental health disorders such as affective disorders, depressive mood, and mental retardati Dopamine is an essential and critical neurotransmitter produced in the substantia nigra and ventral tegmental regions of the brain. Dopaminergic projection function in the nigrostriatal, mesolimbic, and mesocortical systems. Hyperactive dopamine transmission in the mesolimbic areas, or dopamine dysregulation in various major brain regions, is understood as the key driver of positive and negative s"
224,tazarotene,"Tazarotene, commonly marketed as Tazorac®, Avage®, and Zorac®, is member of the acetylenic class of retinoids. It is a prodrug that is found in topical formulations used in the treatment of various conditons, such as psoriasis, acne, and sun damaged skin (photodamage). Although the exact mechanism of tazarotene action is not known, studies have shown that the active form of the drug (tazarotenic acid) binds to all three members of the retinoic acid receptor (RAR) family: RARa, RARb, and RARg, but shows relative selectivity for RARb, and RARg and may modify gene expression. It also has affinity for RXR receptors."
225,ustekinumab,"Ustekinumab is a human immunoglobulin (Ig) G1 kappa monoclonal antibody directed against interleukin(IL)-12 and IL-23, which are cytokines that are involved in immune and inflammatory responses.[A187349] It was generated via recombinant human IL-12 immunization of human Ig (hu-Ig) transgenic mice.[A187349] It is a targeted biologic disease-modifying anti-rheumatic drug (bDMARDs) that is used in the management of various inflammatory conditions that involve the activation of IL-12 and IL-23 signalling pathways.[A187346]

The therapeutic use of the drug started in Canada, the US, and Europe since 2009 when it was first approved for the treatment of adult patients with moderate to severe plaque psoriasis and active psoriatic arthritis, alone or in combination with [methotrexate]. In Septemb Interleukin (IL)-12 and IL-23 are heterodimeric cytokines that evoke immune and inflammatory responses, such as natural killer cell activation and CD4+ T-cell differentiation and activation.[L9386] The role of IL-12 and IL-23 were implicated in a variety of chronic inflammatory conditions, such as psoriasis and inflammatory bowel diseases. They modulate lymphocyte function, including T-helper (Th)"
226,pravastatin,"Pravastatin is the 6-alpha-hydroxy acid form of [mevastatin].[T303] Pravastatin was firstly approved in 1991 becoming the second available statin in the United States. It was the first statin administered as the active form and not as a prodrug.[T274] This drug was developed by Sankyo Co. Ltd.; however, the first approved pravastatin product was developed by Bristol Myers Squibb and FDA approved in 1991.[L6142]

Pravastatin is made through a fermentation process in which [mevastatin] is first obtained. The manufacturing process is followed by the hydrolysis of the lactone group and the biological hydroxylation with _Streptomyces carbophilus_ to introduce the allylic 6-alcohol group.[T239] Pravastatin is a specific inhibitor of the hepatic HMG-CoA reductase in humans.[T274] The inhibition of this enzyme produces a reduction in cholesterol biosynthesis as HMG-CoA reductase activity is an early-limiting step in cholesterol biosynthesis.[A177397]

The inhibitory mechanism of action produces a reduction in cholesterol synthesis which in order has been observed to increase the number o"
227,ceftazidime,"Bacteria possess a cell wall comprising a glycopeptide polymer commonly known as peptidoglycan, which is synthesized and remodelled through the action of a family of enzymes known as ""penicillin-binding proteins"" (PBPs).[A232920] β-lactam antibiotics, including cephalosporins, are PBP inhibitors that, through inhibition of essential PBPs, result in impaired cell wall homeostasis, loss of cell integrity, and ultimately bacterial cell death.[A232920, A232925, A232930] Ceftazidime is a third-generation cephalosporin with broad-spectrum antibacterial activity, including against some treatment-resistant bacteria such as _Pseudomonas aeruginosa_.[L32935]

Ceftazidime was approved by the FDA on July 19, 1985, and is currently available either alone or in combination with the non-β-lactam β-lact The bacterial cell wall, which is located at the periphery of Gram-positive bacteria and within the periplasm of Gram-negative bacteria, comprises a glycopeptide polymer synthesized through cross-linking of glycans to peptide stems on alternating saccharides, which is known commonly as peptidoglycan.[A232920] Cell wall formation, recycling, and remodelling require numerous enzymes, including a fam"
228,acamprosate,"Alcohol use disorder is responsible for a large worldwide burden of morbidity, premature mortality, and economic consequences resulting from accidents, violence, incarceration, decreased productivity, and increased healthcare spending.[A229073]

Acamprosate, also known by the brand name Campral, is a drug used for the maintenance of alcohol abstinence. It is a structural analogue of the neurotransmitter γ-aminobutyric acid (GABA).[L31758] Acamprosate is the first medication specifically formulated for the maintenance of alcohol abstinence in ethanol-dependent patients after alcohol detoxification[A997], unlike [naltrexone] and [disulfiram]. It was first approved by the FDA in 2004 and initially marketed by Forest Laboratories.[L31783] The mechanism of action of acamprosate for the maintenance of alcohol abstinence has not been established. Chronic alcohol exposure is believed to modify the balance between neuronal excitation and inhibition. Results of studies in animals suggest acamprosate may interact with glutamate and GABA neurotransmitter systems in the CNS, supporting the hypothesis that acamprosate restores the balance be"
229,capsaicin,"Capsaicin is most often used as a topical analgesic and exists in many formulations of cream, liquid, and patch preparations of various strengths; however, it may also be found in some dietary supplements. Capsaicin is a naturally-occurring botanical irritant in chili peppers, synthetically derived for pharmaceutical formulations. The most recent capsaicin FDA approval was Qutenza, an 8% capsaicin patch dermal-delivery system, indicated for neuropathic pain associated with post-herpetic neuralgia. Capsaicin has been shown to reduce the amount of substance P associated with inflammation - however this is not believed to be its main mechanism in the relief of pain [A32319]. Capsaicin's mechanism of action is attributed to ""defunctionalization"" of nociceptor fibers by inducing a topical hypersensitivity reaction on the skin. This alteration in pain mechanisms is due to many of the following: t"
230,pazopanib,"Pazopanib is a small molecule inhibitor of multiple protein tyrosine kinases with potential antineoplastic activity. It is developed by GlaxoSmithKline and was FDA approved on October 19, 2009. Pazopanib is a second-generation multitargeted tyrosine kinase inhibitor against vascular endothelial growth factor receptor-1, -2, and -3, platelet-derived growth factor receptor-alpha, platelet-derived growth factor receptor-beta, and c-kit. These receptor targets are part of the angiogenesis pathway that facilitates the formation of tumour blood vessel for tumour survival and growth."
231,sotalol,"Sotalol is a methanesulfonanilide developed in 1960.[A178579] It was the first of the class III anti arrhythmic drugs.[A178579] Sotalol was first approved as an oral tablet on 30 October 1992.[L6334] A racemic mixture of sotalol is currently formulated as a tablet, oral solution, and intravenous injection indicated for life threatening ventricular arrhythmias and maintaining normal sinus rhythm in atrial fibrillation or flutter.[Label,L6373,L6376] Sotalol inhibits beta-1 adrenoceptors in the myocardium as well as rapid potassium channels to slow repolarization, lengthen the QT interval, and slow and shorten conduction of action potentials through the atria.[A178522,A178540,A178561,A34177] The action of sotalol on beta adrenergic receptors lengthens the sinus node cycle, conduction time through the atrioventricular node, refractory period, a"
232,cevimeline,"Cevimeline is a parasympathomimetic agent that act as an agonist at the muscarinic acetylcholine receptors M1 and M3. It is indicated by the Food and Drug Administration for the treatment of dry mouth associated with Sjögren's syndrome. Muscarinic agonists such as cevimeline bind and activate the muscarinic M1 and M3 receptors. The M1 receptors are common in secretory glands (exocrine glands such as salivary and sweat glands), and their activation results in an increase in secretion from the secretory glands. The M3 receptors are found on smooth muscles and in many glands which help to stimulate secretion in salivary glands, and "
233,danazol,"A synthetic steroid with antigonadotropic and anti-estrogenic activities that acts as an anterior pituitary suppressant by inhibiting the pituitary output of gonadotropins. It possesses some androgenic properties. Danazol has been used in the treatment of endometriosis and some benign breast disorders. As a gonadotropin inhibitor, danazol suppresses the pituitary-ovarian axis possibly by inhibiting the output of pituitary gonadotropins. Danazol also depresses the preovulatory surge in output of follicle-stimulating hormone (FSH) and luteinizing hormone (LH), thereby reducing ovarian estrogen production. Danazol may also directly inhibits ovarian steroidogenesis; bind to androgen, progesterone, a"
234,mannitol,"Mannitol is an osmotic diuretic that is metabolically inert in humans and occurs naturally, as a sugar or sugar alcohol, in fruits and vegetables. Mannitol elevates blood plasma osmolality, resulting in enhanced flow of water from tissues, including the brain and cerebrospinal fluid, into interstitial fluid and plasma. As a result, cerebral edema, elevated intracranial pressure, and cerebrospinal fluid volume and pressure may be reduced. Mannitol may also be used for the promotion of diuresis before irreversible renal failure becomes established; the promotion of urinary excretion of toxic substances; as an Antiglaucoma agent; and as a renal function diagnostic aid.

On October 30, 2020, mannitol was approved by the FDA as add-on maintenance therapy for the control of pulmonary symptoms  Mannitol is an osmotic diuretic that is metabolically inert in humans and occurs naturally, as a sugar or sugar alcohol, in fruits and vegetables. Mannitol elevates blood plasma osmolality, resulting in enhanced flow of water from tissues, including the brain and cerebrospinal fluid, into interstitial fluid and plasma. As a result, cerebral edema, elevated intracranial pressure, and cerebrospinal "
235,diazepam,"A benzodiazepine with anticonvulsant, anxiolytic, sedative, muscle relaxant, and amnesic properties and a long duration of action. Its actions are mediated by enhancement of gamma-aminobutyric acid activity. It is used in the treatment of severe anxiety disorders, as a hypnotic in the short-term management of insomnia, as a sedative and premedicant, as an anticonvulsant, and in the management of alcohol withdrawal syndrome. (From Martindale, The Extra Pharmacopoeia, 30th ed, p589)

Given diazepam's storied history as a commonly used and effective medication for a variety of indications, contemporary advancements in the formulation and administration of the agent include the development and US FDA approval of an auto-injectable formulation for the rapid treatment of uncontrolled seizures  Diazepam is a benzodiazepine tranquilliser with anticonvulsant, sedative, muscle relaxant and amnesic properties [F3157, F3160, L5188].

Benzodiazepines, such as diazepam, bind to receptors in various regions of the brain and spinal cord. This binding increases the inhibitory effects of gamma-aminobutyric acid (GABA) [F3157, F3160, L5188]. GABAs functions include CNS involvement in sleep inducti"
236,tobramycin,"Aminoglycosides, many of which are derived directly from _Streptomyces_ spp., are concentration-dependent bactericidal antibiotics with a broad spectrum of activity against Gram-positive and Gram-negative organisms.[A232294] Inhaled tobramycin is notable for its use in treating chronic _Pseudomonas aeruginosa_ infections in cystic fibrosis patients, as _P. aeruginosa_ is notoriously inherently resistant to many antibiotics.[A232294, A232299, L32739] However, tobramycin can also be administered intravenously and topically to treat a variety of infections caused by susceptible bacteria.[L32744, L32749] Its use is limited in some cases by characteristic toxicities such as nephrotoxicity and ototoxicity, yet it remains a valuable option in the face of growing resistance to front-line antibioti Tobramycin is a 4,6-disubstituted 2-deoxystreptamine (DOS) ring-containing aminoglycoside antibiotic with activity against various Gram-negative and some Gram-positive bacteria.[L32739, L32744, L32749] The mechanism of action of tobramycin has not been unambiguously elucidated, and some insights into its mechanism rely on results using similar aminoglycosides. In general, like other aminoglycoside"
237,tenofovir disoproxil,"Tenofovir disoproxil fumarate (a prodrug of tenofovir), marketed by Gilead Sciences under the trade name _Viread_, belongs to a class of antiretroviral drugs known as nucleotide analogue reverse transcriptase inhibitors (nRTIs).  This drug is prescribed in combination with other drugs for the management of HIV infection as well as for Hepatitis B therapy. Tenofovir disoproxil was initially approved in 2001 [FDA label]. Tenofovir belongs to a class of antiretroviral drugs known as nucleotide analog reverse transcriptase inhibitors (NtRTIs), which block reverse transcriptase, an enzyme necessary for viral production in HIV-infected individuals. This enables the management of HIV viral load through decreased viral replication [FDA label].

Tenofovir disoproxil fumarate is the fumarate salt of the prodrug _tenofov"
238,gefitinib,"Gefitinib (originally coded ZD1839) is a drug used in the treatment of certain types of cancer. Acting in a similar manner to erlotinib (marketed as Tarceva), gefitinib selectively targets the mutant proteins in malignant cells. It is marketed by AstraZeneca under the trade name Iressa. Gefitinib is an inhibitor of the epidermal growth factor receptor (EGFR) tyrosine kinase that binds to the adenosine triphosphate (ATP)-binding site of the enzyme. EGFR is often shown to be overexpressed in certain human carcinoma cells, such as lung and breast cancer cells. Overexpression leads to enhanced activation of the anti-apoptotic Ras signal transduction cascades, subsequently resulting i"
239,pergolide,"Pergolide is a long-acting dopamine agonist approved in 1982 for the treatment of Parkinson’s Disease. It is an ergot derivative that acts on the dopamine D2 and D3, alpha2- and alpha1-adrenergic, and 5-hydroxytryptamine (5-HT) receptors. It was indicated as adjunct therapy with levodopa/carbidopa in the symptomatic treatment of parkinsonian syndrome. It was later found that pergolide increased the risk of cardiac valvulopathy. The drug was withdrawn from the US market in March 2007 and from the Canadian market in August 2007. While the use of pergolide in humans is still approved in only some countries, pergolide is mainly used for veterinary purposes. The dopamine D<sub>2</sub> receptor is a 7-transmembrane G-protein coupled receptor associated with G<sub>i</sub> proteins. In lactotrophs, stimulation of dopamine D<sub>2</sub> receptor causes inhibition of adenylyl cyclase, which decreases intracellular cAMP concentrations and blocks IP3-dependent release of Ca<sup>2+</sup> from intracellular stores. Decreases in intracellular calcium levels may"
240,sodium phosphate,sodium phosphate
241,miconazole,"Miconazole is a broad-spectrum azole antifungal with some activity against Gram-positive bacteria as well.[A203636] It is widely used to treat mucosal yeast infections, including both oral and vaginal infections; although intravenous miconazole is no longer available, a wide variety of suppositories, creams, gels, and tablet-based products are available.[L14021, L14024, L14027, L14033, L14396] Miconazole is thought to act primarily through the inhibition of fungal CYP450 14α-lanosterol demethylase activity.[A203636, A203639]

Miconazole was first synthesized in 1969 and first granted FDA approval on January 8, 1974, for sale by INSIGHT Pharmaceuticals as a topical cream.[A214523, L14021] It is currently available as a variety of prescription and over the counter products. Despite having  Miconazole is an azole antifungal used to treat a variety of conditions, including those caused by _Candida_ overgrowth. Unique among the azoles, miconazole is thought to act through three main mechanisms.[A203636] The primary mechanism of action is through inhibition of the CYP450 14α-lanosterol demethylase enzyme, which results in altered ergosterol production and impaired cell membrane composit"
242,mianserin,"A tetracyclic compound with antidepressant effects. Mianserin was previously available internationally, however in most markets it has been phased out in favour of [mirtazapine]. Mianserin's mechanism of therapeutic action is not well understood, although it apparently blocks alpha-adrenergic, histamine H1, and some types of serotonin receptors."
243,vigabatrin,"Vigabatrin is an analog of gamma-aminobutyric acid ([GABA]), the main inhibitory neurotransmitter in the central nervous system, used in the treatment of refractory seizures and infantile spasms.[L13616] It irreversibly inhibits the enzyme responsible for GABA metabolism, thereby increasing levels of circulating GABA. Although administered as a racemic mixture, only the S(+) enantiomer is pharmacologically active.[A202037]

It was first introduced as an antiepileptic agent in the United Kingdom in 1989 and was used extensively until 1997, when an association with vision loss became apparent.[A202124] Its use is now generally reserved for patients who have failed alternative therapies, and its US approval by the FDA in 2009 mandated the creation of a drug registry to monitor patients for  Gamma-aminobutyric acid (GABA) is the major inhibitory transmitter throughout the central nervous system, and the potentiation of GABAergic neurotransmission is therefore a crucial mechanism through which antiepileptic agents may combat the pathologic excitatory neurotransmission seen in epilepsy.[A202064] Vigabatrin increases concentrations of GABA in the central nervous system by irreversibly in"
244,mupirocin,"Mupirocin, formerly termed pseudomonic acid A,[A178531] is a novel antibacterial agent with a unique chemical structure and mode of action apart from other antibiotic agents. Produced by fermentation using the organism _Pseudomonas fluorescens_, mupirocin is a naturally-occurring antibiotic that displays a broad-specturm activity against many gram-positive bacteria and certain gram-negative bacteria _in vitro_.[L10580] It primarily works by inhibiting bacterial protein synthesis. Due to its unique mode of action of inhibiting the activity of bacterial isoleucyl-tRNA synthetase, mupirocin does not demonstrate cross-resistance with other classes of antimicrobial agents, giving it a therapeutic advantage.[L10580] It is available in topical formulations only due to extensive systemic metabolis Mupirocin specifically and reversibly binds to bacterial isoleucyl transfer-RNA (tRNA) synthetase, which is an enzyme that promotes the conversion of isoleucine and tRNA to isoleucyl-tRNA. Inhibition of this enzyme subsequently leads to the inhibition of the bacterial protein and RNA synthesis.[A178531] Mupirocin is bacteriostatic at lower concentrations but it exerts bactericidal effects with pro"
245,cromoglicic acid,"A chromone complex that acts by inhibiting the release of chemical mediators from sensitized mast cells. It is used in the prophylactic treatment of both allergic and exercise-induced asthma, but does not affect an established asthmatic attack. Cromoglicate inhibits degranulation of mast cells, subsequently preventing the release of histamine and slow-reacting substance of anaphylaxis (SRS-A), mediators of type I allergic reactions. Cromoglicate also may reduce the release of inflammatory leukotrienes. Cromoglicate may act by inhibiting calcium influx."
246,lapatinib,"Lapatinib is an anti-cancer drug developed by GlaxoSmithKline (GSK) as a treatment for solid tumours such as breast and lung cancer. It was approved by the FDA on March 13, 2007, for use in patients with advanced metastatic breast cancer in conjunction with the chemotherapy drug capecitabine. Lapatinib is a human epidermal growth factor receptor type 2 (HER2/ERBB2) and epidermal growth factor receptor (HER1/EGFR/ERBB1) tyrosine kinases inhibitor. It binds to the intracellular phosphorylation domain to prevent receptor autophosphorylation upon ligand binding. Lapatinib is a 4-anilinoquinazoline kinase inhibitor of the intracellular tyrosine kinase domains of both epidermal growth factor receptor (HER1/EGFR/ERBB1) and human epidermal growth factor receptor type 2 (HER2/ERBB2)with a dissociation half-life of &ge;300 minutes. Lapatinib inhibits ERBB-driven tumor cell growth in vitro and in various animal models. An additive effect was demonstrated in an i"
247,ramelteon,"Ramelteon is the first in a new class of sleep agents that selectively binds to the melatonin receptors in the suprachiasmatic nucleus (SCN). It is used for insomnia, particularly delayed sleep onset. Ramelteon has not been shown to produce dependence and has shown no potential for abuse. Ramelteon is a melatonin receptor agonist with both high affinity for melatonin MT<sub>1</sub> and MT<sub>2</sub> receptors, and lower selectivity for the MT<sub>3</sub> receptor.  Melatonin production is concurrent with nocturnal sleep, meaning that an increase in melatonin levels is related to the onset of self-reported sleepiness and an increase in sleep propensity. MT<sub>1</sub> receptors are"
248,lamotrigine,"Lamotrigine is an antiepileptic drug belonging in the phenyltriazine class. It is used in the treatment of both epilepsy and as a mood stabilizer in bipolar disorder. Lamotrigine is the first medication since lithium granted Food and Drug Administration (FDA) approval for the maintenance treatment of bipolar type I. It is approved for use in more than 30 countries.[A191350]

Lamotrigine has relatively few side-effects and does not require laboratory monitoring. While it is indicated for epilepsy and bipolar disorders, there is evidence that lamotrigine could have some clinical efficacy in certain neuropathic pain states.[A849,A850] The exact mechanism of action of lamotrigine is not fully elucidated, as it may exert cellular activities that contribute to its efficacy in a range of conditions. Although chemically unrelated, lamotrigine actions resemble those of phenytoin and carbamazepine, inhibiting voltage-sensitive sodium channels, stabilizing neuronal membranes, thereby modulating the release of presynaptic excitatory neu"
249,zaleplon,"Zaleplon is a sedative/hypnotic, mainly used for insomnia. It is known as a nonbenzodiazepine hypnotic. Zaleplon interacts with the GABA receptor complex and shares some of the pharmacological properties of the benzodiazepines. Zaleplon is a schedule IV drug in the United States. Zaleplon exerts its action through subunit modulation of the GABA<sub>B</sub>Z receptor chloride channel macromolecular complex. Zaleplon also binds selectively to the brain omega-1 receptor located on the alpha subunit of the GABA-A/chloride ion channel receptor complex and potentiates t-butyl-bicyclophosphorothionate (TBPS) binding."
250,zafirlukast,"Zafirlukast is an oral leukotriene receptor antagonist (LTRA) for the maintenance treatment of asthma, often used in conjunction with an inhaled steroid and/or long-acting bronchodilator. It is available as a tablet and is usually dosed twice daily. Another leukotriene receptor antagonist is montelukast (Singulair), which is usually taken just once daily.

Zafirlukast blocks the action of the cysteinyl leukotrienes on the CysLT1 receptors, thus reducing constriction of the airways, build-up of mucus in the lungs and inflammation of the breathing passages. Zafirlukast is a selective and competitive receptor antagonist of leukotriene D4 and E4 (LTD<sub>4</sub> and LTE4), components of slow-reacting substance of anaphylaxis (SRSA). Cysteinyl leukotriene production and receptor occupation have been correlated with the pathophysiology of asthma, including airway edema, smooth muscle constriction, and altered cellular activity associated with the inflamm"
251,cefaclor,"Semisynthetic, broad-spectrum antibiotic derivative of cephalexin. Cefaclor, like the penicillins, is a beta-lactam antibiotic. By binding to specific penicillin-binding proteins (PBPs) located inside the bacterial cell wall, it inhibits the third and last stage of bacterial cell wall synthesis. Cell lysis is then mediated by bacterial cell wall autolytic enzymes such as autolysins. It is possible that cefaclor interferes with an autolysin inhibitor."
252,nilotinib,"Nilotinib, also known as AMN107, is a tyrosine kinase inhibitor under investigation as a possible treatment for chronic myelogenous leukemia (CML). A Phase I clinical trial in 2006 showed that this drug was relatively safe and offered significant therapeutic benefits in cases of CML which were found to be resistant to treatment with imatinib (Gleevec), another tyrosine kinase inhibitor used as a first-line treatment for CML. Chronic myelogenous leukaemia (CML) is caused by the BCR-ABL oncogene. Nilotinib inhibits the tyrosine kinase activity of the BCR-ABL protein. Nilotinib fits into the ATP-binding site of the BCR-ABL protein with higher affinity than imatinib, over-riding resistance caused by mutations. The ability of AMN107 to inhibit TEL-platelet-derived growth factor receptor-beta (TEL-PDGFRbeta), which causes c"
253,palonosetron,"Palonosetron (INN, trade name Aloxi) is an antagonist of 5-HT3 receptors that is indicated for the prevention and treatment of chemotherapy-induced nausea and vomiting (CINV). It is the most effective of the 5-HT3 antagonists in controlling delayed CINV nausea and vomiting that appear more than 24 hours after the first dose of a course of chemotherapy and is the only drug of its class approved for this use by the U.S. Food and Drug Administration. As of 2008, it is the most recent 5-HT3 antagonist to enter clinical use. Palonosetron is a selective serotonin 5-HT<sub>3</sub> receptor antagonist. The antiemetic activity of the drug is brought about through the inhibition of 5-HT<sub>3</sub> receptors present both centrally (medullary chemoreceptor zone) and peripherally (GI tract). This inhibition of 5-HT<sub>3</sub> receptors in turn inhibits the visceral afferent stimulation of the vomiting center, likely indirec"
254,letrozole,"Letrozole, or CGS 20267, is an oral non-steroidal type II aromatase inhibitor first described in the literature in 1990.[A190543,A1559,L11623,L11626] It is a third generation aromatase inhibitor like [exemestane] and [anastrozole], meaning it does not significantly affect cortisol, aldosterone, and thyroxine.[A190546]

Letrozole was granted FDA approval on 25 July 1997.[L11623] Letrozole is a non-steroidal type II aromatase inhibitor.[A1559] It blocks the active site, and therefore the electron transfer chain of CYP19A1.[A1559] This competitive inhibition prevents the conversion of androgens to estrogen.[A1559] This action leads to a reduction in uterine weight and elevated leuteinizing hormone.[L11623] In postmenopausal women, the action of aromatase is responsible for "
255,adefovir dipivoxil,"Adefovir dipivoxil, previously called bis-POM PMEA, with trade names Preveon and Hepsera, is an orally-administered acyclic nucleotide analog reverse transcriptase inhibitor (ntRTI) used for treatment of hepatitis B. It is ineffective against HIV-1. Adefovir dipivoxil is the diester prodrug of adefovir. Adefovir dipivoxil is a prodrug of adefovir. Adefovir is an acyclic nucleotide analog of adenosine monophosphate which is phosphorylated to the active metabolite adefovir diphosphate by cellular kinases. Adefovir diphosphate inhibits HBV DNA polymerase (reverse transcriptase) by competing with the natural substrate deoxyadenosine triphosphate and by causing DNA chain termination after its incorpor"
256,emtricitabine,"Emtricitabine is a nucleoside reverse transcriptase inhibitor (NRTI) indicated for the treatment of HIV infection in adults[L9019] or combined with [tenofovir alafenamide] for the prevention of HIV-1 infection in high risk adolescents and adults.[L9010] Emtricitabine is a cytidine analogue.[L9019] The drug works by inhibiting HIV reverse transcriptase, preventing transcription of HIV RNA to DNA.[L9019]

Emtricitabine was granted FDA approval on 2 July 2003.[L9019] Emtricitabine is a cytidine analog which, when phosphorylated to emtricitabine 5'-triphosphate, competes with deoxycytidine 5'-triphosphate for HIV-1 reverse transcriptase.[L9019] As HIV-1 reverse transcriptase incorporates emtricitabine into forming DNA strands, new nucleotides are unable to be incorporated, leading to  viral DNA chain termination.[L9019] Inhibition of reverse transcriptase preve"
257,bezafibrate,"Antilipemic agent that lowers cholesterol and triglycerides. It decreases low density lipoproteins and increases high density lipoproteins. It is generally accepted that bezafibrate is likely an agonist of PPAR-alpha. However, certain other investigations have also suggested that the substance might also elicit some effects on PPAR-gamma and PPAR-delta too."
258,droxidopa,"Droxidopa is a precursor of noradrenaline that is used in the treatment of Parkinsonism. It is approved for use in Japan and is currently in trials in the U.S. The racaemic form (dl-threo-3,4-dihydroxyphenylserine) has also been used, and has been investigated in the treatment of orthostatic hypotension. There is a deficit of noradrenaline as well as of dopamine in Parkinson's disease and it has been proposed that this underlies the sudden transient freezing seen usually in advanced disease.

Though L-DOPS has been used in Japan and Southeast Asia already for some time, it is also currently in clinical trials at the phase III point in the United States (U.S.), Canada, Australia, and throughout Europe. Provided L-DOPS successfully completes clinical trials, it could be approved for the tr Droxidopa crosses the blood-brain barrier where it is converted to norepinephrine via decarboxylation by L-aromatic-amino-acid decarboxylase. Norephinephrine acts at alpha-adrenergic receptors as a vasoconstrictor and at beta-adrenergic receptors as a heart stimulator and artery dilator."
259,pramipexole,"Pramipexole is a drug used to treat the symptoms of Parkinson's Disease (PD).  It is a _non-ergot dopamine agonist_ drug that is efficacious in treating various Parkinson's symptoms such as tremor, rigidity, and bradykinesia (slow movement) [A176867]. It was first approved by the FDA in 1997 [L5882]. Parkinson's Disease is one of the most common neurodegenerative disorders and causes a high level of disability in patients [A176855], leading to increased difficulty in performing activities of daily living due to symptoms that progress over time [A176858]. The prevalence of Parkinson's Disease worldwide has increased from approximately 2.5 million in 1990 to about 6.1 million in 2016 [A176861].  This increase may be attributed to an aging population along with other contributing factors [A17 The exact mechanism of action of pramipexole as a treatment for Parkinson's disease is unknown at this time. It is thought, however, that the ability of pramipexole to cause stimulation of the dopamine receptors in the striatum of the brain, a region that receives a vast array of neurological input and is responsible for a wide variety of functions, may be involved[A176891].  Studies performed in "
260,caffeine,"Caffeine is a drug of the methylxanthine class used for a variety of purposes, including certain respiratory conditions of the premature newborn, pain relief, and to combat drowsiness. Caffeine is similar in chemical structure to [Theophylline] and [Theobromine].[A187691,L9851] It can be sourced from coffee beans, but also occurs naturally in various teas and cacao beans, which are different than coffee beans.[T716] Caffeine is also used in a variety of cosmetic products and can be administered topically, orally, by inhalation, or by injection.[T716]

The caffeine citrate injection, used for apnea of the premature newborn, was initially approved by the FDA in 1999.[L9863] According to an article from 2017, more than 15 million babies are born prematurely worldwide. This correlates to abo The mechanism of action of caffeine is complex, as it impacts several body systems, which are listed below. The effects as they relate to various body systems are described as follows:

**General and cellular actions**

Caffeine exerts several actions on cells, but the clinical relevance is poorly understood. One probable mechanism is the inhibition of nucleotide phosphodiesterase enzymes, ade"
261,triptorelin,"Triptorelin is a synthetic decapeptide agonist analog of luteinizing hormone releasing hormone (LHRH). Possessing greater potency than endogenous LHRH, triptorelin reversibly represses gonadotropin secretion. After chronic, continuous administration, this agent effects sustained decreases in LH and FSH production and testicular and ovarian steroidogenesis. Serum testosterone concentrations may fall to levels typically observed in surgically castrated men. Triptorelin is a synthetic agonist analog of gonadotropin releasing hormone (GnRH).  Animal studies comparing triptorelin to native GnRH found that triptorelin had 13 fold higher releasing activity for luteinizing hormone, and 21-fold higher releasing activity for follicle-stimulating hormone."
262,glycopyrronium bromide,"Glycopyrronium, also known as NVA237 or glycopyrrolate, is a racemic mixture of two enantiomers.[L33110] They are both quaternary ammonium compounds and long acting muscarinic antagonists.[L33110] It is one of the most commonly prescribed anticholinergic medications.[A233535,A233540] Early research into glycopyrronium use was for its indication as an adjunct therapy in the treatment of peptic ulcers.[A233570,L33090] Later research, taking advantage of the systemic distribution of muscarinic receptors through the body, found that glycopyrronium could also be used for reducing sweat gland,[L4755] oral,[L33140] airway, and gastric secretions;[L33120] as well as reducing cardiac inhibitory reflexes;[L33120] and reducing bronchoconstriction in COPD.[L33105] Glycopyrronium is commonly prescribed Glycopyrronium is a muscarinic antagonist with the highest affinity for M1 receptors, followed by M3, M2/M4, and M5.[L33115] 

Muscarinic receptors M1 to M4 are found in the lung, although M3 is predominantly responsible for bronchoconstriction and airway secretions.[A18287,L33145,L33115] Secretions from salivary[A233545] and sweat[A233550] glands, as well as gastric acid secretions,[A233555] ar"
263,allopurinol,"Gout is a disease that occurs by the deposition of monosodium urate crystals (MSU) in body tissues, especially around joints [A175942].  This disease has been well-documented in historical medical records and appears in the biographies of several prominent, historically recognized individuals [A175942].

Allopurinol is a xanthine oxidase enzyme inhibitor that is considered to be one of the most effective drugs used to decrease urate levels and is frequently used in the treatment of chronic gout [A36705]. It was initially approved by the FDA in 1966 [L5674] and is now formulated by several manufacturers [L5677]. Allopurinol is a structural analog of the natural purine base, hypoxanthine.  After ingestion, allopurinol is metabolized to its active metabolite, oxypurinol (_alloxanthine_) in the liver [T508], which acts as an inhibitor of xanthine oxidase enzyme [FDA label]. 

Allopurinol and its active metabolite inhibit xanthine oxidase, the enzyme that converts hypoxanthine to xanthine and xanthine to ur"
264,alfuzosin,"Benign prostatic hyperplasia (BPH) refers to a benign growth or hyperplasia of the prostate and leads to lower urinary tract symptoms in men, such as urgency, frequency and changes to urine flow. The prevalence of BPH is as high as 50%-60% for males in their 60's, and this prevalence increases to 80%-90% of those over 70.[A228483] Alfuzosin is an alpha-1 adrenergic blocker used in the symptomatic treatment of BPH that works by relaxing the muscles in the prostate and bladder neck.[L31593] It was initially approved by the FDA in 2003 and is marketed by several pharmaceutical companies.[L9251] Alpha(1)-adrenoreceptors  are found in the prostate, bladder base, bladder neck, prostatic capsule, and prostatic urethra; their activation may lead to contraction of smooth muscle and urinary symptoms in patients with BPH.[A180688,L9251] Alfuzosin selectively binds to and inhibits alpha(1)-adrenergic receptors in the lower urinary tract.[A518] This leads to the relaxation of smooth muscle in both"
265,hydroxycarbamide,"Hydroxyurea is a non-alkylating antineoplastic agent that was first synthesized in 1869 but was not characterized biologically until 1928.[A262596] It was first approved by the FDA in 1998 for the treatment of sickle cell anemia in adults.[A262601] Although clinical evidence on the efficacy of hydroxyurea in certain conditions exists, hydroxyurea is used sparingly in clinical settings, largely due to lack of knowledge and adherence, the need for therapeutic monitoring, and serious side effects of secondary cancer and birth defects.[A262606] The precise mechanism by which hydroxyurea produces its antineoplastic effects cannot, at present, be described. However, the reports of various studies in rat and human tissue cultures lend support to the hypothesis that hydroxyurea causes an immediate inhibition of DNA synthesis, by acting as a ribonucleotide reductase inhibitor, without interfering with the synthesis of ribonucleic acid or of p"
266,vincristine,"Vincristine is an antitumor vinca alkaloid isolated from Vinca Rosea. It is marketed under several brand names, many of which have different formulations such as Marqibo (liposomal injection) and Vincasar. Vincristine is indicated for the treatment of acute leukaemia, malignant lymphoma, Hodgkin's disease, acute erythraemia, and acute panmyelosis. vincristine sulfate is often chosen as part of polychemotherapy because of lack of significant bone–marrow suppression (at recommended doses) and of unique clinical toxicity (neuropathy). The antitumor activity of Vincristine is thought to be due primarily to inhibition of mitosis at metaphase through its interaction with tubulin. Like other vinca alkaloids, Vincristine may also interfere with: 1) amino acid, cyclic AMP, and glutathione metabolism, 2) calmodulin-dependent Ca<sup>2+</sup>-transport ATPase activity, 3) cellular respiration, and 4) nucleic acid and lipid biosynthesis."
267,verapamil,"Verapamil is a phenylalkylamine calcium channel blocker used in the treatment of high blood pressure, heart arrhythmias, and angina,[L8791] and was the first calcium channel antagonist to be introduced into therapy in the early 1960s.[A188514] It is a member of the non-dihydropyridine class of calcium channel blockers, which includes drugs like [diltiazem] and [flunarizine], but is chemically unrelated to other cardioactive medications.[L8791] Verapamil is administered as a racemic mixture containing equal amounts of the S- and R-enantiomer, each of which is pharmacologically distinct - the S-enantiomer carries approximately 20-fold greater potency than the R-enantiomer, but is metabolized at a higher rate.[A188435] Verapamil inhibits L-type calcium channels by binding to a specific area of their alpha-1 subunit,[L10478]Cav1.2, which is highly expressed on L-type calcium channels in vascular smooth muscle and myocardial tissue where these channels are responsible for the control of peripheral vascular resistance and heart contractility.[A175396] Calcium influx through these channels allows for the propagation"
268,nilutamide,"Nilutamide is an antineoplastic hormonal agent primarily used in the treatment of prostate cancer. Nilutamide is a pure, nonsteroidal anti-androgen with affinity for androgen receptors (but not for progestogen, estrogen, or glucocorticoid receptors). Consequently, Nilutamide blocks the action of androgens of adrenal and testicular origin that stimulate the growth of normal and malignant prostatic tissue. Prostate cancer is mostly androgen-dependent and can be treated with surgical or chemical castration. To date, antiandrogen monotherapy has not consistently been shown to be equivalent to castration. Nilutamide competes with androgen for the binding of androgen receptors, consequently blocking the action of androgens of adrenal and testicular origin that stimulate the growth of normal and malignant prostatic tissue. This blockade of androgen receptors may result in growth arrest or transient tumor regression through inhibition of androgen-dependent DNA and protein synthesis."
269,pimecrolimus,"Pimecrolimus is an immunomodulating agent that was first marketed by Novartis under the trade name Elidel. It is now promoted in Canada by Galderma since early 2007. It is currently available as a topic cream used in the treatment of atopic dermatitis (eczema). Pimecrolimus binds with high affinity to macrophilin-12 (FKBP-12) and inhibits the calcium-dependent phosphatase, calcineurin. As a consequence, it inhibits T cell activation by blocking the transcription of early cytokines. In particular, pimecrolimus inhibits at nanomolar concentrations Interleukin-2 and interferon gamma (Th1-type) and Interleukin-4 and Interleukin-10 (Th2-type) cytokine synthes"
270,chlorambucil,"A nitrogen mustard alkylating agent used as antineoplastic agent for the treatment of various malignant and nonmalignant diseases. Although it is less toxic than most other nitrogen mustards, it has been listed as a known carcinogen in the Fourth Annual Report on Carcinogens (NTP 85-002, 1985). (Merck Index, 11th ed) Alkylating agents work by three different mechanisms: 1) attachment of alkyl groups to DNA bases, resulting in the DNA being fragmented by repair enzymes in their attempts to replace the alkylated bases, preventing DNA synthesis and RNA transcription from the affected DNA, 2) DNA damage via the formation of cross-links (bonds between atoms in the DNA) which prevents DNA from being separated for sy"
271,fluvoxamine,"Fluvoxamine is an antidepressant which functions pharmacologically as a selective serotonin reuptake inhibitor. Though it is in the same class as other SSRI drugs, it is most often used to treat obsessive-compulsive disorder.
Fluvoxamine has been in use in clinical practice since 1983 and has a clinical trial database comprised of approximately 35,000 patients. It was launched in the US in December 1994 and in Japan in June 1999. As of the end of 1995, more than 10 million patients worldwide have been treated with fluvoxamine. The exact mechanism of action of fluvoxamine has not been fully determined, but appears to be linked to its inhibition of CNS neuronal uptake of serotonin [FDA Label, A249, A250]. Fluvoxamine blocks the reuptake of serotonin at the serotonin reuptake pump of the neuronal membrane, enhancing the actions of serotonin on 5HT<sub>1A</sub> autoreceptors [FDA Label, A249, A250]. Studies have also demons"
272,streptomycin,"Streptomycin, an antibiotic derived from _Streptomyces griseus_, was the first aminoglycoside to be discovered and used in practice in the 1940s.[A233325,A233390] Selman Waksman and eventually Albert Schatz were recognized with the Nobel Prize in Medicine for their discovery of streptomycin and its antibacterial activity.[A233325,A232294] Although streptomycin was the first antibiotic determined to be effective against mycobacterium tuberculosis, it has fallen out of favor due to resistance and is now primarily used as adjunctive treatment in cases of multi-drug resistant tuberculosis.[A233325] There are 3 key phases of aminoglycoside entry into cells.[A232294] The first “ionic binding phase” occurs when polycationic aminoglycosides bind electrostatically to negatively charged components of bacterial cell membranes including with lipopolysaccharides and phospholipids within the outer membrane of Gram-negative bacteria and to teichoic acids and phospholipids within the cell membrane of Gr"
273,topotecan,"An antineoplastic agent used to treat ovarian cancer. It works by inhibiting DNA topoisomerases, type I. Topotecan has the same mechanism of action as irinotecan and is believed to exert its cytotoxic effects during the S-phase of DNA synthesis. Topoisomerase I relieves torsional strain in DNA by inducing reversible single strand breaks. Topotecan binds to the topoisomerase I-DNA complex and prevents religation of these single strand breaks. This ternary complex interferes with the moving replication"
274,nabumetone,"Nabumetone was originally developed as a non-acidic non-steroidal anti-inflammatory drug (NSAID).[label] It was thought to avoid trapping of the drug in the stomach by making it unable to dissociate into ions which was believed to reduce GI toxicity by limiting local action.[A179077] While slightly reduced, possibly due to a degree of cyclooxygenase-2 selectivity (COX-2), nabumetone still produces significant adverse effects in the GI tract.[label,A178903] The molecule itself is a pro-drug with its 6-methoxy-2-naphthylacetic acid (6-MNA) metabolite acting as a potent COX inhibitor similar in structure to [naproxen]. Nabumetone was developed by Smithkline Beecham under the trade name Relafen and first received FDA approval in December, 1991.[L6568] Nabumetone's active metabolite, 6-MNA, is an inhibitor of both COX-1 and COX-2 although it exhibits some COX-2 selectivity.[label,A178903] Inhibition of COX-1 and COX-2 reduces conversion of arachidonic acid to PGs and thromboxane (TXA<sub>2</sub>). This reduction in prostanoid production is the common mechanism that mediates the effects of nambutone.

PGE<sub>2</sub> is the primary PG involved "
275,clarithromycin,"Clarithromycin, a semisynthetic macrolide antibiotic derived from erythromycin, inhibits bacterial protein synthesis by binding to the bacterial 50S ribosomal subunit. Binding inhibits peptidyl transferase activity and interferes with amino acid translocation during the translation and protein assembly process. Clarithromycin may be bacteriostatic or bactericidal depending on the organism and drug concentration. Clarithromycin is first metabolized to 14-OH clarithromycin, which is active and works synergistically with its parent compound. Like other macrolides, it then penetrates bacteria cell wall and reversibly binds to domain V of the 23S ribosomal RNA of the 50S subunit of the bacterial ribosome, blocking translocation of aminoacyl transfer-RNA and polypeptide synthesis. Clarithromycin also inhibits t"
276,dolasetron,"Dolasetron is an antinauseant and antiemetic agent indicated for the prevention of nausea and vomiting associated with moderately-emetogenic cancer chemotherapy and for the prevention of postoperative nausea and vomiting. Dolasetron is a highly specific and selective serotonin 5-HT3 receptor antagonist. This drug is not shown to have activity at other known serotonin receptors, and has low affinity for dopamine receptors. Dolasetron is a selective serotonin 5-HT<sub>3</sub> receptor antagonist. In vivo, the drug is rapidly converted into its major active metabolite, hydrodolasetron, which seems to be largely responsible for the drug's pharmacological activity. The antiemetic activity of the drug is brought about through the inhibition of 5-HT<sub>3</sub> receptors present both centrally (medullary chemoreceptor zon"
277,cytarabine,"A pyrimidine nucleoside analog that is used mainly in the treatment of leukemia, especially acute non-lymphoblastic leukemia. Cytarabine is an antimetabolite antineoplastic agent that inhibits the synthesis of DNA. Its actions are specific for the S phase of the cell cycle. It also has antiviral and immunosuppressant properties. (From Martindale, The Extra Pharmacopoeia, 30th ed, p472) Cytarabine acts through direct DNA damage and incorporation into DNA. Cytarabine is cytotoxic to a wide variety of proliferating mammalian cells in culture. It exhibits cell phase specificity, primarily killing cells undergoing DNA synthesis (S-phase) and under certain conditions blocking the progression of cells from the G1 phase to the S-phase. Although the mechanism of action is not completely "
278,sodium bicarbonate,"Sodium bicarbonate is a white, crystalline powder that is commonly used as a pH buffering agent, an electrolyte replenisher, systemic alkalizer and in topical cleansing solutions. Sodium bicarbonate is a systemic alkalizer, which increases plasma bicarbonate, buffers excess hydrogen ion concentration, and raises blood pH, thereby reversing the clinical manifestations of acidosis. It is also a urinary alkalizer, increasing the excretion of free bicarbonate ions in the urine, thus effectively raising the urinary pH. By maintaining an alkaline urine, the actual dissolution of "
279,dihydroergotamine,"A 9,10alpha-dihydro derivative of [ergotamine]. Dihydroergotamine is used as an abortive therapy for migraines.[L38469] Its use has largely been supplanted by triptans in current therapy due to the class's greater selectivity and more favourable side effect profile.

Recent improvements have been made in the design of intranasal delivery devices allowing for greater delivery of dihydroergotamine solution to the vasculature-rich upper nasal cavity.[A239569] The recently approved Precision Olfactory Delivery technology developed by Impel Neuropharma technology has correlated with an increase of 3-fold in Cmax and 4-fold in AUC despite the solution formulated at 75% of the strength of the existing intranasal product. DHE has several proposed mechanisms which may contribute to its therapeutic efficacy as an abortive therapy in migraines. Firstly, DHE's s agonist action on 5-hydroxytryptamine (5HT) 1b receptors in the smooth muscle of the cranial vasculature may provide relief via vasoconstriction of the blood vessels which typically become dilated due to the release of CGRP during migraine attacks. [A239104, A2"
280,temazepam,"Temazepam, like many other similar and related benzodiazepines, acts as a gamma-aminobutyric acid (GABA) modulator and is capable of eliciting a variety of actions including sedation, hypnosis, skeletal muscle relaxation, anticonvulsant activity, and anxiolytic action [A175207, A175210, F3718, F3721].

Although the chemical synthesis of temazepam was established by 1965 [A175333], mainstream contemporary use of the medication did not occur until it's legitimate use as treatment for insomnia was accepted and approved later on. In particular, before temazepam saw regular prescription use in civilians it was - and still is - employed by the US military as a sedative-hypnotic medication to be taken by soldiers, pilots, etc. to obtain the necessary rest required for medical recovery or schedu Gamma-Aminobutyric acid (GABA) is considered the principal inhibitory neurotransmitter in the human body [A175207, A175210, F3718, F3721]. When GABA binds to GABA(a) receptors found in neuron synapses, chloride ions are conducted across neuron cell membranes via an ion channel in the receptors [A175207, A175210, F3718, F3721]. With enough chloride ions conducted, the local, associated neuron membr"
281,lovastatin,"Lovastatin, also known as the brand name product Mevacor, is a lipid-lowering drug and fungal metabolite derived synthetically from a fermentation product of _Aspergillus terreus_.[A174550] Originally named Mevinolin, lovastatin belongs to the statin class of medications, which are used to lower the risk of cardiovascular disease and manage abnormal lipid levels by inhibiting the endogenous production of cholesterol in the liver.[A174553] More specifically, statin medications competitively inhibit the enzyme hydroxymethylglutaryl-coenzyme A (HMG-CoA) Reductase,[A181421] which catalyzes the conversion of HMG-CoA to mevalonic acid and is the third step in a sequence of metabolic reactions involved in the production of several compounds involved in lipid metabolism and transport including cho Lovastatin is a lactone which is readily hydrolyzed _in vivo_ to the corresponding β-hydroxyacid and strong inhibitor of HMG-CoA reductase, a hepatic microsomal enzyme which catalyzes the conversion of HMG-CoA (3-hydroxy-3-methylglutaryl-coenzyme A ) to mevalonate, an early rate-limiting step in cholesterol biosynthesis.[A181421,A174553] At therapeutic lovastatin doses, HMG-CoA reductase is not co"
282,temozolomide,"Refractory anaplastic astrocytoma (WHO grade III) and Glioblastoma multiforme (WHO grade IV) are primary malignant brain tumours with poor prognosis and limited treatment options. Despite considerable genetic heterogeneity, these tumours often have impaired DNA repair systems, rendering them initially sensitive to alkylating agents, although they invariably develop resistance to these agents over time.[A229848, A229858, L32033] Temozolomide is an imidazotetrazine prodrug that is stable at acidic pH but undergoes spontaneous nonenzymatic hydrolysis at neutral or slightly basic pH; these properties allow for both oral and intravenous administration.[A229853, A229888, A229923, L32033] Following initial hydrolysis, further reactions liberate a highly reactive methyl diazonium cation capable of Glioblastoma (glioblastoma multiforme) is the most common and aggressive adult primary brain tumour, accounting for 45.6% of all primary malignant brain tumours. Primarily defined histopathologically by necrosis and microvascular proliferation (WHO grade IV classification), glioblastomas are commonly treated through radiotherapy and concomitant alkylation-based chemotherapy with temozolomide.[A229"
283,bexarotene,"Bexarotene (Targretin) is an antineoplastic agent indicated by the FDA for Cutaneous T cell lymphoma. It has been used off-label for lung cancer, breast cancer, and Kaposi's sarcoma. Bexarotene selectively binds with and activates retinoid X receptor subtypes. There are three subtypes in total: RXR<sub>α</sub>, RXR<sub>β</sub>, RXR<sub>γ</sub>. The exact mechanism of action of bexarotene in the treatment of CTCL is unknown but the drug has activity in all clinical stages of CTCL."
284,fondaparinux,"Fondaparinux (Arixtra) is a synthetic anticoagulant agent consisting of five monomeric sugar units and a O-methyl group at the reducing end of the molecule. It is structurally similar to polymeric glycosaminoglycan heparin and heparan sulfate (HS) when they are cleaved into monomeric units. The monomeric sequence in heparin and HS is thought to form the high affinity binding site for the natural anti-coagulant factor, antithrombin III (ATIII). Once bound to heparin or HS, the anticoagulant activity of ATIII is potentiated by 1000-fold. Fondaparinux potentiates the neutralizing action of ATIII on activated Factor X 300-fold. Fondaparinux may be used: to prevent venous thromboembolism in patients who have undergone orthopedic surgery of the lower limbs (e.g. hip fracture, hip replacement and The antithrombotic activity of fondaparinux is the result of ATIII-mediated selective inhibition of Factor Xa. By selectively binding to ATIII, Fondaparinux potentiates (about 300 times) the neutralization of Factor Xa by ATIII. Neutralization of Factor Xa interrupts the blood coagulation cascade and thus inhibits thrombin formation and thrombus development. It is thought that fondaparinux is unli"
285,glimepiride,"First introduced in 1995, glimepiride is a member of the second-generation sulfonylurea (SU) drug class used for the management of type 2 diabetes mellitus (T2DM) to improve glycemic control. Type 2 diabetes is a metabolic disorder with increasing prevalences worldwide; it is characterized by insulin resistance in accordance with progressive β cell failure and long-term microvascular and macrovascular complications that lead to co-morbidities and mortalities. Sulfonylureas are one of the insulin secretagogues widely used for the management of type 2 diabetes to lower blood glucose levels. The main effect of SUs is thought to be effective when residual pancreatic β-cells are present,[A177715] as they work by stimulating the release of insulin from the pancreatic beta cells and they are also ATP-sensitive potassium channels on pancreatic beta cells that are gated by intracellular ATP and ADP. The hetero-octomeric complex of the channel is composed of four pore-forming Kir6.2 subunits and four regulatory sulfonylurea receptor (SUR) subunits. Alternative splicing allows the formation of channels composed of varying subunit isoforms expressed at different concentrations in different tiss"
286,iloperidone,"Iloperidone is a benzisoxazole [A263557] and an atypical antipsychotic agent that was first approved by the FDA on May 6, 2009.[A3024] It is considered to be a second-generation antipsychotic drug [A263552] with multiple receptor binding profile, although it shows high affinity towards 5-HT<sub>2A</sub> and dopamine D2 receptors.[A263547] Iloperidone is currently used to treat schizophrenia and manic or mixed episodes associated with bipolar disorder.[L50527] The exact mechanism of action of iloperidone in schizophrenia and bipolar I disorder has not been fully elucidated. It is believed that the drug mechanism of action may be related to its antagonism at the dopamine D2 and 5-HT2A receptors.[L50527]"
287,glipizide,"Glipizide is an oral hypoglycemic agent in the second-generation sulfonylurea drug class that is used to control blood sugar levels in patients with type 2 diabetes mellitus. It was first introduced in 1984 [A179491] and is available in various countries including Canada and the U.S. According to the 2018 Clinical Practice Guidelines by Diabetes Canada, sulfonylurea drugs are considered a second-line glucose-lowering therapy following metformin.[L6712] Because sulfonylureas require functional pancreatic beta cells for their therapeutic effectiveness, sulfonylureas are more commonly used for early-stage type 2 diabetes when there is no progressed pancreatic failure.[T28] Compared to the first-generation sulfonylureas, such as [tolbutamide] and [chlorpropamide], second-generation sulfonylure Type 2 diabetes mellitus (T2DM) is a chronic metabolic disorder with increasing prevalence worldwide. Characterized by higher-than-normal levels of blood glucose, T2DM is a complex disorder that arises from the interaction between genetic, environmental and behavioral risk factors. Insulin is a peptide hormone that plays a critical role in regulating blood glucose levels. In response to high blood"
288,ceftobiprole medocaril,"Ceftobiprole medocaril is a prodrug of [ceftobiprole], a fifth-generation semisynthetic cephalosporin antibacterial. Ceftobiprole is a broad-spectrum agent with demonstrated activity against both Gram-positive and Gram-negative bacteria, including antibiotic-resistant strains of _Staphylcoccus aureus_ (methicillin-resistant _Staphylococcus aureus_; MRSA).

The EMA's Committee for Medicinal Products for Human Use (CHMP) adopted a negative opinion of ceftobiprole medocaril in February 2010, recommending the refusal of its marketing authorization in the European Union primarily due to data quality issues in pivotal clinical studies.[L50467] It received its first approval in Canada in October 2017 for use in certain patients with bacterial pneumonia,[L50472] and was subsequently approved in  [Ceftobiprole], the active moiety of ceftobiprole medocaril, exhibits its bactericidal activity by inhibition of bacterial cell wall synthesis.[L50442] This activity is mediated through binding to essential penicillin-binding proteins (PBPs) and inhibiting their transpeptidase activity, which is essential for the synthesis of the peptidoglycan layer of the bacterial cell wall.[L50442] 
 
Ceftobi"
289,lepirudin,"Lepirudin is a recombinant hirudin formed by 65 amino acids that acts as a highly specific and direct thrombin inhibitor.[L41539,L41569] Natural hirudin is an endogenous anticoagulant found in _Hirudo medicinalis_ leeches.[L41539] Lepirudin is produced in yeast cells and is identical to natural hirudin except for the absence of sulfate on the tyrosine residue at position 63 and the substitution of leucine for isoleucine at position 1 (N-terminal end).[A246609] 

Lepirudin is used as an anticoagulant in patients with heparin-induced thrombocytopenia (HIT), an immune reaction associated with a high risk of thromboembolic complications.[A3, L41539] HIT is caused by the expression of immunoglobulin G (IgG) antibodies that bind to the complex formed by heparin and platelet factor 4. This acti Lepirudin is a direct thrombin inhibitor used as an anticoagulant in patients for whom heparin is contraindicated.[L41539,A3] Thrombin is a serine protease that participates in the blood-clotting cascade, and it is formed by the cleavage of pro-thrombin. Active thrombin cleaves fibrinogen and generates fibrin monomers that polymerize to form fibrin clots.[A246624]

Lepirudin binds to the catalyt"
290,lodoxamide,"Lodoxamide is a mast-cell stabilizer for topical administration into the eye. Mast-cell stabilizers, first one approved being cromolyn sodium, are used in treatment of ocular hypersensitivity reactions such as vernal conjunctivitis. These conditions often require treatment with anti-inflammatory medications such as ophthalmic NSAIDs or topical steroids which may cause systemic or toxic effects long-term. Although less effective than topical steroids at decreasing inflammation, mast-cell stabilizers offer another treatment option and exhibit minimal adverse effects. Lodoxamide is marketed under the brand name Alomide by Alcon. Although lodoxamide's precise mechanism of action is unknown, it is postulated that it prevents calcium influx into mast cells upon antigen stimulation and therefore stabilizes the membrane. By stabilizing the mast cell membrane from degranulation, lodoxamide consequently inhibits the release of intracellular histamine and other chemoattractant factors that primarily cause ocular symptoms. Lodoxam"
291,tizanidine,"Tizanidine is a fast-acting drug used for the management of muscle spasm, which may result from the effects of multiple sclerosis, stroke, an acquired brain injury, or a spinal cord injury [T574].  It may also be caused by musculoskeletal injury [A177583].  Regardless of the cause, muscle spasticity can be an extremely painful and debilitating condition. 

Initially approved by the FDA in 1996, tizanidine is an Alpha-2 adrenergic receptor agonist reducing spasticity by the presynaptic inhibition of excitatory neurotransmitters that cause firing of neurons promoting muscle spasm [FDA label]. Tizanidine reduces spasticity by causing presynaptic inhibition of motor neurons via agonist actions at Alpha-2 adrenergic receptor sites.
This drug is centrally acting and leads to a reduction in the release of excitatory amino acids like glutamate and aspartate, which cause neuronal firing that leads to muscle spasm. The above reduction and excitatory neurotransmitter release results in presyna"
292,lacosamide,"Lacosamide is an antiepileptic drug used to treat seizures. As a chiral functionalized amino acid, it works by blocking slowly inactivating components of voltage-gated sodium currents. Lacosamide exhibits a stereoselective mode of interaction with sodium channels.[A262681] Lacosamide was first approved by the European Commission in August 2008 and was later approved by the FDA in October 2008.[A262681] It was granted approval by Health Canada in September 2010.[L49206] Caused by neuronal hyperexcitability, seizures in epilepsy involve sustained firing of sodium-dependent action potentials. The slow inactivation process, intrinsic to voltage-gated sodium channel functioning, has been implicated in the paroxysmal depolarizing shifts associated with epileptic activity.[A262616] The exact mechanism of action of lacosamide is not fully known; however, in vitro electr"
293,risedronic acid,"Risedronic acid is a third generation bisphosphonate that is used for the treatment of some forms of osteoperosis and Paget's disease[FDA Label][A959,A203111]. It functions by preventing resorption of bone[FDA Label][A959]. Risedronatic acid binds to bone hydroxyapatite[FDA Label]. Bone resorption causes local acidification, releasing risedronic acid which is that taken into osteoclasts by fluid-phase endocytosis[A959]. Endocytic vesicles are acidified, releasing risedronic acid to the cytosol of osteoclasts where they induce apoptosis through inhbition of farnesyl pyrophosphate synthase[A959]. Inhibition of osteocla"
294,fampridine,"Dalfampridine is a potassium channel blocker used to help multiple sclerosis patients walk. This is the first drug that was specifically approved to help with mobility in these patients. FDA approved on January 22, 2010. In MS, axons are progressively demyelinated which exposes potassium channels. As a result, there is a leak of potassium ions which results in the repolarization of cells and a decrease in neuronal excitability. The overall impact is the impairment of neuromuscular transmission as it is harder to trigger an action potential. 
Dalfampridine inhibits voltage-gated potassium channels in the CNS to ma"
295,tapentadol,"Tapentadol is a centrally-acting synthetic analgesic with a dual mechanism of action. It is a mu-opioid receptor agonist that also inhibits norepinephrine reuptake.[A260721, A36596]

Tapentadol was first approved by the FDA on November 20, 2008. The extended-release formulation of tapentadol was also approved by the FDA on August 26, 2011.[L47291] Used in the management of pain, tapentadol is typically reserved for patients who have limited alternative treatment options. Tapentadol is a centrally-acting synthetic analgesic. Although their clinical relevance is unclear, tapentadol is believed to have two main mechanisms of action.[L47286] Tapentadol is a selective mu-opioid receptor (MOR) agonist: it binds to MOR with an affinity greater than or equal to ten-fold affinity compared to delta- and kappa-opioid receptors.[A36596] Tapentadol also inhibits noradrenaline "
296,indacaterol,"Indacaterol is a novel, ultra-long-acting, rapid onset β(2)-adrenoceptor agonist developed for Novartis for the once-daily management of asthma and chronic obstructive pulmonary disease. It was approved by the European Medicines Agency (EMA) on 30 November 2009 and by the FDA on 1 July 2011. It is marketed in Europe as Onbrez and in America as Arcapta Neohaler. Indacaterol is provided as its maleate salt form. Indacaterol is also a chiral molecule but only the pure R-enantiomer is dispensed. Indacaterol works by stimulating adrenergic beta-2 receptors in the smooth muscle of the airways. This causes relaxation of the muscle, thereby increasing the diameter of the airways, which become constricted in asthma and COPD. It is also long acting due to its high affinity to the lipid raft domains in the airway membrane so it slowly dissociates from the receptors. Indacaterol also has a high i"
297,fesoterodine,"Fesoterodine is an antimuscarinic prodrug for the treatment of overactive bladder syndrome. Fesoterodine, once converted to its active metabolite, 5-hydroxymethyltolterodine, acts as a competitive antagonists at muscarinic receptors. This results in the inhibition of bladder contraction, decrease in detrusor pressure, and an incomplete emptying of the bladder."
298,pentosan polysulfate sodium,Pentosan polysulfate is a sulfated pentosyl polysaccharide with heparin-like properties. Pentosan polysulfate is a polymer of xylose hydrogen sulfate and contains two sulfate groups per carbohydrate monomer. It binds Fibroblast growth factors (FGFs) as well as other heparin-binding growth factors. It has been shown to interact also with the heparin-binding site of FGFR-1. It inhibits the growth of SW13 adrenocortical cells transfected with FGF-4 and tumorigenicity of MCF-7 breast carc
299,interferon alfa-2b,Interferon alpha 2b (human leukocyte clone hif-sn 206 protein moiety reduced). A type I interferon consisting of 165 amino acid residues with arginine in position 23. This protein is produced by recombinant DNA technology and resembles interferon secreted by leukocytes. It is used extensively as an antiviral or antineoplastic agent. Interferon alpha binds to type I interferon receptors (IFNAR1 and IFNAR2c) which upon dimerization activate two Jak (Janus kinase) tyrosine kinases (Jak1 and Tyk2). These transphosphorylate themselves and phosphorylate the receptors. The phosphorylated INFAR receptors then bind to Stat1 and Stat2 (signal transducers and activators of transcription)which dimerize and activate multiple (~100) immuno
300,eflornithine,"Eflornithine is an irreversible ornithine decarboxylase inhibitor originally developed as a treatment for human African trypanosomiasis.[A262829] Further research has also implicated ornithine decarboxylase in other conditions like facial hirsutism and cancer, especially when ornithine decarboxylase is highly upregulated in tumor cells.[A4112, A262834] Additionally, ornithine decarboxylase is activated by c-myc or interacts with ras, both very well-known oncogenes, thus increasing the interest in targeting ornithine carboxylase as a potential cancer treatment.[A262839]

In 1960 and 2000, the FDA approved eflornithine under the brand names ORNIDYL and VANIQUA for the treatment of African trypanosomiasis and hirsutism, respectively, but has since been discontinued.[A262823,L49318] Subseque Eflornithine is an irreversible inhibitor of the enzyme ornithine decarboxylase (ODC), the first and rate-limiting enzyme in the biosynthesis of polyamines and a transcriptional target of MYCN. Polyamines are involved in the differentiation and proliferation of mammalian cells and are important for neoplastic transformation.[L49288]"
301,insulin detemir,"Insulin detemir is a long-acting form of insulin used for the treatment of hyperglycemia caused by Type 1 and Type 2 Diabetes.[A2358, A2359, A2360, A44] Insulin is typically prescribed for the management of diabetes mellitus to mimic the activity of endogenously produced human insulin, a peptide hormone produced by beta cells of the pancreas that promotes glucose metabolism.[A2358, A2359, A2360, A44] Insulin is released from the pancreas following a meal to promote the uptake of glucose from the blood into internal organs and tissues such as the liver, fat cells, and skeletal muscle.[A2358, A2359, A2360, A44] The absorption of glucose into cells allows for its transformation into glycogen or fat for storage.[A2358, A2359, A2360, A44] Insulin also inhibits hepatic glucose production, enhanc Insulin detemir binds to the insulin receptor (IR), a heterotetrameric protein consisting of two extracellular alpha units and two transmembrane beta units.[A249955] The binding of insulin to the alpha subunit of IR stimulates the tyrosine kinase activity intrinsic to the beta subunit of the receptor.[A249955,A231659] The bound receptor autophosphorylates and phosphorylates numerous intracellular "
302,olodaterol,"Olodaterol is a novel, long-acting beta2-adrenergic agonist (LABA) that exerts its pharmacological effect by binding and activating beta2-adrenergic receptors located primarily in the lungs. Beta2-adrenergic receptors are membrane-bound receptors that are normally activated by endogenous epinephrine whose signalling, via a downstream L-type calcium channel interaction, mediates smooth muscle relaxation and bronchodilation. Activation of the receptor stimulates an associated G protein which then activates adenylate cyclase, catalyzing the formation of cyclic adenosine monophosphate (cAMP) and protein kinase A (PKA). Elevation of these two molecules induces bronchodilation by relaxation of airway smooth muscles. It is by this mechanism that olodaterol is used for the treatment of chronic obs Olodaterol is a long-acting beta2-adrenergic agonist (LABA) that exerts its pharmacological effect by binding and activating beta2-adrenergic receptors located primarily in the lungs. Beta2-adrenergic receptors are membrane-bound receptors that are normally activated by endogenous epinephrine whose signalling, via a downstream L-type calcium channel interaction, mediates smooth muscle relaxation a"
303,sulfasalazine,"Sulfasalazine is an anti-inflammatory drug structurally related to salicylates and other non-steroidal anti-inflammatory drugs. It is indicated for managing inflammatory diseases such as ulcerative colitis and rheumatoid arthritis (RA).[L39065, A255582] Metabolized by intestinal bacteria, sulfasalazine is broken down into [mesalazine] and [sulfapyridine], 2 compounds that carry out the main pharmacological activity of sulfasalazine.[A255582] 

Sulfasalazine was first used in 1940 for rheumatic polyarthritis, and has been firmly established itself as one fo the most useful disease-modifying antirheumatic drug (DMARD).[A255582] Compared to the first line treatment of RA like methotrexate, sulfasalazine is almost as efficacious as methotrexate although with slightly less tolerability. Howev Although the exact mechanism of action of sulfasalazine is not fully understood, it is thought to be mediated through the inhibition of various inflammatory molecules.[L44478] Research have found that sulfasalazine and its metabolites, mesalazine and sulfapyridine, can inhibit leukotrienes and prostaglandins by blocking the cyclo-oxygenase and lipoxygenase pathway.[A255143] Specific enzymes that w"
304,venlafaxine,"Venlafaxine is an antidepressant and a serotonin and norepinephrine reuptake inhibitor (SNRI). Its active metabolite, [desvenlafaxine], works by blocking the reuptake of serotonin and norepinephrine, which are key neurotransmitters in mood regulation. Venlafaxine is officially approved to treat major depressive disorder (MDD), generalized anxiety disorder (GAD), social anxiety disorder, and panic disorder in adults.[L43030] The immediate formulation of the drug, marketed as Effexor, was first approved by the FDA in 1993 and the extended-release formulation, Effexor XR, was later introduced in 1997.[A252065]

Venlafaxine has been used as a first-line treatment for MDD, GAD, social anxiety disorder, and panic disorder in Canada for many years. It was also considered a second-line treatment The exact mechanism of action of venlafaxine in the treatment of various psychiatric conditions has not been fully elucidated; however, it is understood that venlafaxine and its active metabolite O-desmethylvenlafaxine (ODV) potently and selectively inhibits the reuptake of both serotonin and norepinephrine at the presynaptic terminal.[A27600,A252065,L43030] This results in increased levels of neu"
305,cyclobenzaprine,"Cyclobenzaprine, a centrally-acting muscle relaxant, was first synthesized in 1961[A185039] and has been available for human use since 1977.[A184982] It was initially studied for use as antidepressant given its structural similarity to tricyclic antidepressants - it differs from [Amitriptyline] by only a single double bond.[A185039,A184982] Since its approval, it has remained relatively popular as an adjunctive, short-term treatment for acute skeletal muscle spasms secondary to musculoskeletal injury. The exact mechanism of action of cyclobenzaprine has not been fully elucidated in humans, and much of the information available regarding its mechanism has been ascertained from early animal studies. There is some evidence that cyclobenzaprine exerts its effects at the supraspinal level, specifically within the locus coeruleus of the brainstem, with little-to-no action at neuromuscular junctions o"
306,montelukast,"Montelukast was first approved for clinical use by the US FDA in 1998 as Merck's brand name Singulair.[L6301] The medication is a member of the leukotriene receptor antagonist (LTRA) category of drugs.[L6301,L6304,L6307,L6310,L6325,L6328,L6331] Although capable of demonstrating effectiveness, the use of such LTRAs like montelukast is typically in addition to or complementary with the use of inhaled corticosteroids or other agents in asthma step therapy.[A178645] Regardless, in 2008-2009, there were FDA-led investigations into the possibility of montelukast to elicit neuropsychiatric effects like agitation, hallucinations, suicidal behaviour, and others in individuals who used the medication.[A178651] And although these kinds of effects are currently included in the official prescribing inf Cysteinyl leukotrienes (CysLT) like LTC4, LTD4, and LTE4, among others, are eicosanoids released by a variety of cells like mast cells and eosinophils.[L6301,L6304,L6307,L6310,L6325,L6328,L6331] When such CysLT bind to corresponding CysLT receptors like CysLT type-1 receptors located on respiratory airway smooth muscle cells, airway macrophages, and on various pro-inflammatory cells like eosinophi"
307,cobicistat,"Cobicistat, marketed under the name Tybost (formerly GS-9350), indicated for treating infection with human immunodeficiency virus (HIV). Although it does not have any anti-HIV activity, cobicistat acts as a pharmacokinetic enhancer by inhibiting cytochrome P450 3A isoforms (CYP3A) and therefore increases the systemic exposure of coadministered agents that are metabolized by CYP3A enzymes. More specifically, cobicistat is indicated to increase systemic exposure of atazanavir or darunavir (once daily dosing regimen) in combination with other antiretroviral agents in the treatment of HIV-1 infection. Increasing systemic exposure of anti-retrovirals (ARVs) without increasing dosage allows for better treatment outcomes and a decreased side effect profile. Cobicistat is a mechanism-based inhibitor of cytochrome P450 3A (CYP3A) isoforms. Inhibition of CYP3A-mediated metabolism by cobicistat increases the systemic exposure of CYP3A substrates atazanavir and darunavir and therefore enables increased anti-viral activity at a lower dosage. Cobicistat does not have any anti-HIV activity on its own."
308,travoprost,"Travoprost is a synthetic isopropyl ester prodrug of a prostaglandin F2alpha (F2α) analogue and selective FP prostanoid receptor agonist. It is used to decrease intraocular pressure in open-angle glaucoma and ocular hypertension.[L49434] Unlike other prostaglandin analogues, travoprost demonstrates full agonism and high selectivity at the prostanoid receptor, reporting a higher efficacy in reducing intraocular pressure and a reduced risk for developing off-target side effects.[A262904] Travoprost is a prodrug. Upon administration, travoprost is absorbed through the cornea and hydrolyzed to its active metabolite, travoprost free acid. The ester moiety of the free acid allows for enhanced penetration into the aqueous humour.[A262899] While the exact mechanism of travoprost is largely unknown, it is believed to be related to its full agonist activity for the prostaglandin FP recept"
309,labetalol,"Labetalol is a racemic mixture of 2 diastereoisomers where dilevalol, the R,R' stereoisomer, makes up 25% of the mixture.[L7730] Labetalol is formulated as an injection or tablets to treat hypertension.[L7727,L7730]

Labetalol was granted FDA approval on 1 August 1984.[L7724] Labetalol non-selectively antagonizes beta-adrenergic receptors, and selectively antagonizes alpha-1-adrenergic receptors.[A181901] Following oral administration, labetalol has 3 times the beta-blocking ability than alpha-blocking ability.[A181901] This increases to 6.9 times following intravenous administration.[A181901] Antagonism of alpha-1-adrenergic receptors leads to vasodilation and decreas"
310,orciprenaline,"A beta-adrenergic agonist used in the treatment of asthma and bronchospasms. [PubChem] Orciprenaline stimulates the β2-adrenergic receptor expressed in the lungs, uterus, and vasculature supplying skeletal muscles by acting as a moderately selective agonist. It exerts minimal or no effect on alpha-adrenergic receptors. Intracellularly, the actions of orciprenaline are mediated by cAMP, the production of which is augmented by beta stimulation. The drug is believed to work by activati"
311,iotrolan,"Nonionic, isotonic contrast medium designed for intrathecal use."
312,methotrexate,"Methotrexate is a folate derivative that inhibits several enzymes responsible for nucleotide synthesis.[A180322] This inhibition leads to suppression of inflammation as well as prevention of cell division.[A180322] Because of these effects, methotrexate is often used to treat inflammation caused by arthritis or to control cell division in neoplastic diseases such as breast cancer and non-Hodgkin's lymphoma.[A180322,L7144,L7147,L7150,L7180]

Due to the toxic effects of methotrexate, it is indicated for treatment of some forms of arthritis and severe psoriasis only if first line treatment has failed or patients are intolerant of those treatments.[L7180]

Methotrexate was granted FDA approval on 7 December 1953.[L7198] Methotrexate enters tissues and is converted to a methotrexate polyglutamate by folylpolyglutamate.[A180322]

Methotrexate's mechanism of action is due to its inhibition of enzymes responsible for nucleotide synthesis including  dihydrofolate reductase, thymidylate synthase, aminoimidazole caboxamide ribonucleotide transformylase (AICART), and amido phosphoribosyltransferase.[A180322] Inhibtion "
313,rotigotine,"Rotigotine (Neupro) is a non-ergoline dopamine agonist indicated for the treatment of Parkinson's disease (PD) and restless legs syndrome (RLS) in Europe and the United States. It is formulated as a once-daily transdermal patch which provides a slow and constant supply of the drug over the course of 24 hours.

Like other dopamine agonists, rotigotine has been shown to possess antidepressant effects and may be useful in the treatment of depression as well.

Rotigotine was developed by Aderis Pharmaceuticals. In 1998 Aderis licensed worldwide development and commercialization rights to Schwarz Pharma of Germany. It was approved by the European Medicines Agency in 2006 and by the FDA in 2007. However, all Neupro patches in the United States and some of Europe were recalled in 2008 due to  Rotigotine, a member of the dopamine agonist class of drugs, is delivered continuously through the skin (transdermal) using a silicone-based patch that is replaced every 24 hours. A dopamine agonist works by activating dopamine receptors in the body, mimicking the effect of the neurotransmitter dopamine. The precise mechanism of action of rotigotine as a treatment for Restless Legs Syndrome is unk"
314,nicotine,"Nicotine is highly toxic alkaloid. It is the prototypical agonist at nicotinic cholinergic receptors where it dramatically stimulates neurons and ultimately blocks synaptic transmission. Nicotine is also important medically because of its presence in tobacco smoke. Nicotine is a stimulant drug that acts as an agonist at nicotinic acetylcholine receptors. These are ionotropic receptors composed up of five homomeric or heteromeric subunits. In the brain, nicotine binds to nicotinic acetylcholine receptors on dopaminergic neurons in the cortico-limbic pathways. This causes the channel to open and allow conductance of multiple cations including sodium, calcium, "
315,mifamurtide,"Mifamurtide is an immunomodulator with antitumor activity via activation of macrophages and monocytes. Also called L-MTP-PE, mifamurtide may be a liposomal form of of the active ingredient MTP-PE, which is a synthetic, less pyrogenic, and longer-acting derivative of muramyl dipeptide (MDP). MDP is a motif present in all gram-positive and gram-negative bacterial walls that is recognized by different signalling molecules and activators such as nucleotide-binding and oligomerization domain (NOD)-like receptors (NLRs) and toll-like receptors present in macrophages and monocytes. The overall result of MDP recognition leads to the production of proinflammatory cytokines and promotion of bactericidal and tumoricidal effects [A31745]. As a liposomal formulation, mifamurtide demonstrates an enhance It was discovered that tumor necrosis could be promoted by factors released by the host’s immune system (e.g. macrophages) in response to the endotoxins or bacterial products [A31745]. Mifamurtide is referred to as MTP-PE or L-MTP-PE (in case of the liposomal formulation), which is a fully synthetic derivative of muramyl dipeptide (MDP), which is a motif within the peptidoglycan polymer in the cel"
316,sitagliptin,"Sitagliptin is an oral dipeptidyl peptidase-4 (DPP-4) inhibitor used in conjunction with diet and exercise to improve glycemic control in patients with type 2 diabetes mellitus[FDA label,A2260,A2255,A2256]. The effect of this medication leads to glucose dependent increases in insulin and decreases in glucagon to improve control of blood sugar[FDA label,A2255]. Sitagliptin was granted FDA approval on October 16, 2006[L6061]. Inhibition of DPP-4 by sitagliptin slows DPP-4 mediated inactivation of incretins like GLP-1 and GIP[FDA label,A2256]. Incretins are released throughout the day and upregulated in response to meals as part of glucose homeostasis[FDA label,A2260]. Reduced inhibition of incretins increase insulin synthesis and decrease glucagon release in a manner dependant on glucose concentrations[FDA label,A2255]"
317,progesterone,"Progesterone is a hormone that occurs naturally in females, and is essential for endometrial receptivity, embryo implantation, and the successful establishment of pregnancy. A low progesterone concentration or an insufficient response to progesterone can cause infertility and pregnancy loss [A175609]. Progesterone is used in various contraceptive preparations to prevent ovulation and fertilization [T481], [A175612] as well as in other formulations to promote and support pregnancy.  Please see [Medroxyprogesterone acetate], [Megestrol acetate], [Dydrogesterone] and [Hydroxyprogesterone] entries for information on various other forms of progesterone.

Pharmaceutical progesterone is made from a plant source as a starting material and is chemically identical to progesterone of human ovarian  Progesterone binds and activates its nuclear receptor, _PR_, which plays an important part in the signaling of stimuli that maintain the endometrium during its preparation for pregnancy.

Progesterone receptor (PR) is a member of the nuclear/steroid hormone receptor (SHR) family of ligand-dependent transcription factors that is expressed primarily in female reproductive tissue as well as the cen"
318,valsartan,"Valsartan belongs to the angiotensin II receptor blocker (ARB) family of drugs, which also includes [telmisartan], [candesartan], [losartan], [olmesartan], and [irbesartan]. ARBs selectively bind to angiotensin receptor 1 (AT1) and prevent the protein angiotensin II from binding and exerting its hypertensive effects, which include vasoconstriction, stimulation and synthesis of aldosterone and ADH, cardiac stimulation, and renal reabsorption of sodium, among others. Overall, valsartan's physiologic effects lead to reduced blood pressure, lower aldosterone levels, reduced cardiac activity, and increased excretion of sodium. 

Valsartan also affects the renin-angiotensin aldosterone system (RAAS), which plays an important role in hemostasis and regulation of kidney, vascular, and cardiac fu Valsartan belongs to the angiotensin II receptor blocker (ARB) family of drugs, which selectively bind to angiotensin receptor 1 (AT1) and prevent angiotensin II from binding and exerting its hypertensive effects. These include vasoconstriction, stimulation and synthesis of aldosterone and ADH, cardiac stimulation, and renal reabsorption of sodium among others. Overall, valsartan's physiologic eff"
319,methylphenidate,"Methylphenidate is a central nervous system stimulant used most commonly in the treatment of Attention-Deficit/Hyperactivity Disorder (ADHD) and for narcolepsy. Also known as the marketed products Ritalin, Concerta, or Biphentin, methylphenidate is used with other treatment modalities (psychological, educational, cognitive behaviour therapy, etc) to improve the following group of developmentally inappropriate symptoms associated with ADHD: moderate-to-severe distractibility, short attention span, hyperactivity, emotional lability, and impulsivity. Long-acting formulations of psychostimulants such as methylphenidate, [DB01576], and [DB01255] are considered the most effective and widely used treatment for ADHD, and are considered first-line options for children, adolescents, and adults as re While its exact mechanism is unclear, methylphenidate (MPH) has been shown to act as a norepinephrine and dopamine reuptake inhibitor (NDRI), thereby increasing the presence of these neurotransmitters in the extraneuronal space and prolonging their action.[A177541] There is a dose-related effect of psychostimulants on receptor stimulation, where higher doses are shown to increase norepinephrine (N"
320,pemetrexed,"Pemetrexed is a chemotherapy drug that is manufactured and marketed by Eli Lilly and Company under the brand name Alimta. It is indicated for use in combination with cisplatin for the treatment of patients with malignant pleural mesothelioma whose disease is either unresectable or who are otherwise not candidates for curative surgery. Its use in non-small cell lung cancer has also been investigated. Pemetrexed was first approved by the FDA in February 4, 2004.[A253907] Pemetrexed is an antifolate containing the pyrrolopyrimidine-based nucleus that exerts its antineoplastic activity by disrupting folate-dependent metabolic processes essential for cell replication. In vitro studies have shown that pemetrexed inhibits thymidylate synthase (TS), dihydrofolate reductase (DHFR), and glycinamide ribonucleotide formyltransferase (GARFT), all folate-dependent enzymes inv"
321,docetaxel,"Docetaxel is a clinically well established anti-mitotic chemotherapy medication used for the treatment of different types of cancer, including breast, ovarian, and non-small cell lung cancer. Docetaxel is a complex diterpenoid molecule and a semisynthetic analogue of [paclitaxel].[A259676,L46466] Docetaxel reversibly binds to microtubulin with high affinity in a 1:1 stoichiometric ratio, allowing it to prevent cell division and promote to cell death.[A259676] Compared to paclitaxel, docetaxel is two times more potent as an inhibitor of microtubule depolymerization. Docetaxel binds to microtubules but does not interact with dimeric tubulin.[A259671]

The use of docetaxel may lead to udesired outcomes such as hepatic impairment, hematologic effects, enterocolitis and neutropenic colitis, h Docetaxel interferes with the normal function of microtubule growth. Whereas drugs like [colchicine] cause the depolymerization of microtubules in vivo, docetaxel arrests their function by having the opposite effect; it hyper-stabilizes their structure. This destroys the cell's ability to use its cytoskeleton in a flexible manner. Specifically, docetaxel binds to the &beta;-subunit of tubulin. Tub"
322,cilazapril,"Cilazapril is an ACE inhibtor class drug used in the treatment of hypertension and heart failure. It belongs to the angiotensin-converting enzyme inhibitors (ACE inhibitors) class of drugs.  It is a prodrug that is hydrolyzed after absorption to its main metabolite cilazaprilat. It is branded as Inhibace in Canada and other countries, Vascace and Dynorm in a number of European countries, among many other names. None of these varieties are available in the United States. Cilazapril is a pyridazine ACE inhibitor. It competes with angiotensin I for binding at the angiotensin-converting enzyme, blocking the conversion of angiotensin I to angiotensin II. As angiotensin II is a vasoconstrictor and a negative feedback mediator for renin activity, lower angiotensin II levels results in a decrease in blood pressure, an increase in renin activity, and stimulation of barore"
323,desloratadine,"Desloratadine is a second generation, tricyclic antihistamine that which has a selective and peripheral H1-antagonist action. It is the active descarboethoxy metabolite of loratidine (a second generation histamine). Desloratidine has a long-lasting effect and does not cause drowsiness because it does not readily enter the central nervous system. Like other H1-blockers, Desloratadine competes with free histamine for binding at H<sub>1</sub>-receptors in the GI tract, uterus, large blood vessels, and bronchial smooth muscle. This blocks the action of endogenous histamine, which subsequently leads to temporary relief of the negative symptoms (eg. nasal congestion, watery eyes) brought on by histamine."
324,iopamidol,"Iopamidol is a contrast agent developed by Bracco with nonionic, low-osmolar properties."
325,insulin lispro,"Insulin lispro is a rapid-acting form of insulin used for the treatment of hyperglycemia caused by Type 1 and Type 2 Diabetes. Insulin is prescribed for the management of diabetes mellitus to mimic the activity of endogenously produced human insulin, a peptide hormone produced by beta cells of the pancreas that promotes glucose metabolism. Insulin is released from the pancreas following a meal to promote the uptake of glucose from the blood into internal organs and tissues such as the liver, fat cells, and skeletal muscle. Absorption of glucose into cells allows for its transformation into glycogen or fat for storage. Insulin also inhibits hepatic glucose production, enhances protein synthesis, and inhibits lipolysis and proteolysis among many other functions.

Insulin is an important tr Insulin lispro binds to the insulin receptor (IR), a heterotetrameric protein consisting of two extracellular alpha units and two transmembrane beta units. The binding of insulin to the alpha subunit of IR stimulates the tyrosine kinase activity intrinsic to the beta subunit of the receptor. The bound receptor autophosphorylates and phosphorylates numerous intracellular substrates such as insulin "
326,posaconazole,"Posaconazole is a triazole antifungal drug that is used to treat invasive infections by Candida species and Aspergillus species in severely immunocompromised patients. As a triazole antifungal agent, posaconazole exerts its antifungal activity through blockage of the cytochrome P-450 dependent enzyme, sterol 14&alpha;-demethylase, in fungi by binding to the heme cofactor located on the enzyme. This leads to the inhibition of the synthesis of ergosterol, a key component of the fungal cell membrane, and accumulation of methylated sterol precursors. This results in"
327,perindopril,"Perindopril is a nonsulfhydryl prodrug that belongs to the angiotensin-converting enzyme (ACE) inhibitor class of medications. It is rapidly metabolized in the liver to perindoprilat, its active metabolite, following oral administration. Perindoprilat is a potent, competitive inhibitor of ACE, the enzyme responsible for the conversion of angiotensin I (ATI) to angiotensin II (ATII). ATII regulates blood pressure and is a key component of the renin-angiotensin-aldosterone system (RAAS). Perindopril may be used to treat mild to moderate essential hypertension, mild to moderate congestive heart failure, and to reduce the cardiovascular risk of individuals with hypertension or post-myocardial infarction and stable coronary disease. There are two isoforms of ACE: the somatic isoform, which exists as a glycoprotein comprised of a single polypeptide chain of 1277; and the testicular isoform, which has a lower molecular mass and is thought to play a role in sperm maturation and binding of sperm to the oviduct epithelium. Somatic ACE has two functionally active domains, N and C, which arise from tandem gene duplication. Although "
328,paroxetine,"Paroxetine is a selective serotonin reuptake inhibitor (SSRI) drug commonly known as Paxil. It has a variety of uses, including the treatment of anxiety disorders, major depression, posttraumatic stress disorder, and symptoms of menopause, among others.[T653] It was approved by the FDA in the early 1990s and marketed by SmithKline Beecham.[L7712,L7715] A unique feature of this drug is that it is highly potent and selective in its inhibition of serotonin reuptake and has little effect on other neurotransmitters.[A31914] Because of its potent inhibition of serotonin reuptake, paroxetine is more likely to cause withdrawal effects upon cessation. Paroxetine is well tolerated in most patients with a similar adverse effect profile to other members of its drug class.[A31914] The controlled releas Paroxetine enhances serotonergic activity via the inhibition presynaptic reuptake of serotonin by the serotonin (SERT) receptor.[A5492,A181772] This inhibition raises the level of serotonin in the synaptic cleft, relieving various symptoms. This drug has been demonstrated to be a stronger inhibitor of serotonin reuptake than other members of the same drug class, including [Citalopram], [Fluoxetine"
329,pilocarpine,"A naturally occurring alkaloid derived from the _Pilocarpus_ plants, pilocarpine is a muscarinic acetylcholine agonist.[A262016, A262036] Pilocarpine is associated with parasympathomimetic effects by selectively working on muscarinic receptors.[A262036] Pilocarpine is used to treat dry mouth and various ophthalmic conditions, including elevated intraocular pressure and glaucoma. The usage of glaucoma by pilocarpine dates back to 1875.[A262041] The muscarinic M3 receptor is expressed in various endocrine and exocrine glands, including the gastric and salivary glands.[A262041] It is also found in smooth muscle cells in pupillary sphincter and ciliary bodies. The M3 receptor is a G<sub>q</sub>-protein-coupled receptor that activates phospholipase C and upregulates inositol trisphosphate and intracellular calcium. M3 receptor activation has"
330,rescinnamine,"Rescinnamine is an angiotensin-converting enzyme inhibitor used as an antihypertensive drug. It is an alkaloid obtained from _Rauwolfia serpentina_ and other species of _Rauwolfia_. Rescinnamine Binds to and inhibits the angiotensin converting enzyme. Rescinnamine competes with angiotensin I for binding at the angiotensin-converting enzyme, blocking the conversion of angiotensin I to angiotensin II. Inhibition of ACE results in decreased plasma angiotensin II. As angiotensin II is a vasoconstrictor and a negative-feedback mediator for renin activity, lower concentrations resu"
331,carbamazepine,"Carbamazepine, also known as Tegretol, is an anticonvulsant drug and analgesic drug used to control seizures and to treat pain resulting from trigeminal neuralgia. It was initially approved by the FDA in 1965.[A180301] Aside from the above uses, this drug is also given to control the symptoms of bipolar 1.[L1335] Interestingly, carbamazepine was the first anticonvulsant used to treat individuals with bipolar disorder.[A180319] Carbamazepine's mechanism of action is not fully elucidated and is widely debated.[A180310,L9713] One major hypothesis is that carbamazepine inhibits sodium channel firing, treating seizure activity. Animal research studies have demonstrated that carbamazepine exerts its effects by lowering polysynaptic nerve response and inhibiting post-tetanic potentiation. In both cats and rats, carbamazepine w"
332,nelfinavir,"Nelfinavir is a potent HIV-1 protease inhibitor. It is used in combination with other antiviral drugs in the treatment of HIV in both adults and children. Nelfinavir inhibits the HIV viral proteinase enzyme which prevents cleavage of the gag-pol polyprotein, resulting in noninfectious, immature viral particles.[L36485] HIV viral protease is an important enzyme for HIV maturation and pathogenicity since HIV produces its structural and key proteins in the form of a polyprotein that needs to be cleaved by a protease.[A246853] HIV protease is synthesized as part of the Gag-pol polyprotein, where Gag encodes for the capsid and matrix protein to form the outer protein shell, and Pol encodes for the reverse transcripta"
333,valganciclovir,"Valganciclovir hydrochloride (Valcyte, manufactured by Roche) is an antiviral medication used to treat cytomegalovirus infections. As the L-valyl ester of ganciclovir, it is actually a prodrug for ganciclovir. After oral administration, it is rapidly converted to ganciclovir by intestinal and hepatic esterases. Valganciclovir is a prodrug of ganciclovir that exists as a mixture of two diastereomers. After administration, these diastereomers are rapidly converted to ganciclovir by hepatic and intestinal esterases. In cytomegalovirus (CMV)-infected cells, ganciclovir is initially phosphorylated to the monophosphate form by viral protein kinase, then it is further phosphorylated via cellular kinases to prod"
334,exemestane,"Exemestane is an oral steroidal aromatase inhibitor used in the adjuvant treatment of hormonally-responsive (also called hormone-receptor-positive, estrogen-responsive) breast cancer in postmenopausal women. It irreversibly binds to the active site of the enzyme resulting in permanent inhibition. Breast cancer cell growth may be estrogen-dependent. Aromatase (exemestane) is the principal enzyme that converts androgens to estrogens both in pre- and postmenopausal women. While the main source of estrogen (primarily estradiol) is the ovary in premenopausal women, the principal source of circulating estrogens in postmenopausal women is from conversion of adrenal and ovarian androgens (androste"
335,prazosin,"Prazosin is a drug used to treat hypertension.  Prazosin is marketed by _Pfizer_ and was initially approved by the FDA in 1988.[L5828]  It belongs to the class of drugs known as alpha-1 antagonists.

Recently, many studies have evaluated the benefits of this drug in controlling the symptoms of post-traumatic stress disorder (PTSD) and associated nightmares.[A176618, A176621, A176624] Alpha-adrenergic receptors are essential for the regulation of blood pressure in humans. Two types of alpha receptors, alpha 1 and alpha 2, both play a role in regulating blood pressure.  Alpha-1 receptors are postsynaptic (located after the nerve junction, or space between a nerve fiber and target tissue). In this case, the target tissue is the vascular smooth muscle [L5837].  These receptors, wh"
336,citalopram,"Citalopram is an antidepressant belonging to the class of selective _serotonin-reuptake inhibitors_ (SSRIs) widely used to treat the symptoms of depression. It is a racemic bicyclic phthalate derivate and is the only compound with a tertiary amine and 2 nitrogen-containing metabolites among all SSRIs.[A261316,A14720] Citalopram enhances serotonergic transmission through the inhibition of serotonin reuptake, and among all the SSRIs, citalopram appears to be the most selective toward serotonin reuptake inhibition.[A261316,A14720] Specifically, it has a very minimal effect on dopamine and norepinephrine transportation and virtually no affinity for muscarinic, histaminergic, or GABAergic receptors.[A261316]

Citalopram was approved by the FDA in 1998 for the treatment of depression in adults The mechanism of action of citalopram is unclear but is presumed to be related to potentiation of serotonergic activity in the central nervous system (CNS) resulting from its inhibition of CNS neuronal reuptake of serotonin (5-HT), potentially through the inhibition of the serotonin transporter (solute carrier family 6 member 4, _SLC6A4_).[L47941,A37688] 

Citalopram binds with significantly les"
337,macitentan,"Macitentan is a dual endothelin receptor antagonist used in the treatment of pulmonary arterial hypertension (PAH).[L35890] It was first approved by the FDA in 2013. Macitentan differs from its predecessor [bosentan] in part due to its lower risk of hepatotoxicity.

A combination product (Opsynvi) comprising macitentan and [tadalafil] was approved in Canada in October 2021 for the treatment of PAH.[L39105] It was subsequently approved by the FDA in March 2024.[L50622] Macitentan is an antagonist which binds to the endothelin A and B receptors (E<sub>A</sub> and E<sub>B</sub>) and blocks signaling from endothelin-1 and -2.[L35890, L39105, A242402] Pulmonary arterial hypertension has many different mechanisms which contribute to the development of endothelial dysfunction including elevated cytosolic calcium, genetic factors, epigenetic changes, and mitochondrial "
338,lamivudine and abacavir,lamivudine and abacavir
339,amsacrine,"Aminoacridine derivative that is a potent intercalating antineoplastic agent. It is effective in the treatment of acute leukemias and malignant lymphomas, but has poor activity in the treatment of solid tumors. It is frequently used in combination with other antineoplastic agents in chemotherapy protocols. It produces consistent but acceptable myelosuppression and cardiotoxic effects. Amsacrine binds to DNA through intercalation and external binding. It has a base specificity for A-T pairs. Rapidly dividing cells are two to four times more sensitive to amsacrine than are resting cells. Amsacrine appears to cleave DNA by inducing double stranded breaks. Amsacrine also targets and inhibits topoisomerase II. Cytotoxicity is greatest during the S phase of the cell cycle when topois"
340,micafungin,"Micafungin is an antifungal drug. It belongs to the antifungal class of compounds known as echinocandins and exerts its effect by inhibiting the synthesis of 1,3-beta-D-glucan, an integral component of the fungal cell wall. Micafungin inhibits the synthesis of beta-1,3-D-glucan, an essential component of fungal cell walls which is not present in mammalian cells. It does this by inhibiting beta-1,3-D-glucan synthase."
341,estazolam,"A benzodiazepine with anticonvulsant, hypnotic, and muscle relaxant properties. It has been shown in some cases to be more potent than diazepam or nitrazepam. Benzodiazepines bind nonspecifically to benzodiazepine receptors, which affects affects muscle relaxation, anticonvulsant activity, motor coordination, and memory. As benzodiazepine receptors are thought to be coupled to gamma-aminobutyric acid-A (GABA<sub>A</sub>) receptors, this enhances the effects GABA by increasing GABA affinity for the GABA receptor. Binding of the inhibitory neurotransmitte"
342,ambrisentan,"Ambrisentan is an orally active selective type A endothelin receptor antagonist indicated for the treatment of pulmonary arterial hypertension. It is approved in Europe, Canada and the United States for use as a single agent to improve exercise ability and delay clinical worsening. In addition, it is approved in the United States for use in combination with tadalafil to reduce the risks of disease progression, hospitalization and to improve exercise ability. Studies establishing the efficacy of Ambrisentan included patients with both idiopathic or heritable pulmonary arterial hypertension and those with pulmonary arterial hypertension associated with connective tissue diseases. Patients studied displayed symptoms and etiologies predominantly of WHO Functional Class II-III. As an endothelin Endothelin-1 (ET-1) is an endogenous peptide that acts on the endothelin type A (ETA) and endothelin type B (ETB) receptors in vascular smooth muscle and endothelium. ETA-mediated actions include vasoconstriction and cell proliferation, whereas ETB predominantly mediates vasodilation, anti-proliferation, and ET-1 clearance. In patients with pulmonary arterial hypertension, ET-1 levels are increase"
343,gemfibrozil,"Gemfibrozil is a fibric acid agent, similar to [clofibrate], used to treat Type IIb, IV, and V hyperlipidemias.[A185777,L8525] Gemfibrozil is not a first line treatment and is prescribed to patients who have not responded adequately to weight loss, diet, exercise, and other medications.[L8525]

Gemfibrozil was granted FDA approval on 21 December 1981.[L8525] Gemfibrozil activates peroxisome proliferator-activated receptor-α (PPARα), which alters lipid metabolism.[A185777] This activation leads to increased HDL, apo AI, apo AII, lipoprotein lipase (LPL), inhibition of apo B synthesis, peripheral lipolysis, decreased removal of free fatty acids by the liver, and increased clearance of apoB.[A185390,A185777,L8525]

Upregulated LPL reduces plasma trigly"
344,levosimendan,"Levosimendan increases calcium sensitivity to myocytes by binding to troponin C in a calcium dependent manner. This increases contractility without raising calcium levels. It also relaxes vascular smooth muscle by opening adenosine triphosphate sensitive potassium channels. Levosimendan is used to manage acutely decompensated congestive heart failure. Levosimendan appears to increase myofilament calcium sensitivity by binding to cardiac troponin C in a calcium-dependent manner. This stabilizes the calcium-induced conformational change of troponin C, thereby (1) changing actin-myosin cross-bridge kinetics apparently without increasing the cycling rate of the cross-bridges or myocardial ATP consumption, (2) increasing the effects of calcium on ca"
345,halofantrine,"Halofantrine is an antimalarial. It belongs to the phenanthrene class of compounds that includes quinine and lumefantrine. It appears to inhibit polymerisation of heme molecules (by the parasite enzyme ""heme polymerase""), resulting in the parasite being poisoned by its own waste. Halofantrine has been shown to preferentially block open and inactivated HERG channels leading to some degree of cardiotoxicity. The mechanism of action of Halofantrine may be similar to that of chloroquine, quinine, and mefloquine; by forming toxic complexes with ferritoporphyrin IX that damage the membrane of the parasite."
346,esmolol,"Esmolol, commonly marketed under the trade name Brevibloc, is a cardioselective beta-1 receptor blocker. It has a rapid onset but short duration of action without causing significant intrinsic sympathomimetic or membrane stabilizing activities at recommended therapeutic doses. It works by blocking beta-adrenergic receptors in the heart, which leads to decreased force and rate of heart contractions. Esmolol prevents the action of two naturally occurring substances: epinephrine and norepinephrine.

The FDA withdrew its approval for the use of all parenteral dosage form drug products containing esmolol hydrochloride that supply 250 milligrams/milliliter of concentrated esmolol per 10-milliliter ampule. Other esmolol formulations are still available for use.[L43942] Similar to other beta-blockers, esmolol blocks the agonistic effect of the sympathetic neurotransmitters by competing for receptor binding sites. Because it predominantly blocks the beta-1 receptors in cardiac tissue, it is said to be cardioselective. In general, so-called cardioselective beta-blockers are relatively cardioselective; at lower doses they block beta-1 receptors only but begin to blo"
347,vinorelbine,"Vinorelbine is an anti-mitotic chemotherapy drug that is used in the treatment of several types of malignancies, including breast cancer and non-small cell lung cancer (NSCLC) [L1998].  It was initially approved in the USA in 1990's for the treatment of NSCLC [L2010].

It is a third-generation vinca alkaloid. The introduction of third-generation drugs (vinorelbine, gemcitabine, taxanes) in platinum combination improved survival of patients with advanced NSCLC, with very similar results from the various drugs. Treatment toxicities are considerable in the combination treatment setting [A32347].

A study was done on the clearance rate of vinorelbine on individuals with various single polymorphonuclear mutations.  It was found that there was 4.3-fold variation in vinorelbine clearance acro Vinca alkaloids are structurally similar compounds composed of two multi-ringed units, _vindoline_, and _catharanthine_. _Vinorelbine tartrate_ is a vinca alkaloid in which the catharanthine component is the target of structural modification [L2005], [L2006].

This structural modification contributes to unique pharmacologic properties.The antitumor activity of vinorelbine tartrate is believed to"
348,apremilast,"Apremilast, also known as Otezla, is a phosphodiesterase 4 (PDE4) inhibitor used to treat various types of symptoms resulting from certain inflammatory autoimmune diseases. It belongs to the same drug class as [Roflumilast] and [Crisaborole].[A181244,L7495] Initially approved in 2014, it is marketed by Celgene.[L7501] In July 2019, apremilast was granted a new FDA approval for the treatment of oral ulcers associated with Behcet's disease, an autoimmune condition that causes recurrent skin, blood vessel, and central nervous system inflammation.[A181216] The full mechanism of action of this drug is not fully established, however, it is known that apremilast is an inhibitor of phosphodiesterase 4 (PDE4), which mediates the activity of cyclic adenosine monophosphate (cAMP), a second messenger.[A181217] The inhibition of PDE4 by apremilast leads to increased intracellular cAMP levels.[L7501] An increase in cAMP results in the suppression of inflammat"
349,dapsone,"A sulfone active against a wide range of bacteria but mainly employed for its actions against mycobacterium leprae. Its mechanism of action is probably similar to that of the sulfonamides which involves inhibition of folic acid synthesis in susceptible organisms. It is also used with pyrimethamine in the treatment of malaria. (From Martindale, The Extra Pharmacopoeia, 30th ed, p157-8) Dapsone acts against bacteria and protozoa in the same way as sulphonamides, that is by inhibiting the synthesis of dihydrofolic acid through competition with para-amino-benzoate for the active site of dihydropteroate synthetase. The anti-inflammatory action of the drug is unrelated to its antibacterial action and is still not fully understood."
350,tigecycline,"Tigecycline is a glycylcycline antibiotic developed and marketed by Wyeth under the brand name Tygacil. It was developed in response to the growing prevalence of antibiotic resistance in bacteria such as Staphylococcus aureus. It was granted fast-track approval by the U.S. Food and Drug Administration (FDA) on June 17, 2005. Tigecycline, a glycylcycline, inhibits protein translation in bacteria by binding to the 30S ribosomal subunit and blocking entry of amino-acyl tRNA molecules into the A site of the ribosome. This prevents incorporation of amino acid residues into elongating peptide chains. Tigecycline carries a glycylamido moiety attached to the 9-position of minocycline. The substitution pattern is not present i"
351,azithromycin,"Azithromycin is a broad-spectrum macrolide antibiotic with a long half-life and a high degree of tissue penetration [A174172]. It was initially approved by the FDA in 1991 [A174175].

It is primarily used for the treatment of respiratory, enteric and genitourinary infections and may be used instead of other macrolides for some sexually transmitted and enteric infections. It is structurally related to erythromycin [A174169].

Azithromycin [9-deoxo-9a-aza-9a-methyl-9a-homoerythromycin] is a part of the _azalide_ subclass of macrolides, and contains a 15-membered ring, with a methyl-substituted nitrogen instead of a carbonyl group at the 9a position on the aglycone ring, which allows for the prevention of its metabolism. This differentiates azithromycin from other types of macrolides [A17 In order to replicate, bacteria require a specific process of protein synthesis, enabled by ribosomal proteins [A6505]. Azithromycin binds to the 23S rRNA of the bacterial 50S ribosomal subunit. It stops bacterial protein synthesis by inhibiting the transpeptidation/translocation step of protein synthesis and by inhibiting the assembly of the 50S ribosomal subunit [FDA label], [A14179]. This resul"
352,dipyridamole,"A phosphodiesterase inhibitor that blocks uptake and metabolism of adenosine by erythrocytes and vascular endothelial cells. Dipyridamole also potentiates the antiaggregating action of prostacyclin. (From AMA Drug Evaluations Annual, 1994, p752) Dipyridamole likely inhibits both adenosine deaminase and phosphodiesterase, preventing the degradation of cAMP, an inhibitor of platelet function. This elevation in cAMP blocks the release of arachidonic acid from membrane phospholipids and reduces thromboxane A2 activity. Dipyridamole also directly stimulates the release of prostacyclin, which induces adenylate cyclase activity, thereby raising "
353,brinzolamide,"Brinzolamide is a highly specific, non-competitive, reversible carbonic anhydrase II (CA-II) inhibitor indicated to reduce ocular pressure in patients with ocular hypertension or open-angle glaucoma.[L35310] Although the exact pathophysiology of glaucoma is still unknown, one of the main hallmarks of this disease is vascular dysregulation and abnormalities.[A2049,A2051] The resulting vascular resistance increases intraocular pressure, thus impairing ocular perfusion.[A2049,A2051] Although systemic anti-carbonic anhydrase (CA) therapy has been used for almost 50 years with varying degrees of success, systemic administration results in an increase in incidences of adverse effects.[A2049,A2051]

Brinzolamide was developed as a topical solution to the systemic side effects and [dorzolamide], Brinzolamide is a highly specific, reversible, non-competitive inhibitor of carbonic anhydrases (CA), the enzymes catalyzing the reversible reaction of water and carbon dioxide (CO2) to form bicarbonate ions.[A2053] Although there are 7 isoforms of CA in human tissues, brinzolamide has the highest affinity to CA II.[A2053,A2055] Brinzolamide and its active metabolites were not found to displace an"
354,cinacalcet,"Cinacalcet is a calcimimetic sold by Amgen under the trade name Sensipar® in North America and Australia and as Mimpara® in Europe. It is used to treat hyperparathyroidism due to parathyroid tumours or renal failure. Cinacalcet directly lowers parathyroid hormone levels by increasing the sensitivity of the calcium sensing receptors to activation by extracellular calcium, resulting in the inhibition of PTH secretion. The reduction in PTH is associated with a concomitant decrease in serum calcium levels."
355,goserelin,"Goserelin is a synthetic hormone. In men, it stops the production of the hormone testosterone, which may stimulate the growth of cancer cells. In women, goserelin decreases the production of the hormone estradiol (which may stimulate the growth of cancer cells) to levels similar to a postmenopausal state. When the medication is stopped, hormone levels return to normal. Goserelin is a synthetic decapeptide analogue of LHRH. Goserelin acts as a potent inhibitor of pituitary gonadotropin secretion when administered in the biodegradable formulation. The result is sustained suppression of LH and serum testosterone levels."
356,metformin,"Metformin is a biguanide antihyperglycemic agent and first-line pharmacotherapy used in the management of type II diabetes.[L12207,A176173] 

Metformin is considered an antihyperglycemic drug because it lowers blood glucose concentrations in type II diabetes without causing hypoglycemia. It is commonly described as an ""insulin sensitizer"", leading to a decrease in insulin resistance and a clinically significant reduction of plasma fasting insulin levels.[A176173] Another well-known benefit of this drug is modest weight loss, making it an effective choice for obese patients type II diabetes.[A36559]

Metformin was first approved in Canada in 1972,[A36552] and received subsequent FDA approval in the US in 1995.[L12207] Metformin's mechanisms of action are unique from other classes of oral antihyperglycemic drugs. Metformin decreases blood glucose levels by decreasing hepatic glucose production (also called gluconeogenesis), decreasing the intestinal absorption of glucose, and increasing insulin sensitivity by increasing peripheral glucose uptake and utilization.[L12207] It is well established that metformin inhi"
357,zonisamide,"Zonisamide is a sulfonamide anticonvulsant used as an adjunctive therapy in adults with partial-onset seizures.[L42530,L42535]  Zonisamide may act by blocking repetitive firing of voltage-gated sodium channels, leading to a reduction of T-type calcium channel currents or by binding allosterically to GABA receptors. This latter action may inhibit the uptake of the inhibitory neurotransmitter GABA while enhancing the uptake of the excitatory neurotransmitter glutamate.[L42530,L42535] Zonisamide represents an alternative for patients that remain refractory to established antiepileptic drugs. In 1989, it was approved for commercial use in Japan. The US and Europe approved it in 2000 and 2005, respectively.[A1379,A1383] The mechanism of action by which zonisamide controls seizures has not been fully established. However, its antiepileptic properties may be due to its effects on sodium and calcium channels.[L42530,L42535] Zonisamide blocks sodium channels and reduces voltage-dependent, transient inward currents, stabilizing neuronal membranes and suppressing neuronal hypersynchronization.[L42530,L42535] It affects"
358,idarubicin,"An orally administered anthracycline antineoplastic. The compound has shown activity against breast cancer, lymphomas and leukemias, together with the potential for reduced cardiac toxicity. Idarubicin has antimitotic and cytotoxic activity through a number of proposed mechanisms of action: Idarubicin forms complexes with DNA by intercalation between base pairs, and it inhibits topoisomerase II activity by stabilizing the DNA-topoisomerase II complex, preventing the religation portion of the ligation-religation reaction that topoisomerase II catalyzes."
359,zolpidem,"Zolpidem, also known as _Ambien_, is a hypnotic drug that was initially approved by the FDA in 1992 [FDA label].  Zolpidem improves sleep in patients with insomnia. It is aimed for use in patients with difficulties initiating sleep. This drug decreases the time to fall asleep (sleep latency), increases the duration of sleep, and decreases the number of awakenings during sleep in patients with temporary (transient) insomnia.  It is available in both immediate acting and extended release forms [FDA label], [F3802]. 

Its tolerability profile is favorable when administered according to the manufacturer’s instructions, with a low risk of drug withdrawal, drug dependence, and drug tolerance [A175426]. In addition, zolpidem improves sleep quality in patients suffering from chronic insomnia and Zolpidem, the active moiety of zolpidem tartrate, is a hypnotic substance with a chemical structure that is not related to the structure benzodiazepines, barbiturates, pyrrolopyrazines, pyrazolopyrimidines or other drugs exerting hypnotic effects. It interacts with a _GABA-BZ_ receptor complex and shares various pharmacological properties with the _benzodiazepine_ class of drugs [FDA label].

Su"
360,mifepristone,"Mifepristone is a progestational and glucocorticoid hormone antagonist. Its inhibition of progesterone induces bleeding during the luteal phase and in early pregnancy by releasing endogenous prostaglandins from the endometrium or decidua. As a glucocorticoid receptor antagonist, the drug has been used to treat hypercortisolism in patients with nonpituitary cushing syndrome. The two marketed forms of mifepristone are Mifeprex® (mifepristone 200mg) and Korlym™ (mifepristone 300mg). Currently under investigation for use in psychotic depression (phase 3 trials). The anti-progestational activity of mifepristone results from competitive interaction with progesterone at progesterone-receptor sites. Based on studies with various oral doses in several animal species (mouse, rat, rabbit and monkey), the compound inhibits the activity of endogenous or exogenous progesterone. The termination of pregnancy results.

In the treatment of Cushing's syndrome, Mifepri"
361,cerivastatin,"On August 8, 2001 the U.S. Food and Drug Administration (FDA) announced that Bayer Pharmaceutical Division voluntarily withdrew Baycol from the U.S. market, due to reports of fatal rhabdomyolysis, a severe adverse reaction from this cholesterol-lowering (lipid-lowering) product. It has also been withdrawn from the Canadian market.[A669,L43942] Cerivastatin competitively inhibits hydroxymethylglutaryl-coenzyme A (HMG-CoA) reductase, the hepatic enzyme responsible for converting HMG-CoA to mevalonate. As mevalonate is a precursor of sterols such as cholesterol, this results in a decrease in cholesterol in hepatic cells, upregulation of LDL-receptors, and an increase in hepatic uptake of LDL-cholesterol from the circulation."
362,rosuvastatin,"Rosuvastatin, also known as the brand name product Crestor, is a lipid-lowering drug that belongs to the statin class of medications, which are used to lower the risk of cardiovascular disease and manage elevated lipid levels by inhibiting the endogenous production of cholesterol in the liver. More specifically, statin medications competitively inhibit the enzyme hydroxymethylglutaryl-coenzyme A (HMG-CoA) Reductase,[A181421] which catalyzes the conversion of HMG-CoA to mevalonic acid and is the third step in a sequence of metabolic reactions involved in the production of several compounds involved in lipid metabolism and transport including cholesterol, low-density lipoprotein (LDL) (sometimes referred to as ""bad cholesterol""), and very low-density lipoprotein (VLDL). Prescribing of statin Rosuvastatin is a statin medication and a competitive inhibitor of the enzyme HMG-CoA (3-hydroxy-3-methylglutaryl coenzyme A) reductase, which catalyzes the conversion of HMG-CoA to mevalonate, an early rate-limiting step in cholesterol biosynthesis.[A181421] Rosuvastatin acts primarily in the liver, where decreased hepatic cholesterol concentrations stimulate the upregulation of hepatic low densi"
363,fluvastatin,"Fluvastatin is an antilipemic agent that competitively inhibits hydroxymethylglutaryl-coenzyme A (HMG-CoA) reductase. HMG-CoA reductase catalyzes the conversion of HMG-CoA to mevalonic acid, the rate-limiting step in cholesterol biosynthesis. Fluvastatin belongs to a class of medications called statins and is used to reduce plasma cholesterol levels and prevent cardiovascular disease. It is also the first entirely synthetic HMG-CoA reductase inhibitor and is structurally distinct from the fungal derivatives of this therapeutic class. Fluvastatin is a racemate comprising equimolar amounts of (3R,5S)- and (3S,5R)-fluvastatin. Fluvastatin selectively and competitively inhibits the hepatic enzyme hydroxymethylglutaryl-coenzyme A (HMG-CoA) reductase. HMG-CoA reductase is responsible for converting HMG-CoA to mevalonate, the rate-limiting step in cholesterol biosynthesis. Inhibition results in a decrease in hepatic cholesterol levels which stimulates the synthesis of LDL receptors and increases hepatic uptake of LDL choles"
364,valdecoxib,"Valdecoxib was removed from the Canadian, U.S., and E.U. markets in 2005 due to concerns about a possible increased risk of heart attack and stroke. Both COX-1 and COX-2 catalyze the conversion of arachidonic acid to prostaglandin (PG) H2, the precursor of PGs and thromboxane. Valdecoxib selectively inhibits the cyclooxygenase-2 (COX-2) enzyme, important for the mediation of inflammation and pain. Unlike non-selective NSAIDs, valdecoxib does not inhibit platelet aggregation."
365,fosfomycin,"Fosfomycin was discovered in 1969 by scientists at the Spanish Penicillin and Antibiotics Company and is produced by _Streptomyces fradiae_.[A229338,A230348] It may also be produced synthetically and is commercially available as the disodium salt for intravenous administration and as the calcium or trometamol salt for oral administration.[A230348] In terms of chemical structure, fosfomycin is a phosphoenolpyruvate analog and contains a phosphonic group and an epoxide ring.[A230348]

Due to its ease of administration as a single 3-gram oral dose and desirable safety profile, fosfomycin has largely become a first-line therapeutic option for the treatment of uncomplicated urinary tract infections (UTIs) in females.[A230378] Despite being FDA approved only for urinary tract infections, fosfo Fosfomycin exerts its bactericidal effects by binding covalently to a cysteine in the active site of the UDP-N-acetylglucosamine enolpyruvyl transferase (MurA) enzyme, rendering it inactive. By preventing MurA from catalyzing the condensation of phosphoenolpyruvate (PEP) with UDP-N-acetylglucosamine (UNAG), fosfomycin inhibits the production of the peptidoglycan precursor UDP N-acetylmuramic acid "
366,ibandronic acid,"Ibandronate, or BM 21.0955, is a third generation, nitrogen containing bisphosphonate similar to [zoledronic acid], [minodronic acid], and [risedronic acid].[A203111,A203138] It is used to prevent and treat postmenopausal osteoporosis.[L13805,L13808] Ibandronate was first described in the literature in 1993 as a treatment for bone loss in dogs.[A203138]

Ibandronate was granted FDA approval on 16 May 2003.[L13805] Bisphosphonates are taken into the bone where they bind to hydroxyapatite. Bone resorption by osteoclasts causes local acidification, releasing the bisphosphonate, which is taken into the osteoclast by fluid-phase endocytosis.[A959] Endocytic vesicles become acidified, releasing bisphosphonates into the cytosol of osteoclasts where they act.[A959]

Osteoclasts mediate resorption of bone.[A6366] "
367,ziprasidone,"Disorders such as schizophrenia and bipolar disorder can significantly impair mood, cognition, and behavior.[A190525] These mental illnesses can often be accompanied by comorbidities such as depression and substance abuse, and can significantly impact the quality of life of patients and caregivers.[A190525] Luckily, several treatment options for psychotic disorders have been introduced to market since the realization of chlorpromazine's antipsychotic properties in 1952.[A190525] 

Second generation antipsychotics (commonly referred to as atypical antipsychotics) include [clozapine], [quetiapine], [olanzapine], [aripiprazole] and [ziprasidone] among others, and are generally thought to be as efficacious as first generation antipsychotics but differ in their adverse effect profiles.[A19052 The effects of ziprasidone are differentiated from other antispychotics based on its preference and affinity for certain receptors. Ziprasidone binds to serotonin-2A (5-HT2A) and dopamine D2 receptors in a similar fashion to other atypical antipsychotics; however, one key difference is that ziprasidone has a higher 5-HT2A/D2 receptor affinity ratio when compared to other antipsychotics such as ola"
368,zanamivir,"A guanido-neuraminic acid that is used to inhibit neuraminidase. The proposed mechanism of action of zanamivir is via inhibition of influenza virus neuraminidase with the possibility of alteration of virus particle aggregation and release. By binding and inhibiting the neuraminidase protein, the drug renders the influenza virus unable to escape its host cell and infect others."
369,zolmitriptan,"Zolmitriptan is a member of the triptan class of 5-hydroxytryptamine(5-HT)<sub>1B/1D/(1F)</sub> receptor agonists used to treat acute migraine.[A462, L12978] [Sumatriptan] was the first triptan to be developed, but had poor oral bioavailability and lipophilicity. This led to the development of second-generation triptans, including [almotriptan], [eletriptan], [frovatriptan], [naratriptan], [rizatriptan], and zolmitriptan.[A193791] Triptans can be administered alone or in combination with an NSAID like [naproxen], and represent the current ""gold standard"" for acute migraine treatment.[A193797]

Zolmitriptan was first approved by the FDA for sale by Zeneca Pharmaceuticals under the trade name Zomig® on November 25, 1997. It is currently available in both tablet and nasal spray forms.[L1297 Migraines are complex physiological events characterized by unilateral throbbing headaches combined with photophobia and other aversions to sensory input. Migraine attacks are generally divided into phases: the premonitory phase, which typically involves irritability, fatigue, yawning, and stiff neck; the headache phase, which lasts for between four and 72 hours; and the postdrome phase, which las"
370,oseltamivir,"Oseltamivir (marketed as the product TamifluⓇ), is an antiviral neuraminidase inhibitor used for the treatment and prophylaxis of infection with influenza viruses A (including pandemic H1N1) and B. Oseltamivir exerts its antiviral activity by inhibiting the activity of the viral neuraminidase enzyme found on the surface of the virus, which prevents budding from the host cell, viral replication, and infectivity.

The clinical benefit of use of oseltamivir is greatest when administered within 48 hours of the onset of influenza symptoms since effectiveness decreases significantly after that point in time; there is generally no benefit in use beyond 48 hours for healthy, low-risk individuals as influenza is a self-limiting illness.[A180574, L7267, A180580] However, antiviral treatment might  Oseltamivir phosphate is a pro-drug of the active metabolite (oseltamivir carboxylate) which is a potent and selective inhibitor of influenza virus neuraminidase enzymes, which are glycoproteins found on the virion surface. Viral neuraminidase enzyme activity is important for viral entry into uninfected cells, for the release of recently formed virus particles from infected cells, and for the furt"
371,entecavir,"Entecavir is an oral antiviral drug used in the treatment of hepatitis B infection. It is marketed under the trade name Baraclude (BMS).

Entecavir is a guanine analogue that inhibits all three steps in the viral replication process, and the manufacturer claims that it is more efficacious than previous agents used to treat hepatitis B (lamivudine and adefovir). It was approved by the U.S. Food and Drug Administration (FDA) in March 2005. By competing with the natural substrate deoxyguanosine triphosphate, entecavir functionally inhibits all three activities of the HBV polymerase (reverse transcriptase, rt): (1) base priming, (2) reverse transcription of the negative strand from the pregenomic messenger RNA, and (3) synthesis of the positive strand of HBV DNA. Upon activation by kinases, the drug can be incorporated into the DNA wh"
372,cyproterone,"An anti-androgen that, in the form of its acetate (cyproterone acetate), also has progestational properties. It is used in the treatment of hypersexuality in males, as a palliative in prostatic carcinoma, and, in combination with estrogen, for the therapy of severe acne and hirsutism in females. The direct antiandrogenic effect of cyproterone is blockage of the binding of dihydrotestosterone to the specific receptors in the prostatic carcinoma cell. In addition, cyproterone exerts a negative feed-back on the hypothalamo-pituitary axis, by inhibiting the secretion of luteinizing hormone resulting in diminished production of testicular testosterone."
373,doripenem,"Doripenem is a broad-spectrum, carbapenem antibiotic marketed under the brand name Doribax by Janssen. Doripenem injection was approved by the FDA in 2007 to treat complicated urinary tract and intra-abdominal infections. In a clinical trial of doripenem treatment in ventilator associated pneumonia (vs. imipenem and cilastatin), it was found that doripenem carried an increased risk of death and lower clinical cure rates, resulting in a premature termination of the trial. The FDA revised the doripenem label in 2014 to include a warning against use in ventilator-associated pneumonia and to reiterate its safety and efficacy for its approved indications. Doripenem is a broad-spectrum carbapenem antibiotic with activity against many gram-positive and gram-negative aerobic bacteria, as well as a variety of anaerobes. Like other beta-lactam antibiotics, doripenem's bactericidal mechanism of action is mostly due to cell death after inhibition of bacterial enzymes called penicillin-bindng proteins (PBPs), which are responsible for peptidoglycan cross-l"
374,aztreonam,"A monocyclic beta-lactam antibiotic originally isolated from Chromobacterium violaceum. It is resistant to beta-lactamases and is used in gram-negative infections, especially of the meninges, bladder, and kidneys. It may cause a superinfection with gram-positive organisms. The bactericidal action of aztreonam results from the inhibition of bacterial cell wall synthesis due to a high affinity of aztreonam for penicillin binding protein 3 (PBP3). By binding to PBP3, aztreonam inhibits the third and last stage of bacterial cell wall synthesis. Cell lysis is then mediated by bacterial cell wall autolytic enzymes such as autolysins. It is possible that aztreonam interfer"
375,ibuprofen,"Ibuprofen is a non-steroidal anti-inflammatory drug (NSAID) derived from propionic acid and it is considered the first of the propionics.[A39074] The formula of ibuprofen is 2-(4-isobutylphenyl) propionic acid and its initial development was in 1960 while researching for a safer alternative for aspirin.[A39075] Ibuprofen was finally patented in 1961 and this drug was first launched against rheumatoid arthritis in the UK in 1969 and USA in 1974. It was the first available over-the-counter NSAID.[A39076]

On the available products, ibuprofen is administered as a racemic mixture. Once administered, the R-enantiomer undergoes extensive interconversion to the S-enantiomer _in vivo_ by the activity of the alpha-methylacyl-CoA racemase. In particular, it is generally proposed that the S-enantio The exact mechanism of action of ibuprofen is unknown. However, ibuprofen is considered an NSAID and thus it is a non-selective inhibitor of cyclooxygenase, which is an enzyme involved in prostaglandin (mediators of pain and fever) and thromboxane (stimulators of blood clotting) synthesis via the arachidonic acid pathway.[L4614]

Ibuprofen is a non-selective COX inhibitor and hence, it inhibits "
376,lidocaine,"Ever since its discovery and availability for sale and use in the late 1940s, lidocaine has become an exceptionally commonly used medication [T583]. In particular, lidocaine's principal mode of action in acting as a local anesthetic that numbs the sensations of tissues means the agent is indicated for facilitating local anesthesia for a large variety of surgical procedures [F4349, L5930, L5948]. It ultimately elicits its numbing activity by blocking sodium channels so that the neurons of local tissues that have the medication applied on are transiently incapable of signaling the brain regarding sensations [F4349, L5930, L5948]. In doing so, however, it can block or decrease muscle contractile, resulting in effects like vasodilation, hypotension, and irregular heart rate, among others [F434 Lidocaine is a local anesthetic of the amide type [F4349, L5930, L5948]. It is used to provide local anesthesia by nerve blockade at various sites in the body [F4349, L5930, L5948]. It does so by stabilizing the neuronal membrane by inhibiting the ionic fluxes required for the initiation and conduction of impulses, thereby effecting local anesthetic action [F4349, L5930, L5948]. In particular, the"
377,candesartan,Candesartan is an angiotensin-receptor blocker (ARB) that may be used alone or with other agents to treat hypertension. It is available as a prodrug in the form of [candesartan cilexetil].
378,topiramate,"Topiramate is a anti-epileptic drug used to manage seizures and prevent migraines.[A175249] It was initially approved by the FDA in 1996. In 2004, topiramate was approved for the prevention of migraine in adults.[A188309,L10544,L43478] Since 2012, the extended-release formulation has been approved in combination with [phentermine] for chronic weight management therapy in adults.[L10550] 

Characteristics that distinguish topiramate from other antiepileptic drugs are a monosaccharide chemical structure containing a sulfamate, and 40% of its mass accounted for by oxygen.[A175249] Interestingly, topiramate was discovered by chance when attempts were made to formulate a novel antidiabetic drug.[A188330] A seizure is an abnormal and unregulated electrical discharge occurring in the brain. This leads to transient interruption in brain function, manifested by reduced alertness, abnormal sensations, and focal involuntary movements or convulsions. Several types of seizures exist, with common types including tonic-clonic seizures and partial onset seizures.[L5548]

The exact mechanisms by which topir"
379,fosphenytoin,"Fosphenytoin is a water-soluble phenytoin prodrug used only in hospitals for the treatment of epileptic seizures. It works by slowing down impulses in the brain that cause seizures. Its main mechanism is to block frequency-dependent, use-dependent and voltage-dependent neuronal sodium channels, and therefore limit repetitive firing of action potentials. Fosphenytoin is a prodrug of phenytoin and accordingly, its anticonvulsant effects are attributable to phenytoin. Phenytoin acts on sodium channels on the neuronal cell membrane, limiting the spread of seizure activity and reducing seizure propagation. By promoting sodium efflux from neurons, phenytoin tends to stabilize the threshold against hyperexcitability caused by excessive stimulation or en"
380,quetiapine,"Initially approved by the FDA in 1997, quetiapine is a second-generation atypical antipsychotic used in schizophrenia, major depression, and bipolar disorder.[L8546] Quetiapine demonstrates a high level of therapeutic efficacy and low risk of adverse effects during long-term treatment. It is well-tolerated and a suitable option for some patients with high sensitivity to other drugs, such as [clozapine] and [olanzapine].[A2189] Although the mechanism of action of quetiapine is not fully understood, several proposed mechanisms exist. In schizophrenia, its actions could occur from the antagonism of dopamine type 2 (D2) and serotonin 2A (5HT2A) receptors. In bipolar depression and major depression, quetiapine's actions may be attributed to the binding of this drug or its metabolite to the norepinephrine transporter. Additio"
381,ciprofloxacin,"Ciprofloxacin is a second generation fluoroquinolone that has spawned many derivative antibiotics.[A178870] It is formulated for oral, intravenous, intratympanic, ophthalmic, and otic administration for a number of bacterial infections.[L6469,L6472,L6475,L6478,L6481,L6484,L6487,L6490,L6493]

The first ciprofloxacin containing product was FDA approved on 22 October 1987.[L6463] Ciprofloxacin acts on bacterial topoisomerase II (DNA gyrase) and topoisomerase IV.[A178885] Ciprofloxacin's targeting of the alpha subunits of DNA gyrase prevents it from supercoiling the bacterial DNA which prevents DNA replication.[A178876,A178882]"
382,umeclidinium bromide,"Umeclidinium is a long-acting muscarinic antagonist (LAMA) used as a maintenance treatment for symptoms of chronic obstructive pulmonary disease (COPD). COPD is a progressive obstructive lung disease characterized by shortness of breath, cough, sputum production, and chronically poor airflow with a forced expiratory volume in 1 second (FEV1) of less than 80%.[A7715]

Maintenance of the airway is controlled by the parasympathetic nervous system, particularly by the abundance of the muscarinic subtype 3 (M3) in the airway smooth muscle.[A7719] Parasympathetic ganglia are associated with the larger airways while postganglionic fibers innervate the smaller diameter bronchioles contributing to airway resistance.[A7719] By blocking the M3 muscarinic receptor, umeclidinium inhibits the binding  Umeclidinium is a long-acting muscarinic antagonist, which is often referred to as an anticholinergic. It has similar affinity to the subtypes of muscarinic receptors M1 to M5. In the airways, it exhibits pharmacological effects through inhibition of M3 receptors at the smooth muscle leading to bronchodilation. The competitive and reversible nature of antagonism was shown with human and animal ori"
383,ceftriaxone,"Ceftriaxone is a broad-spectrum third-generation cephalosporin antibiotic.[A215582] It has a very long half-life compared to other cephalosporins and is high penetrable into the meninges[A215582], eyes[A215647], and inner ear[A215627]. Ceftriaxone has broader and stronger gram-negative coverage then first or second-generation cephalosporins, but worse activity against methicillin-susceptible S.aureus. Ceftriaxone is a commonly used antimicrobial due to its good activity against multi-drug resistant Enterobacteriaceae, its relatively safe adverse effect profile, and its long half-life which allows for the convenience of daily or twice-daily dosing.[A215582] Ceftriaxone works by inhibiting the mucopeptide synthesis in the bacterial cell wall.[T324,L15082] The beta-lactam moiety of ceftriaxone binds to carboxypeptidases, endopeptidases, and transpeptidases in the bacterial cytoplasmic membrane. These enzymes are involved in cell-wall synthesis and cell division. Binding of ceftriaxone to these enzymes causes the enzyme to lose activity; therefore, the "
384,cefepime,"Cefepime is a fourth-generation cephalosporin antibiotic developed in 1994. Cefepime is active against Gram-positive and Gram-negative bacteria, and has greater activity against both compared to third-generation antibiotics.[A2457,A249050] Cefepime is normally used to treat severe nosocomial pneumonia and infections caused by multi-resistant microorganisms such as _Pseudomonas aeruginosa_, and is also indicated for the empirical treatment of febrile neutropenia.[A249050] The popularity of its third-generation predecessors, its clinical efficacy, and the high prevalence of multidrug-resistant bacteria might be some of the factors leading to an increase in the use of cefepime. The activity of cefepime against Enterobacteriaceae, _Pseudomonas aeruginosa_, and _Staphylococcus aureus_ is due to Cefepime is a bactericidal cephalosporin with a mode of action similar to other beta-lactam antibiotics.[L42095,L42100] Cefepime disrupts bacterial cell walls by binding and inhibiting transpeptidases known as penicillin-binding proteins (PBPs), which are enzymes involved in the final stages of peptidoglycan layer synthesis. This results in the lysis and death of susceptible microorganisms.[A24905"
385,zoledronic acid,"Zoledronic acid, or CGP 42'446,[A203120] is a third generation, nitrogen containing bisphosphonate similar to [ibandronic acid], [minodronic acid], and [risedronic acid].[A203111] Zoledronic acid is used to treat and prevent multiple forms of osteoporosis, hypercalcemia of malignancy, multiple myeloma, bone metastases from solid tumors, and Paget’s disease of bone.[L13712,L13715,L13721] Zoledronic acid was first described in the literature in 1994.[A203120]

Zoledronic acid was granted FDA approval on 20 August 2001.[L13712] Bisphosphonates are taken into the bone where they bind to hydroxyapatite. Bone resorption by osteoclasts causes local acidification, releasing the bisphosphonate, which is taken into the osteoclast by fluid-phase endocytosis.[A959] Endocytic vesicles become acidified, releasing bisphosphonates into the cytosol of osteoclasts where they act.[A959]

Osteoclasts mediate resorption of bone.[A6366] "
386,amlexanox,"Amlexanox is an antiallergic drug, clinically effective for atopic diseases, especially allergic asthma and rhinitis. Amlexanox as a topical paste is a well tolerated treatment of recurrent aphthous ulcers. Recurrent aphthous ulcer (RAU) is the most prevalent oral mucosal disease in humans, estimated to affect between 5% and 50% of the general population. As a benzopyrano-bipyridine carboxylic acid derivative, amlexanox has anti-inflammatory and antiallergic properties. It inhibits chemical mediatory release of the slow-reacting substance of anaphylaxis (SRS-A) and may have antagonistic effects on interleukin-3. When cells are under stress, they release an inactive form of human fibroblast growth factor 1 (FGF-1), a potent mitogen (entity that caus"
387,amlodipine,"Amlodipine, initially approved by the FDA in 1987, is a popular antihypertensive drug belonging to the group of drugs called _dihydropyridine calcium channel blockers_.  Due to their selectivity for the peripheral blood vessels, dihydropyridine calcium channel blockers are associated with a lower incidence of myocardial depression and cardiac conduction abnormalities than other calcium channel blockers [A175327].

Amlodipine is commonly used in the treatment of high blood pressure and angina. Amlodipine has antioxidant properties and an ability to enhance the production of nitric oxide (NO), an important vasodilator that decreases blood pressure [A175321].  The option for single daily dosing of amlodipine is an attractive feature of this drug [FDA label]. **Mechanism of action on blood pressure**

Amlodipine is considered a peripheral arterial vasodilator that exerts its action directly on vascular smooth muscle to lead to a reduction in peripheral vascular resistance, causing a decrease in blood pressure. Amlodipine is a dihydropyridine calcium antagonist (calcium ion antagonist or slow-channel blocker) that inhibits the influx of calcium ions i"
388,nebivolol,"Nebivolol is a racemic mixture of 2 enantiomers where one is a beta adrenergic antagonist and the other acts as a cardiac stimulant without beta adrenergic activity.[A182579] Treatment with nebivolol leads to a greater decrease in systolic and diastolic blood pressure than [atenolol], [propranolol], or [pindolol].[A182579] Nebivolol and other beta blockers are generally not first line therapies as many patients are first treated with thiazide diuretics.[A182594]

Nebivolol was granted FDA approval on 17 December 2007.[L7985] Nebivolol is a highly selective beta-1 adrenergic receptor antagonist[A182579] with weak beta-2 adrenergic receptor antagonist activity.[A182585] Blocking beta-1 adrenergic receptors by d-nebivolol leads to decreased resting heart rate, exercise heart rate, myocardial contracility, systolic blood pressure, and diastolic blood pressure.[A182603,A182579,A182585,A182615] The selectivity of d-nebivolo"
389,ganciclovir,"An acyclovir analog that is a potent inhibitor of the Herpesvirus family including cytomegalovirus. Ganciclovir is used to treat complications from AIDS-associated cytomegalovirus infections. Ganciclovir's antiviral activity inhibits virus replication. This inhibitory action is highly selective as the drug must be converted to the active form by a virus-encoded cellular enzyme, thymidine kinase (TK). TK catalyzes phosphorylation of ganciclovir to the monophosphate, which is then subsequently converted into the diphosphate by cellular guanylate kinase and into the triphosphate by a numb"
390,ciclesonide,"Ciclesonide is a glucocorticoid used to treat obstructive airway diseases. It is marketed under the brand name Alvesco. Glucocorticoids such as ciclesonide can inhibit leukocyte infiltration at the site of inflammation, interfere with mediators of inflammatory response, and suppress humoral immune responses. The antiinflammatory actions of glucocorticoids are thought to involve phospholipase A2 inhibitory proteins, lipocortins, which control the biosynthesis of potent mediators of inflammation such as prostaglandin"
391,fidaxomicin,"Fidaxomicin is a novel macrolide antibiotic used in the treatment of diarrhea caused by _Clostridioides_ (formerly _Clostridium_) _difficile_ in adult and pediatric patients over the age of 6 months.[L11575] Fidaxomicin is a naturally-occurring 18-member macrocycle derived from fermentation.[A190501] Because fidaxomicin contains an 18-membered lactone ring in its structure, it is referred to as a macrocyclic lactone antibiotic drug.[A190492] The antibacterial activity of fidaxomicin is distinct from macrolides and rifamycins, as the bactericidal activity is time-dependent, and not concentration-dependent.[A190492] Fidaxomicin was the first macrocyclic lactone antibiotic with activity against _C. difficile_,[A190486] and it displays a narrow spectrum of activity against gram-positive anaero _Clostridium difficile_ is a Gram-positive bacterium that causes various gastrointestinal complications, such as antibiotic-associated diarrhea. _C. difficile_ infection can be caused by antibiotic therapy, resulting in the disruption of the human gut flora leads to an overgrowth of _C. difficile_. The consequences of _C. difficile_ infection can be mild to severe and sometimes fatal.[A190492] 
"
392,silodosin,"Silodosin is a selective antagonist of alpha(α)-1 adrenergic receptors that binds to the α<sub>1A</sub> subtype with the highest affinity. α1-adrenergic receptors regulate smooth muscle tone in the bladder neck, prostate, and prostatic urethra: the α<sub>1A</sub> subtype accounts for approximately 75% of α1-adrenoceptors in the prostate.[A231159] 

Silodosin was first approved by the FDA in October 2008 [A231159] and it is also approved in Europe and Canada. Silodosin is available as oral capsules with common trade names Rapaflo and Urorec. It is indicated for the symptomatic treatment of benign prostatic hyperplasia in adults.[L32368] Most commonly affecting males over the age of 40 years, benign prostatic hyperplasia is the non-malignant enlargement of the prostate gland, associated wi The pathogenesis of benign prostatic hyperplasia is not fully understood: it is believed to involve several pathways, including inflammation, apoptosis, and cellular proliferation. Most drug therapies aim to alleviate symptoms of benign prostatic hyperplasia, silodosin included. Lower urinary tract symptoms of benign prostatic hyperplasia are categorized into three main groups: voiding or obstruct"
393,vancomycin,"Antibacterial obtained from Streptomyces orientalis. It is a glycopeptide related to ristocetin that inhibits bacterial cell wall assembly and is toxic to kidneys and the inner ear.

As of January 29 2018, CutisPharma's Firvanq is the only FDA approved vancomycin oral liquid treatment option available for the the treatment of _Clostridium difficile_ associated diarrhea and enterocolitis caused by _Staphylococcus aureus_, including methicillin-resistant strains [LP1196]. Such an oral liquid formulation is expected to make _Clostridium difficile_ associated diarrhea therapy more accessible in comparison to previously available specialty compounding products [LP1196]. The bactericidal action of vancomycin results primarily from inhibition of cell-wall biosynthesis. Specifically, vancomycin prevents incorporation of N-acetylmuramic acid (NAM)- and N-acetylglucosamine (NAG)-peptide subunits from being incorporated into the peptidoglycan matrix, which forms the major structural component of Gram-positive cell walls. Vancomycin forms hydrogen bonds with the termina"
394,vildagliptin,"Vildagliptin (LAF237) is an orally active antihyperglycemic agent that selectively inhibits the dipeptidyl peptidase-4 (DPP-4) enzyme. It is used to manage type II diabetes mellitus, where GLP-1 secretion and insulinotropic effects are impaired.[A232488] By inhibiting DPP-4, vildagliptin prevents the degradation of glucagon-like peptide 1 (GLP-1) and glucose-dependent insulinotropic polypeptide (GIP), which are incretin hormones that promote insulin secretion and regulate blood glucose levels. Elevated levels of GLP-1 and GIP consequently results in improved glycemic control.[L32803] In clinical trials, vildagliptin has a relatively low risk of hypoglycemia.[A232488]

Oral vildagliptin was approved by the European Medicines Agency in 2008 for the treatment of type II diabetes mellitus in Glucagon-like peptide-1 (GLP-1) and glucose-dependent insulinotropic peptide (GIP) are incretin hormones that regulate blood glucose levels and maintain glucose homeostasis. It is estimated that the activity of GLP-1 and GIP contribute more than 70% to the insulin response to an oral glucose challenge. They stimulate insulin secretion in a glucose-dependent manner via G-protein-coupled GIP and GLP"
395,cabozantinib,"Cabozantinib was first approved in 2012 and is a non-specific tyrosine kinase inhibitor. It was initially approved in the US under the brand name Cometriq, which is indicated for the treatment of metastatic medullary thyroid cancer.[L15123] In 2016, a capsule formulation (Cabometyx) was approved for the treatment of advanced renal cell carcinoma, and this same formulation gained additional approval in both the US and Canada in 2019 for the treatment of hepatocellular carcinoma in previously treated patients.[L15128,L15133] Cabozantinib inhibits specific receptor tyrosine kinases such as VEGFR-1, -2 and -3, KIT, TRKB, FLT-3, AXL, RET, MET, and TIE-2."
396,olmesartan medoxomil,"Olmesartan belongs to the angiotensin II receptor blocker (ARB) family of drugs, which also includes [telmisartan], [candesartan], [losartan], [valsartan], and [irbesartan]. ARBs selectively bind to angiotensin receptor 1 (AT1) and prevent the protein angiotensin II from binding and exerting its hypertensive effects, which include vasoconstriction, stimulation and synthesis of aldosterone and ADH, cardiac stimulation, and renal reabsorption of sodium, among others. Overall, olmesartan's physiologic effects lead to reduced blood pressure, lower aldosterone levels, reduced cardiac activity, and increased excretion of sodium. 

Olmesartan also affects the renin-angiotensin aldosterone system (RAAS), which plays an important role in hemostasis and regulation of kidney, vascular, and cardiac  Olmesartan belongs to the angiotensin II receptor blocker (ARB) family of drugs, which also includes [telmisartan], [candesartan], [losartan], [valsartan], and [irbesartan]. ARBs selectively bind to angiotensin receptor 1 (AT1) and prevent the protein angiotensin II from binding and exerting its hypertensive effects. As the principal pressor agent of the renin-angiotensin system, Angiotensin II ca"
397,escitalopram,"Escitalopram is a selective serotonin re-uptake inhibitor (SSRI) and the S-enantiomer of racemic [citalopram].[A185420] It is used to restore serotonergic function in the treatment of depression and anxiety.[L8513,L8516,L8522] Escitalopram is approximately 150 times more potent than citalopram’s R-enantiomer and is responsible for the vast majority of citalopram’s clinical activity, with some evidence suggesting that the R-enantiomer of racemic citalopram actively dampens the activity of escitalopram rather than existing simply as an inactive enantiomer.[A39738,A185819] Amongst SSRIs, escitalopram exerts the highest degree of selectivity for the serotonin transporter (SERT) relative to other off-targets which may explain its lower rates of adverse effects as compared to other agents in thi Escitalopram, like other selective serotonin re-uptake inhibitors, enhances serotonergic activity by binding to the orthosteric (i.e. primary) binding site on the serotonin transporter (SERT), the same site to which endogenous 5-HT binds, and thus prevents the re-uptake of serotonin into the presynaptic neuron.[A185420,A39738,A185726] Escitalopram, along with [paroxetine], is also considered an al"
398,ziconotide,"Ziconotide (also known as SNX-111) is a neurotoxic peptide derived from the cone snail _Conus magus_ comprising 25 amino acids with three disulphide bonds.[A202835, L13389] Other such peptides, collectively termed conotoxins, exist, and some have shown efficacy in binding specific subsets of calcium channels; ziconotide is used in part because it can be synthesized without loss of proper bond formation or structural elements.[A202829, A202832] Ziconotide is used to manage severe chronic pain refractory to other methods, through its ability to inhibit N-type calcium channels involved in nociceptive signalling.[A202829, A202835, A202838, A202841, A202850, A202859, L13389]

Ziconotide was granted FDA approval on December 28, 2004 for marketing by TerSera therapeutics LLC. under the name Pri Nociceptive pain signalling is a complex processing pathway involving peripheral nociceptors, primary afferent nerve fibres, and downstream CNS neurons located in the spinal cord.[A202838, A202859] Voltage-gated calcium channels (VGCCs) are important regulatory components of neural signalling and include the N-type (Cav2.2) heteromultimeric high-voltage type calcium channels.[A202844] Chronic pain"
399,saccharated iron oxide,"Iron sucrose (sucroferric oxyhydroxide or iron saccharate) is used as a source of iron in patients with iron deficiency anemia with chronic kidney disease (CKD), including those who are undergoing dialysis (hemodialysis or peritoneal) and those who do not require dialysis. Due to less side effects than iron dextran, iron sucrose is more preferred in chronic kidney disease patients. Following intravenous administration, iron sucrose is dissociated into iron and sucrose and the iron is transported as a complex with transferrin to target cells including erythroid precursor cells. The iron  is then incorporated into hemoglobin as the cells mature into red blood cells."
400,radium (223Ra) dichloride,"Radium Ra 223 Dichloride is a radiopharmaceutical containing the radioisotope radium-223 that emits short range but high linear energy alpha particles. As a cation, radium mimics calicum and binds to hydroxyapatite, which is a bone mineral found in areas of high bone turnover as seen in bone metastases. It was first approved by the FDA in May 2013 and is currently marketed under the brand name Xofigo, which was formerly called Alpharadin. Xofigo is indicated in patients who have metastatic bone cancer that is symptomatic with no visceral metastases and patients who have prostate cancer that is castration resistant. The FDA label includes a warning that Radium Ra 223 Dichloride should not be used in women who are pregnant or may become pregnant due to the high risk of fetal harm. Radium Ra 223 Dichloride is the radioisotope radium-223 that emits short range but high linear energy alpha particles. As a cation, radium mimics calicum and binds to hydroxyapatite, which is a bone mineral found in areas of high bone turnover as seen in bone metastases. The high energy damages bone cells by introducing double-stranded DNA breaks. This leads to cell death and prevention of the spr"
401,buserelin,"Buserelin is a synthetic peptide analog of the luteinizing hormone-releasing hormone (LHRH) agonist, which stimulates the pituitary gland's gonadotrophin-releasing hormone receptor (GnRHR). It is used in prostate cancer treatment. Buserelin stimulates the pituitary gland's gonadotrophin-releasing hormone receptor (GnRHR). Buserelin desensitizes the GnRH receptor, reducing the amount of gonadotropin. In males, this results in a reduction in the synthesis and release of testosterone. In females, estrogen secretion is inhibited. While initially, there is a rise in FSH and LH levels, chronic administration of Buserelin results "
402,lasofoxifene,"Lasofoxifene is a non-steroidal 3rd generation selective estrogen receptor modulator (SERM) that selectively binds to both ERα and ERβ with high affinity. It is a naphthalene derivative marketed for prevention and treatment of osteoporosis and for the treatment of vaginal atrophy. It was initially developed as Oporia by Pfizer as a treatment for postmenopausal osteoporosis and vaginal atrophy, in which were both rejected for approval by FDA. Later Fablyn was developed as a result of a research collaboration between Pfizer and Ligand Pharmaceuticals with a newly submitted New Drug Application in 2008. It gained approval by European Commission in March 2009. Ligand Pharmaceuticals signed a license agreement with Sermonix Pharmaceuticals for the development and commercialization of oral lasof Lasofoxifene mediates an agonist effect on estrogen receptors expressed on bone to mimic the positive effects of estrogen to reduce the production and lifespan of osteoclasts via altering the NF-kappaB ligand (RANKL)/RANK/osteoprotegerin system, stimulation of osteoblast (the bone forming cells) activity and additional effects on calcium homeostasis [A19176]. It acts as an antagonist at uterus and"
403,sumatriptan,"Sumatriptan is a serotonin receptor agonist commonly used to treat migraines and sometimes cluster headaches.[L6793,L6796,L6799,L6805,L6808,L6811] Sumatriptan is the first of the triptans and was made available in Europe in 1991 to treat migraines.[A179761] Sumatriptan was granted FDA approval on 28 December 1992.[L6805] Sumatriptan is an agonist of 5-HT<sub>1B</sub> and 5-HT<sub>1D</sub>.[L6793,L6796,L6799,L6805,L6808,L6811] This agonism leads to constriction of cranial blood vessels and inhibits the release of pro-inflammatory neuropeptides.[L6793,L6796,L6799,L6805,L6808,L6811] Sumatriptan decreases carotid arterial blood flow, but increases blood flow velocity in the internal carotid artery and middle cerebral "
404,etonogestrel,"Etonogestrel molecule is a 3-ketodesogestrel or 19-nortestosterone which is a synthetic biologically active metabolite of progestin desogestrel.[A37184] The first product including etonogestrel was developed by the Merck subsidiary Organon and FDA approved in 2001.[L5692] Etonogestrel binds with high affinity to the progesterone and estrogen receptors in the target organs.[L5695] From the target organs, they include the female reproductive tract, mammary gland, hypothalamus, and pituitary. Once bound, this drug changes the synthesis of different proteins which in order decreases the level of gonadotropin-releasing hormone and the luteinizing hormone.[L5701]"
405,bicalutamide,"Bicalutamide is an oral non-steroidal anti-androgen for prostate cancer. It is comprised of a racemic mixture that is a 50:50 composition of the (R)-bicalutamide and (S)-bicalutamide enantionmers. Bicalutamide binds to the androgen receptor. Bicalutamide competes with androgen for the binding of androgen receptors, consequently blocking the action of androgens of adrenal and testicular origin which stimulate the growth of normal and malignant prostatic tissue."
406,eslicarbazepine,Eslicarbazepine is an anti-epileptic medication available commercially as [eslicarbazepine acetate]. The precise mechanism(s) by which eslicarbazepine exerts anticonvulsant activity is unknown but is thought to involve inhibition of voltage-gated sodium channels.
407,suvorexant,"Suvorexant is a selective dual antagonist of orexin receptors OX1R and OX2R that promotes sleep by reducing wakefulness and arousal. It has been approved for the treatment of insomnia. Suvorexant is a dual antagonist of orexin receptors OX1R and OX2R. It exerts its pharmacological effect by inhibiting binding of neuropeptides orexin A and B, also known as hypocretin 1 and 2, that are produced by neurons in the lateral hypothalamus. These neurons control the wake-promoting centers of the brain and are active during wakefulness, especially during motor activities, and stop firing "
408,diltiazem,"Diltiazem is a benzothiazepine derivative with antihypertensive and vasodilating properties. Approved in 1982 by the FDA, it is a member of the non-dihydropyridine calcium channel blockers drug class. It works through various mechanisms of action, but it primarily works by inhibiting the calcium influx into cardiac and vascular smooth muscle during depolarization.[L10556] Compared to dihydropyridine drugs, such as [nifedipine], that preferentially act on vascular smooth muscle and [verapamil] that directly acts on the heart muscle, diltiazem displays an intermediate specificity to target both the cardiac and vascular smooth muscle.[T28] Being a potent vasodilator, diltiazem is used clinically as an antihypertensive, anti-arrhythmic, and as an anti-anginal agent [L6289] for the management o Excitation of cardiac muscle involves the activation of a slow calcium inward current that is induced by L-type slow calcium channels, which are voltage-sensitive, ion-selective channels[A178444] associated with a high activation threshold and slow inactivation profile.[T28] L-type calcium channels are the main current responsible for the late phase of the pacemaker potential.[A178492] Acting as t"
409,dexamethasone,"Dexamethasone, or MK-125, is a corticosteroid fluorinated at position 9 used to treat endocrine, rheumatic, collagen, dermatologic, allergic, ophthalmic, gastrointestinal, respiratory, hematologic, neoplastic, edematous, and other conditions.[L10701] Developed in 1957, it is structurally similar to other corticosteroids like [hydrocortisone] and [prednisolone].[A188724]

Dexamethasone was granted FDA approval on 30 October 1958.[L10695] In a press release for the Randomized Evaluation of COVID-19 Therapy (RECOVERY) trial on 16 June 2020, dexamethasone was recommended for use in COVID-19 patients with severe respiratory symptoms. Dexamethasone reduced deaths by approximately one third in patients requiring ventilation and by one fifth in those requiring oxygen.[L14318] The short term effects of corticosteroids are decreased vasodilation and permeability of capillaries, as well as decreased leukocyte migration to sites of inflammation.[A187463] Corticosteroids binding to the glucocorticoid receptor mediates changes in gene expression that lead to multiple downstream effects over hours to days.[A187463]

Glucocorticoids inhibit neutrophil apoptosis and demargina"
410,trimetrexate,"A nonclassical folic acid inhibitor through its inhibition of the enzyme dihydrofolate reductase. It is being tested for efficacy as an antineoplastic agent and as an antiparasitic agent against pneumocystis pneumonia in AIDS patients. Myelosuppression is its dose-limiting toxic effect. In vitro studies have shown that trimetrexate is a competitive inhibitor of dihydrofolate reductase (DHFR) from bacterial, protozoan, and mammalian sources. DHFR catalyzes the reduction of intracellular dihydrofolate to the active coenzyme tetrahydrofolate. Inhibition of DHFR results in the depletion of this coenzyme, leading directly to interference with thymidylate biosynthesis, as well as inhib"
411,isotretinoin,"Isotretinoin is a retinoid derivative of vitamin A used in the treatment of severe recalcitrant acne.[Label] It was most widely marketed under the brand name Accutane, which has since been discontinued.[L6574] Isotretinoin is associated with major risks in pregnancy and is therefore only available under the iPLEDGE program in the United States.[L6579] The first isotretinoin-containing product was FDA approved on 7 May 1982.[L6574] Isotretinoin produces its effects through altering progress through the cell cycle, cell differentiation, survival, and apoptosis.[A179091] These actions reduce sebum production, preventing the blockage of pores, and growth of acne causing bacteria.[A179091] Isotretinoin and 4-oxo-isotretinoin both significantly reduce the production of sebum.[A179091,Label] Isotretinoin has little to no affinity "
412,lurasidone,"Lurasidone is an atypical antipsychotic developed by Dainippon Sumitomo Pharma. It was approved by the U.S. Food and Drug Administration (FDA) for treatment of schizophrenia on October 29, 2010 and is currently pending approval for the treatment of bipolar disorder in the United States. Lurasidone is an atypical antipsychotic that is a D2 and 5-HT2A (mixed serotonin and dopamine activity) to improve cognition. It is thought that antagonism of serotonin receptors can improve negative symptoms of psychoses and reduce the extrapyramidal side effects that are often associated with typical antipsychotics."
413,axitinib,"Axitinib is a second generation tyrosine kinase inhibitor that works by selectively inhibiting vascular endothelial growth factor receptors (VEGFR-1, VEGFR-2, VEGFR-3).[L6676] Through this mechanism of action, axitinib blocks angiogenesis, tumour growth and metastases. It is reported to exhibit potency that is 50-450 times higher than that of the first generation VEGFR inhibitors.[L6676] Axitinib is an indazole derivative.[A179398] It is most commonly marketed under the name Inlyta® and is available in oral formulations. Axitinib selectively blocks the tyrosine kinase receptors VEGFR-1 (vascular endothelial growth factor receptor), VEGFR-2, and VEGFR-3."
414,estramustine,"A nitrogen mustard linked to estradiol, usually as phosphate; used to treat prostatic neoplasms; also has radiation protective properties. Estramustine is a derivative of estradiol with a nitrogen mustard moiety. This gives it alkylating properties. In vivo, the nitrogen mustard component is active and can alklyate DNA and other cellular components (such as tubulin components) of rapidly dividing cells. This causes DNA strandbreaks or misscoding events. This leads to apoptosis and cell death. Also, due to the drugs estrogen component"
415,teduglutide,"Teduglutide is a glucagon-like peptide-2 (GLP-2) analogue. It is made up of 33 amino acids and is manufactured using a strain of Escherichia coli modified by recombinant DNA technology. Teduglutide differs from GLP-2 by one amino acid (alanine is substituted by glycine). The significance of this substitution is that teduglutide is longer acting than endogenous GLP-2 as it is more resistant to proteolysis from dipeptidyl peptidase-4. FDA approved on December 21, 2012. Teduglutide is an analog of naturally occurring human glucagon-like peptide-2 (GLP-2), a peptide secreted by L-cells of the distal intestine in response to meals. GLP-2 increases intestinal and portal blood flow and inhibit gastric acid secretion. Teduglutide binds to the glucagon-like peptide-2 receptors located in enteroendocrine cells, subepithelial myofibroblasts and enteric neurons of the sub"
416,desonide,"A nonfluorinated corticosteroid anti-inflammatory agent used topically for dermatoses. Like other topical corticosteroids, desonide has anti-inflammatory, antipruritic and vasoconstrictive properties. The drug binds to cytosolic glucocorticoid receptors. This complex migrates to the nucleus and binds to genetic elements on the DNA. This activates and represses various genes. However corticosteroids are thought to act by the induction of phospholipase A2 inhibitory proteins, collecti"
417,argatroban,"Argatroban is a direct, selective thrombin inhibitor. The American College of Cardiologists (ACC) recommend using bivalirudin or argatroban in patients who have had, or at risk for, heparin induced thrombocytopenia (HIT) and are undergoing percutaneous coronary intervention. Argatroban is a non-heparin anticoagulant shown to both normalize platelet count in patients with HIT and prevent the formation of thrombi. Parental anticoagulants must be stopped and a baseline activated partial thromboplastin time must be obtained prior to administering argatroban. Argatroban exerts its anticoagulant effects by inhibiting thrombin-catalyzed or -induced reactions, including fibrin formation; activation of coagulation factors V, VIII, and XIII; protein C; and platelet aggregation."
418,flutemetamol (18F),"Flutemetamol (18F) is a PET scanning radiopharmaceutical containing the radionuclide fluorine-18. It is indicated for Positron Emission Tomography (PET) imaging of the brain to estimate β amyloid neuritic plaque density in adult patients with cognitive impairment who are being evaluated for Alzheimer's disease (AD) or other causes of cognitive decline. Fluorine-18 (F 18) is a cyclotron-produced radionuclide that decays by positron emission (β+ decay, 96.7%) and orbital electron capture (3.3%) to stable oxygen-18 with a physical half-life of 109.8 minutes. The positron can undergo annihilation with an electron to produce two gamma rays; the energy of each gamma ray is 511 keV. After flumetamol F18 is given intravenously, it accumulates in beta am"
419,naphazoline,"Naphazoline is a rapid acting imidazoline sympathomimetic vasoconstrictor of ocular or nasal artierioles[L5804,L5807]. It acts to decrease congestion and is found in many over the counter (OTC) eye drops and nasal preparations[L5804,L5807].

Naphazoline was first developed in 1942 as a nasal formulation for congestion[A176609]. Naphazoline is a vasoconstrictor that functions by stimulating alpha adrenergic receptors in arterioles leading to decreased congestion at the site of administration[L5804].

Naphazoline causes the release of norepinephrine in sympathetic nerves[A176567]. Norepinephrine binds to alpha adrenergic receptors and causes vasoconstriction[A176567]. Naphazoline is also a mild beta adrenergic receptor a"
420,amprenavir,"Amprenavir is a protease inhibitor used to treat HIV infection. Amprenavir inhibits the HIV viral proteinase enzyme which prevents cleavage of the gag-pol polyprotein, resulting in noninfectious, immature viral particles."
421,plerixafor,"Plerixafor is a small-molecule inhibitor of C-X-C chemokine receptor type 4 (CXCR4) that acts as a hematopoietic stem cell mobilizer.[A7117,L45678] It is used to stimulate the release of stem cells from the bone marrow into the blood in patients with non-Hodgkin's lymphoma (NHL) and multiple myeloma to stimulate their immune system. These stem cells are then collected and used in autologous stem cell transplantation to replace blood-forming cells destroyed by chemotherapy.[A7118,L45678] 

As an inhibitor of CXCR4, plerixafor blocks the binding of its ligand, stromal cell-derived factor-1-alpha (SDF-1α). Since CXCR4 and SDF-1α are involved in the trafficking and homing of CD34+ cells to the marrow compartment, blocking this interaction leads to an increase in CD34+ cell circulating levels Plerixafor inhibits the C-X-C chemokine receptor type 4 (CXCR4) on CD34+ cells and reversibly blocks the binding of its ligand, stromal cell-derived factor-1-alpha (SDF-1α). SDF-1α and CXCR4 play a role in the trafficking and homing of human hematopoietic stem cells (HSCs) to the marrow compartment. In the marrow, stem cell CXCR4 can help anchor HSCs to the marrow matrix, either directly via SDF-1"
422,ezetimibe,"Ezetimibe is a lipid-lowering compound that inhibits intestinal cholesterol and phytosterol absorption. The discovery and research of this drug began in the early 1990s, after the intravenous administration of radiolabelled ezetimibe in rats revealed that it was being localized within enterocytes of the intestinal villi - this prompted studies investigating the effect of ezetimibe on intestinal cholesterol absorption.[A15202] Ezetimibe is used as an adjunctive therapy to a healthy diet to lower cholesterol levels in primary hyperlipidemia, mixed hyperlipidemia, homozygous familial hypercholesterolemia (HoFH), and homozygous sitosterolemia (phytosterolemia).[L11347]

Unlike other classes of cholesterol-reducing compounds including statins and bile acid sequestrants, ezetimibe has a distin Ezetimibe mediates its blood cholesterol-lowering effect via selectively inhibiting the absorption of cholesterol and phytosterol by the small intestine without altering the absorption of fat-soluble vitamins and nutrients.[A15202] The primary target of ezetimibe is the cholesterol transport protein Niemann-Pick C1-Like 1 (NPC1L1) protein. NPC1L1 is expressed on enterocytes/gut lumen (apical) as w"
423,caspofungin,"Caspofungin (brand name Cancidas worldwide) is an antifungal drug and the first member of a new drug class called the echinocandins, as coined by Merck & Co., Inc. It is typically administered intravenously. It shows activity against infections with Aspergillus and Candida, and works by inhibiting β(1,3)-D-Glucan of the fungal cell wall. Caspofungin inhibits the synthesis of beta-(1,3)-D-glucan, an essential component of the cell wall of <i>Aspergillus</i> species and <i>Candida</i> species. beta-(1,3)-D-glucan is not present in mammalian cells. The primary target is beta-(1,3)-glucan synthase."
424,ecallantide,"Ecallantide is a potent and selective human plasma kallikrein inhibitor that is indicated for the symptomatic treatment of hereditary angioedema. Ecallantide is a recombinant 60-amino-acid protein produced in _Pichia pastoris_ yeast cells that contains three intramolecular disulfide bonds [FDA Label]. It was discovered by phage display technology [A32017]. It shares sequence similarities with the naturally occurring human protein tissue-factor pathway inhibitor (TFPI), which is also known lipoprotein-associated coagulation inhibitor (LACI) [L1458]. The amino acid sequence of two compounds differ by seven amino acids [L1458]. 

Ecallantide works by blocking kallikrein to participate in the kallikrein-kinin system, which is a complex proteolytic cascade that initiates inflammatory and coag The kallikrein-kinin system is a complex proteolytic cascade that promotes inflammatory and coagulation pathways. Human plasma kallikrein acts as a protease to mediate the conversion of High Molecular Weight (HMW) kininogen to bradykinin, which is a vasoactive mediator that increases vascular permeability and induces localized swelling, inflammation, and pain [FDA Label]. The actions of kallikrein"
425,vemurafenib,"Vemurafenib is a competitive kinase inhibitor with activity against BRAF kinase with mutations like V600E.[A31269] It exerts its function by binding to the ATP-binding domain of the mutant BRAF.[A31270] Vemurafenib was co-developed by Roche and Plexxikon and it obtained its FDA approval on August 17, 2011, under the company Hoffmann La Roche. After approval, Roche in collaboration with Genentech launched a broad development program. [L1012] Vemurafenib is an orally available inhibitor of mutated BRAF-serine-threonine kinase. Vemurafenif is a small molecule that interacts as a competitive inhibitor of the mutated species of BRAF. It is especially potent against the BRAF V600E mutation. Vemurafenib blocks downstream processes to inhibit tumour growth and eventually trigger apoptosis. Vemurafenib does not have antitumour effects against"
426,glutamine,"A non-essential amino acid present abundantly throughout the body and is involved in many metabolic processes. It is synthesized from glutamic acid and ammonia. It is the principal carrier of nitrogen in the body and is an important energy source for many cells. An oral formulation of L-glutamine was approved by the FDA in July 2017 for use in sickle cell disease [L892]. This oral formulation is marketed under the tradename Endari by Emmaus Medical. Supplemental L-glutamine's possible immunomodulatory role may be accounted for in a number of ways. L-glutamine appears to play a major role in protecting the integrity of the gastrointestinal tract and, in particular, the large intestine. During catabolic states, the integrity of the intestinal mucosa may be compromised with consequent increased intestinal permeability and translocation of Gram-n"
427,hyoscyamine,"Hyoscyamine is a tropane alkaloid and the levo-isomer of [atropine].[A228423] It is commonly extracted from plants in the _Solanaceae_ or nightshade family.[A228423] Research into the action of hyoscyamine in published literature dates back to 1826.[A228713] Hyoscyamine is used for a wide variety of treatments and therapeutics due to its antimuscarinic properties.[L31548,L31553]

Although hyoscyamine is marketed in the United States, it is not FDA approved.[L31548,L31553] Hyoscyamine competitively and non-selectively antagonises muscarinic receptors in the smooth muscle, cardiac muscle, sino-atrial node, atrioventricular node, exocrine nodes, gastrointestinal tract, and respiratory tract.[A228613,L31548,L31553] Antagonism of muscarinic M1, M4, and M5 receptors in the central nervous system lead to cognitive impairment; antagonism of M2 in the sinoatrial and atriove"
428,baclofen,"Baclofen is a gamma-aminobutyric acid (GABA) agonist used as a skeletal muscle relaxant. Although originally designed in 1962 to treat epilepsy, baclofen was not effective in treating this condition but instead was shown to reduce spasticity in selected patients.[A245338] Baclofen was reintroduced in 1971 as a treatment for spasticity and was later approved by the FDA in 1977.[A245323, A245338] Baclofen is used to manage severe muscle spasms of cerebral or spinal cord origins, including multiple sclerosis and traumatic brain injury.[L39429]

Baclofen was investigated for use in alcohol dependence and withdrawal; however, evidence is limited and there is inconsistent evidence to suggest its clinical efficacy in managing alcohol dependence or withdrawal symptoms.[A173905, A173908, A245338] The exact mechanism of action of baclofen is unclear. Baclofen is an agonist at the beta subunit of gamma-aminobutyric acid (GABA) receptors expressed on pre- and post-synaptic neurons.[A173923] Upon binding to GABA<sub>B</sub> receptors, baclofen causes an influx of potassium into the neuron, leading to hyperpolarization of the neuronal membrane and decreased calcium influx at presynaptic nerve t"
429,sirolimus,"Sirolimus, also known as rapamycin, is a macrocyclic lactone antibiotic produced by bacteria _Streptomyces hygroscopicus_, which was isolated from the soil of the Vai Atari region of Rapa Nui (Easter Island).[A242412] It was first isolated and identified as an antifungal agent with potent anticandida activity; however, after its potent antitumor and immunosuppressive activities were later discovered, it was extensively investigated as an immunosuppressive and antitumour agent.[A13448] Its primary mechanism of action is the inhibition of the mammalian target of rapamycin (mTOR), which is a serine/threonine-specific protein kinase that regulates cell growth, proliferation, and survival. mTOR is an important therapeutic target for various diseases, as it was shown to regulate longevity and ma Sirolimus works by inhibiting T-lymphocyte activation and proliferation stimulated by antigens and cytokines such as interleukin (IL)-2, IL-4, and IL-15. In target cells, sirolimus binds to the cytoplasmic receptor FK506-binding protein-12 (FKBP12), an immunophilin, to form an immunosuppressive complex. FKBP12-sirolimus complex binds to and inhibits the activation of the mammalian target of rapamy"
430,norfloxacin,"A synthetic fluoroquinolone (fluoroquinolones) with broad-spectrum antibacterial activity against most gram-negative and gram-positive bacteria. Norfloxacin inhibits bacterial DNA gyrase. The bactericidal action of Norfloxacin results from inhibition of the enzymes topoisomerase II (DNA gyrase) and topoisomerase IV, which are required for bacterial DNA replication, transcription, repair, and recombination. Norfloxacin is a broad-spectrum antibiotic agent that is shown to be effective against various Gram-positive and Gram-negative bacterial species. The fluorine atom at the 6 posit"
431,carmustine,"A cell-cycle phase nonspecific alkylating antineoplastic agent. It is used in the treatment of brain tumors and various other malignant neoplasms. (From Martindale, The Extra Pharmacopoeia, 30th ed, p462) This substance may reasonably be anticipated to be a carcinogen according to the Fourth Annual Report on Carcinogens (NTP 85-002, 1985). (From Merck Index, 11th ed) Carmustine causes cross-links in DNA and RNA, leading to the inhibition of DNA synthesis, RNA production and RNA translation (protein synthesis). Carmustine also binds to and modifies (carbamoylates) glutathione reductase. This leads to cell death."
432,dexmedetomidine,"An agonist of receptors, adrenergic alpha-2 that is used in veterinary medicine for its analgesic and sedative properties. It is the racemate of dexmedetomidine. Dexmedetomidine is a specific and selective alpha-2 adrenoceptor agonist. By binding to the presynaptic alpha-2 adrenoceptors, it inhibits the release if norepinephrine, therefore, terminate the propagation of pain signals. Activation of the postsynaptic alpha-2 adrenoceptors inhibits the sympathetic activity decreases blood pressure and heart rate."
433,desmopressin,"Desmopressin (dDAVP), a synthetic analogue of 8-arginine vasopressin (ADH), is an antidiuretic peptide drug modified by deamination of 1-cysteine and substitution of 8-L-arginine by 8-D-arginine. ADH is an endogenous pituitary hormone that has a crucial role in the control of the water content in the body. Upon release from the stimulation of increased plasma osmolarity or decreased circulating blood volume, ADH mainly acts on the cells of the distal part of the nephron and the collecting tubules in the kidney [T28]. The hormone interacts with V1, V2 or V3 receptors with differing signal cascade systems.

Desmopressin displays enhanced antidiuretic potency, fewer pressor effects due to V2-selective actions, and a prolonged half-life and duration of action compared to endogenous ADH [A316 Upon binding of desmopressin to V2 receptors in the basolateral membrane of the cells of the distal tubule and collecting ducts of the nephron, adenylyl cyclase is stimulated. The resulting intracellular cascades in the collecting duct lead to increased rate of insertion of water channels, called aquaporins, into the lumenal membrane and enhanced the permeability of the membrane to water [T28]."
434,raloxifene,"Raloxifene is a second generation selective estrogen receptor modulator (SERM) that mediates anti-estrogenic effects on breast and uterine tissues, and estrogenic effects on bone, lipid metabolism, and blood coagulation.[A4979,T28] Exhibiting tissue-specific effects distinct from [estradiol], raloxifene is the first of the benzothiophene group of antiestrogens to be labelled a SERM.[A4977] Available in many countries worldwide, raloxifene was initially approved by the FDA in December, 1997 under the market name Evista® for the management and prevention of osteoporosis in postmenopausal women and reduction in risk for invasive breast cancer in postmenopausal women with osteoporosis or those who are at high risk for invasive breast cancer. However, it has a negligible effect on altering the  Raloxifene is a selective estrogen receptor modulator that acts as both an estrogen agonist and antagonist via differential effects on the tissue-specific estrogen receptors. Based on the findings of competitive binding assays, raloxifene displays binding affinity that is similar to that of [estradiol][A721], the predominant circulating estrogen.[A178861] Estrogens play variable roles at different"
435,propranolol,"Propranolol is a racemic mixture of 2 enantiomers where the S(-)-enantiomer has approximately 100 times the binding affinity for beta adrenergic receptors.[L6904] Propranolol is used to treat a number of conditions but most commonly is used for hypertension.[L6901,L6904,L6907] 

Propranolol was granted FDA approval on 13 November 1967.[L6904] Propranolol is a nonselective β-adrenergic receptor antagonist.[A179902] Blocking of these receptors leads to vasoconstriction, inhibition of angiogenic factors like vascular endothelial growth factor (VEGF) and basic growth factor of fibroblasts (bFGF), induction of apoptosis of endothelial cells, as well as down regulation of the renin-angiotensin-aldosterone system.[A179902]"
436,alprazolam,"Alprazolam is a triazolobenzodiazepine indicated for the treatment of anxiety and panic disorders.[L34783, L34788] It is mainly metabolized by CYP3As and so is contraindicated with CYP3A inhibitors like ketoconazole and itraconazole.[L34783, L34788] Benzodiazepine treatment should be stopped gradually by tapering down a patient's dose to avoid withdrawal symptoms.[A18125] Alprazolam's adverse effects are generally related to the sedation it can cause.[A18125] Alprazolam has been mixed with alcohol as a drug of abuse to potentiate the sedative effects of the drug which may lead to coma and death.[A18125] Alprazolam was given FDA approval on October 16, 1981.[L6148] Neurotransmission relies on excitatory and inhibitory signalling. γ-aminobutyric acid (GABA) type-A receptors (GABA<sub>A</sub>Rs) are members of the pentameric ligand-gated ion channel (PLGIC) superfamily located synaptically and perisynaptically to mediate phasic inhibition and extrasynaptically to mediate tonic inhibition. GABA<sub>A</sub>Rs comprise a variety of subunits from a homologous fami"
437,fotemustine,fotemustine
438,febuxostat,"Febuxostat is a non-purine xanthine oxidase (XO) inhibitor.[A39743] In early 2008, febuxostat was granted marketing authorization by the European Commission for the treatment of chronic hyperuricemia and gout.[A230548] In the following year, the FDA for approved febuxostat for use in the chronic management of hyperuricemia in adult patients with gout who have an inadequate response or intolerance to [allopurinol].[L32238] Gout is a form of arthritis that is caused by the accumulation of uric acid crystal in or around a joint, leading to inflammation and further deposition of uric acid crystal deposition in bones, joints, tissues, and other organs in the long term. Gout is closely associated with hyperuricemia. Febuxostat works by inhibiting the activity of an enzyme that is responsible for Gout is a form of acute arthritis that is characterized by the accumulation of crystals of monosodium urate and urate crystals in or around a joint, leading to inflammation and persistent urate crystal deposition in bones, joints, tissues, and other organs that may exacerbate over time. Hyperuricemia is closely related to gout, whereby it may exist for many years before the first clinical attack o"
439,teniposide,"Teniposide is a semisynthetic derivative of podophyllotoxin that exhibits antitumor activity. Teniposide inhibits DNA synthesis by forming a complex with topoisomerase II and DNA. This complex induces breaks in double stranded DNA and prevents repair by topoisomerase II binding. Accumulated breaks in DNA prevent cells from entering into the mitotic phase of the cell cycle, and lead to cell death. Teniposide acts primarily in the G2 and S phases of the cycle. The mechanism of action appears to be related to the inhibition of type II topoisomerase activity since teniposide does not intercalate into DNA or bind strongly to DNA. Teniposide binds to and inhibits DNA topoisomerase II. The cytotoxic effects of teniposide are related to the relative number of double-stranded DNA breaks produced in cells, which are a reflection of the stabilization of a topois"
440,penbutolol,"Penbutolol is a drug in the beta-blocker class used to treat hypertension. Penbutolol binds both beta-1 and beta-2 adrenergic receptors, rendering it a non-selective beta-blocker. Penbutolol can act as a partial agonist at beta adrenergic receptors, since it is a sympathomimetric drug. Penbutolol also demonstrates high binding affinity to the 5-hydroxytryptamine receptor 1A with antagonistic effects. This binding characteristic of penbutolol is being investigated for its implications in Antidepressant Therapy. Penbutolol is contraindicated in patients with cardiogenic shock, sinus bradycardia, second and third degree atrioventricular conduction block, bronchial asthma, and those with known hypersensitivity. Penbutolol acts on the β1 adrenergic receptors in both the heart and the kidney. When β1 receptors are activated by catecholamines, they stimulate a coupled G protein that leads to the conversion of adenosine triphosphate (ATP) to cyclic adenosine monophosphate (cAMP). The increase in cAMP leads to activation of protein kinase A (PKA), which alters the movement of calcium ions in heart muscle and "
441,belinostat,"Belinostat is a novel agent that inhibits the enzyme histone deacetylase (HDAC) with a sulfonamide-hydroxamide structure. It was developed as an orphan drug to target hematological malignancies and solid tumors by TopoTarget. The safety and efficacy of belinostat is currently being evaluated for use in combination with traditional front-line therapies for the treatment of PTCL. Intravenous administration of the agent is available as Beleodaq as monotherapy and the dosing regimen involves a 21-day cycle. It was US-approved in July 2014 as a therapeutic agent for relapsed or refractory peripheral T-cell lymphoma. Belinostat inhibits the activity of histone deacetylase (HDAC) thus prevents the removal of acetyl groups from the lysine residues of histones and some non-histone proteins. In vitro, belinostat caused the accumulation of acetylated histones and other proteins, increased the expression of tumor-suppressor genes. It ultimately induces cell cycle arrest, inhibition of angiogenesis and/or apoptosis o"
442,gadoteridol,"Gadoteridol is a macrocyclic nonionic gadolinium that provides contrast enhancement of the brain, spine, and surrounding tissues, resulting in improved visualization (compared with unenhanced MRI) of lesions with abnormal vascularity or those thought to disrupt the normal blood-brain barrier.[A263076,A263081,L49871] It was 1 of the 3 macrocyclic gadolinium-based contrast agents (GBCAs) that was mandated by the EMA to replace linear gadolinium-based contrast agents due to concerns about retained gadolinium in the brain.[A263076] 

Initially approved by the FDA in 1992, gadoteridol received additional approval in 2020 for use in pediatric patients less than 2 years old.[L49876] Gadoteridol is a paramagnetic agent and, as such, develops a magnetic moment when placed in a magnetic field. The relatively large magnetic moment produced by the paramagnetic agent results in a relatively large local magnetic field, which can enhance the relaxation rates of water protons in the vicinity of the paramagnetic agent.[L49871]

In MRI, visualization of normal and pathologic brain tis"
443,treprostinil,"Treprostinil is a stable tricyclic analogue of prostacyclin[A248770] that promotes the vasodilation of pulmonary and systemic arterial vascular beds and the inhibition of platelet aggregation.[L41855,L41860,L41865] It reduces symptoms in patients with pulmonary arterial hypertension (PAH) and pulmonary hypertension associated with interstitial lung disease.[L41855,L41860] The first agent approved for the treatment of PAH was [epoprostenol], a synthetic prostacyclin that significantly increases patients' quality of life. However, the use of epoprostenol is limited due to its short half-life (3-5 min) and instability at room temperature.[A248770,A248775] The use of more stable alternatives such as treprostinil provides patients with PAH with more treatment options.

Treprostinil was approv Treprostinil is a stable analogue of prostacyclin[L41855,L41860,L41865], a prostaglandin that acts as an anti-thrombotic agent and a potent vasodilator. Prostacyclin analogues are useful in the treatment of pulmonary arterial hypertension (PAH), a disease characterized by abnormally high blood pressure in the arteries between the heart and lungs.[A248770] PAH leads to right heart failure due to th"
444,gabapentin,"Gabapentin is a structural analogue of the inhibitory neurotransmitter gamma-aminobutyric acid ([GABA]) that was first approved for use in the United States in 1993.[L8717] It was originally developed as a novel anti-epileptic for the treatment of certain types of seizures[A186277,A186143] - today it is also widely used to treat neuropathic pain.[A14097,A186179] Gabapentin has some stark advantages as compared with other anti-epileptics, such as a relatively benign adverse effect profile, wide therapeutic index, and lack of appreciable metabolism making it unlikely to participate in pharmacokinetic drug interactions.[A186143,A185981,L8717]. It is structurally and functionally related to another GABA derivative, [pregabalin]. The precise mechanism through which gabapentin exerts its therapeutic effects is unclear.[L8717,L8720] The primary mode of action appears to be at the auxillary α2δ-1 subunit of voltage-gated calcium channels (though a low affinity for the α2δ-2 subunit has also been reported).[A186179,A14097,A186277] The major function of these subunits is to facilitate the movement of pore-forming α1 subunits of"
445,furosemide,"Furosemide is a potent loop diuretic that acts on the kidneys to ultimately increase water loss from the body. It is an anthranilic acid derivative.[L7958] Furosemide is used for edema secondary to various clinical conditions, such as congestive heart failure exacerbation, liver failure, renal failure, and high blood pressure.[L7961] It mainly works by inhibiting electrolyte reabsorption from the kidneys and enhancing the excretion of water from the body. Furosemide has a fast onset and short duration of action and has been used safely and effectively in both pediatric and adult patients.[A182495] The use of furosemide is particularly beneficial in clinical settings that require a drug with a higher diuretic potential. In addition to oral formulations, the solution for intravenous and intr Furosemide promotes diuresis by blocking tubular reabsorption of sodium and chloride in the proximal and distal tubules, as well as in the thick ascending loop of Henle. This diuretic effect is achieved through the competitive inhibition of sodium-potassium-chloride cotransporters (NKCC2) expressed along these tubules in the nephron, preventing the transport of sodium ions from the lumenal side in"
446,cimetidine,"A histamine congener, it competitively inhibits histamine binding to histamine H2 receptors. Cimetidine has a range of pharmacological actions. It inhibits gastric acid secretion, as well as pepsin and gastrins output. It also blocks the activity of cytochrome P-450 which might explain proposals for use in neoadjuvant therapy. Cimetidine binds to an H<sub>2</sub>-receptor located on the basolateral membrane of the gastric parietal cell, blocking histamine effects. This competitive inhibition results in reduced gastric acid secretion and a reduction in gastric volume and acidity."
447,cilostazol,"Cilostazol is a quinolinone derivative and antiplatelet agent with vasodilating properties that has been used in the symptomatic treatment of intermittent claudication in patients with peripheral ischaemia. It is marketed under the brand name Pletal by Otsuka Pharmaceutical Co.. Cilostazol works by inhibiting both primary and secondary aggregation and reducing calcium-induced contractions. Cilostazol and several of its metabolites are cyclic AMP (cAMP) phosphodiesterase III inhibitors (PDE III inhibitors), inhibiting phosphodiesterase activity and suppressing cAMP degradation with a resultant increase in cAMP in platelets and blood vessels, leading to inhibition of platelet aggregation and vasodilation."
448,finasteride,"Finasteride is a synthetic 4-azasteroid compound [L10565] and specific inhibitor of steroid Type II 5α-reductase, which is an intracellular enzyme that converts the androgen testosterone into 5α-dihydrotestosterone (DHT). It works in a similar fashion as [dutasteride], which is another 5-alpha-reductase inhibitor, by exerting antiandrogenic effects. Finasteride is an orally active drug that was first approved by the FDA in 1992 for the treatment of benign prostatic hyperplasia to improve symptoms and reduce the risk for acute urinary retention or the need for surgical procedures.[L6244,L10565] In 1998, it was approved by the FDA to treat male pattern hair loss.[L6244] Finasteride is commonly marketed under the brand names Propecia and Proscar to be used aloneo or in combination with [doxaz Finasteride acts as a competitive and specific inhibitor of Type II 5α-reductase, a nuclear-bound steroid intracellular enzyme primarily located in the prostatic stromal cell that converts the androgen testosterone into the more active metabolite, 5α-dihydrotestosterone (DHT).[A2132] DHT is considered to be the primary androgen playing a role in the development and enlargement of the prostate glan"
449,aciclovir,"Acyclovir is a deoxynucleoside analog antiviral used to treat herpes simplex, _Varicella zoster_, herpes zoster, herpes labialis, and acute herpetic keratitis.[L7303,L7315,L7318,L7321,L7324,L7327] Acyclovir is generally used first line in the treatment of these viruses and some products are indicated for patients as young as 6 years old.[L7321]

Acyclovir was granted FDA approval on 29 March 1982.[L7318] Acyclovir is becomes acyclovir monophosphate due to the action of viral thymidine kinase.[A180757] Acyclovir monophosphate is converted to the diphosphate form by guanylate kinase.[A903] Acyclovir diphosphate is converted to acyclovir triphosphate by nucleoside diphosphate kinase, pyruvate kinase, creatine kinase, phosphoglycerate kinase, succinyl-CoA synthetase, phosphoenolpyruvate carboxykinase "
450,amoxicillin,"Amoxicillin, or BRL-2333, is a penicillin G derivative first described in the literature in 1972.[A190648] Amoxicillin has similar activity to [penicillin] and [ampicillin], but leads to higher serum concentrations than ampicillin.[A190648]

Amoxicillin was granted FDA approval on 18 January 1974.[L11644] Amoxicillin competitively inhibits penicillin-binding protein 1 and other high molecular weight penicillin binding proteins.[A6205,A190678]  Penicillin bind proteins are responsible for glycosyltransferase and transpeptidase reactions that lead to cross-linking of D-alanine and D-aspartic acid in bacterial cell walls.[A190678] Without the action of penicillin binding proteins, bacteria upregulate "
451,sildenafil,"In eliciting its mechanism of action, sildenafil ultimately prevents or minimizes the breakdown of cyclic guanosine monophosphate (cGMP) by inhibiting cGMP specific phosphodiesterase type 5 (PDE5) [F3850, F3853, F3856, F3859, F3883, F3886, L5611, L5614]. The result of doing so allows cGMP present in both the penis and pulmonary vasculature to elicit smooth muscle relaxation and vasodilation that subsequently facilitates relief in pulmonary arterial hypertension and the increased flow of blood into the spongy erectile tissue of the penis that consequently allows it to grow in size and become erect and rigid [F3850, F3853, F3856, F3859, F3883, F3886, L5611, L5614].

Interestingly enough, it is precisely via this mechanism why sildenafil was at first researched as a potential treatment for  Sildenafil is an oral therapy for erectile dysfunction [A175582, F3853, F3856, F3886, L5611]. In the natural setting, i.e. with sexual stimulation, it restores impaired erectile function by increasing blood flow to the penis [A175582, F3853, F3856, F3886, L5611].

The physiological mechanism responsible for the erection of the penis involves the release of nitric oxide (NO) in the corpus caverno"
452,regadenoson,"Regadenoson is an A2A adenosine receptor agonist that causes coronary vasodilation and used for myocardial perfusion imagining. Manufactured by Astellas and FDA approved April 10, 2008. Regadenoson is an selective low-affinity (Ki= 1.3 µM) A2A receptor agonist that mimics the effects of adenosine in causing coronary vasodilatation and increasing myocardial blood flow. It is a very weak agonist of the A1 adenosine receptor (Ki > 16.5 µM). Furthermore, it has negligible affinity to A2B and A3 adenosine receptors. Regadenoson is undergoing trials for use in pharmacological stress te"
453,levonorgestrel,"Levonorgestrel (LNG) is a synthetic progestogen similar to [Progesterone] used in contraception and hormone therapy.[A181988,T659] Also known as Plan B, it is used as a single agent in emergency contraception, and as a hormonal contraceptive released from an intrauterine device, commonly referred to as an IUD. Some of these devices are known as Jaydess, Kyleena, and Mirena.  A subdermal implant of levonorgestrel that slowly releases the hormone over a long-term period is also available.[L7823]  In addition to the above uses, levonorgestrel is used as a component of long-term combination contraceptives.[A181991,L7760,L7778] 

Globally, levonorgestrel is the most commonly used emergency contraceptive. It was initially granted FDA approval in 1982 and was the first emergency contraceptive c **Mechanism of action on ovulation**

Oral contraceptives containing levonorgestrel suppress gonadotropins, inhibiting ovulation. Specifically, levonorgestrel binds to progesterone and androgen receptors and slows the release of gonadotropin-releasing hormone (GnRH) from the hypothalamus. This process results in the suppression of the normal physiological luteinizing hormone (LH) surge that prec"
454,daptomycin,"Daptomycin is a cyclic lipopeptide antibacterial agent with a broad spectrum of activity against Gram-positive bacteria, including methicillin-susceptible and -resistant _Staphylococcus aureus_ (MSSA/MRSA) and vancomycin-resistant Enterococci (VRE).[A231379, A231384, L32534] Chemically, daptomycin comprises 13 amino acids, including several non-standard and D-amino acids, with the C-terminal 10 amino acids forming an ester-linked ring and the N-terminal tryptophan covalently bonded to decanoic acid.[A231374, L32534] Daptomycin was first discovered in the early 1980s by researchers at Eli Lilly in soil samples from Mount Ararat in Turkey.[A231384] Early work on developing daptomycin was abandoned due to observed myopathy but was resumed in 1997 when Cubist Pharmaceuticals Inc. licensed dapt The mechanism of action of daptomycin remains poorly understood. Studies have suggested a direct inhibition of cell membrane/cell wall constituent biosynthesis, including peptidoglycan, uridine diphosphate-N-acid, acetyl-L-alanine, and lipoteichoic acid (LTA). However, no convincing evidence has been presented for any of these models, and an effect on LTA biosynthesis has been ruled out by other s"
455,heparin,"Unfractionated heparin (UH) is a heterogenous preparation of anionic, sulfated glycosaminoglycan polymers with weights ranging from 3000 to 30,000 Da. It is a naturally occurring anticoagulant released from mast cells. It binds reversibly to antithrombin III (ATIII) and greatly accelerates the rate at which ATIII inactivates coagulation enzymes thrombin (factor IIa) and factor Xa. UH is different from low molecular weight heparin (LMWH) in the following ways: the average molecular weight of LMWH is about 4.5 kDa whereas it is 15 kDa for UH; UH requires continuous infusions; activated partial prothrombin time (aPTT) monitoring is required when using UH; and UH has a higher risk of bleeding and higher risk of osteoporosis in long term use. Unfractionated heparin is more specific than LMWH fo Under normal circumstances, antithrombin III (ATIII) inactivates thrombin (factor IIa) and factor Xa. This process occurs at a slow rate. Administered heparin binds reversibly to ATIII and leads to almost instantaneous inactivation of factors IIa and Xa The heparin-ATIII complex can also inactivate factors IX, XI, XII and plasmin. The mechanism of action of heparin is ATIII-dependent. It acts main"
456,ropivacaine,"Ropivacaine is an aminoamide local anesthetic drug marketed by AstraZeneca under the trade name Naropin. It exists as a racemate of its S- and R-enantiomers, although the marketed form is supplied only as the purified S-enantiomer.[L42140] Local anesthetics like ropivacaine block the generation and conduction of nerve impulses, presumably by increasing the threshold for electrical excitation in the nerve, by slowing the propagation of the nerve impulse, and by reducing the rate of rise of the action potential. Specifically, they block the sodium channel and decrease chances of depolarization and consequent action potentials. In gene"
457,teriparatide,"Teriparatide is a recombinant parathyroid hormone (PTH) analog and a potent osteoanabolic agent.[A251395] It is made up of the first amino(N)-terminal 34 amino acids of the human PTH.[A251395] First approved in the United States in November 2002 and in Europe in April 2003,[A251400] teriparatide makes the first approved drug in a new category of osteoporosis therapy called anabolic therapy.[A251395] Teriparatide is used in the treatment of osteoporosis in men and women.[L42590, L42595] Parathyroid hormone (PTH) is an endogenous hormone that regulates calcium and phosphate metabolism in bone and kidney. It regulates bone metabolism, renal tubular reabsorption of calcium and phosphate, and intestinal calcium absorption. It mediates its physiological actions by binding to the PTH receptors.[L42590] Excess PTH - such as in certain disease states like hyperparathyroidism - can cause "
458,deferoxamine,"Natural product isolated from Streptomyces pilosus. It forms iron complexes and is used as a chelating agent, particularly in the mesylate form. Deferoxamine works in treating iron toxicity by binding trivalent (ferric) iron (for which it has a strong affinity), forming ferrioxamine, a stable complex which is eliminated via the kidneys. 100 mg of deferoxamine is capable of binding approximately 8.5 mg of trivalent (ferric) iron. Deferoxamine works in treating aluminum toxicity by binding to tissue-bound aluminum to form aluminoxamine, a st"
459,paricalcitol,"Paricalcitol is a synthetic vitamin D analog. Paricalcitol has been used to reduce parathyroid hormone levels. Paricalcitol is indicated for the prevention and treatment of secondary hyperparathyroidism associated with chronic renal failure. Paricalcitol is a synthetic, biologically active vitamin D analog of calcitriol with modifications to the side chain (D2) and the A (19-nor) ring. Preclinical andin vitro studies have demonstrated that paricalcitol's biological actions are mediated through binding of the VDR, which results in the selective activation of vitamin D responsive pathways. Vitamin D and paricalcitol have been shown to r"
460,prasugrel,"Prasugrel, a thienopyridine derivative, is a platelet activation and aggregation inhibitor structurally and pharmacologically related to clopidogrel and ticlopidine. Similar to clopidogrel, prasugrel is a prodrug that requires enzymatic transformation in the liver to its active metabolite, R-138727. R-138727 irreversibly binds to P2Y12 type ADP receptors on platelets thus preventing activation of the GPIIb/IIIa receptor complex. As a result, inhibition of ADP-mediated platelet activation and aggregation occurs. Prasugrel was developed by Daiichi Sankyo Co. and is currently marketed in the United States and Canada in cooperation with Eli Lilly and Company for acute coronary syndromes planned for percutaneous coronary intervention (PCI). FDA approved in 2009. Prasugrel is an thienopyridine and a prodrug which inhibits ADP receptors by irreversibly acting on the P2Y12 receptor on platelets. The active metabolite of prasugrel prevents binding of adenosine diphosphate (ADP) to its platelet receptor, impairing the ADP-mediated activation of the glycoprotein GPIIb/IIIa complex. Prasugrel is proposed to have a similar mechanism of action to clopidogrel."
461,auranofin,"Auranofin is a gold salt that is capable of eliciting pharmacologic actions that suppress inflammation and stimulate cell-mediated immunity. It has subsequently been listed by the World Health Organization as a member of the antirheumatic agent category. Auranofin appears to induce heme oxygenase 1 (HO-1) mRNA. Heme oxygenase 1 is an inducible heme-degrading enzyme with anti-inflammatory properties. Inflammatory arthritis can cause joint swelling, warmth, pain, and tenderness; one cause of this condition is rheumatoid arthritis.[L32358] In patients with rheumatoid arthritis, gold salts such as auranofin can be administered to decrease joint inflammation and prevent the destruction of bones and cartilage. Though the mechanism of action of auranofin is not fully established in rheumatoid arthri"
462,rosiglitazone,"Rosiglitazone is an anti-diabetic drug in the thiazolidinedione class of drugs. It is marketed by the pharmaceutical company GlaxoSmithKline as a stand-alone drug (Avandia) and in combination with metformin (Avandamet) or with glimepiride (Avandaryl). Like other thiazolidinediones, the mechanism of action of rosiglitazone is by activation of the intracellular receptor class of the peroxisome proliferator-activated receptors (PPARs), specifically PPARγ. Rosiglitazone is a selective ligand of PPARγ, and has no PPARα-binding action. Apart from its effect on insulin resistance, it appears to have an anti-inflammatory effect: nuclear factor kappa-B (NFκB) levels fall and inhibitor (IκB) levels increase in patients on rosiglitazone. Recent research has suggested that rosiglitazone may also be of Rosiglitazone acts as a highly selective and potent agonist at peroxisome proliferator activated receptors (PPAR) in target tissues for insulin action such as adipose tissue, skeletal muscle, and liver. Activation of PPAR-gamma receptors regulates the transcription of insulin-responsive genes involved in the control of glucose production, transport, and utilization. In this way, rosiglitazone enha"
463,bosutinib,"Bosutinib is a 7-alkoxy-3-quinolinecarbonitrile that functions as a potent, dual SRC and ABL tyrosine kinase inhibitor indicated for chronic myelogenous leukemia (CML), specifically Philadelphia chromosome-positive (Ph+) CML. Philadelphia chromosome is a hallmark of CML due to the reciprocal translocation t(9;22)(q34;q11), resulting in a BCR-ABL fusion protein.[A6902,A261796,A261801] The first BCR-ABL inhibitor, [imatinib], was introduced over a decade ago as a breakthrough in CML management; however, emerging resistance to [imatinib] poses challenges in achieving remission.[A17961] Second-generation BCR-ABL inhibitors like bosutinib inhibit most resistance-conferring BCR-ABL mutations except V299L and T315, thus providing more therapeutic options for patients.[A6901,A17961]

Bosutinib w Bosutinib is a tyrosine kinase inhibitor. Bosutinib inhibits the BCR-ABL kinase that promotes CML; it is also an inhibitor of Src-family kinases including Src, Lyn, and Hck. Bosutinib inhibited 16 of 18 imatinib-resistant forms of BCR-ABL kinase expressed in murine myeloid cell lines. Bosutinib did not inhibit the T315I and V299L mutant cells.[L48355]"
464,muromonab-CD3,"Murine monoclonal antibody specific to CD3 T-cell lymphocyte antigens. More specifically it is a purified murine (mouse) monoclonal antibody, directed against the CD3 (T3) receptor on the surface of human T-cells (T-lymphocytes) cultured using the murine ascites method. Muromonab is 93% monomeric immune globulin G type 2a (IgG2a). Muromonab binds to the T-cell surface glycoprotein CD3 epsilon chain. It appears to kill CD-3 positive cells by inducing Fc mediated apoptosis, antibody mediated cytotoxicity and complement-dependent cytotoxicity."
465,rivastigmine,"Rivastigmine is a parasympathomimetic or cholinergic agent for the treatment of mild to moderate dementia of the Alzheimer's type. Rivastigmine is a cholinesterase inhibitor that inhibits both butyrylcholinesterase and acetylcholinesterase. Rivastigmine is a carbamate derivative that is structurally related to physostigmine, but not to donepezil and tacrine. The precise mechanism of rivastigmine has not been fully determined, but it is suggested that rivastigmine binds reversibly with and inactivates chlolinesterase (eg. acetylcholinesterase, butyrylcholinesterase), preventing the hydrolysis of acetycholine, and thus leading to an in"
466,eletriptan,"Eletriptan is a second generation triptan drug developed by Pfizer Inc for the treatment of migraine headaches. Eletriptan binds with high affinity to 5-HT1B, 5-HT1D and 5-HT1F receptors, has modest affinity for 5-HT1A, 5-HT1E, 5-HT2B and 5-HT7 receptors, and little or no affinity for 5-HT2A, 5-HT2C, 5-HT3, 5-HT4, 5-HT5A and 5-HT6 receptors. In contrast, eletriptan displays insignificant pharmacological activity at adrenergic alpha1, alpha2, or beta; dopaminergic D1 or D2; muscarinic; or opioid receptors. W"
467,frovatriptan,"Frovatriptan is a triptan drug developed by Vernalis for the treatment of migraine headaches, in particular those associated with menstruation. Frovatriptan causes vasoconstriction of arteries and veins that supply blood to the head. Three distinct pharmacological actions have been implicated in the antimigraine effect of the triptans: (1) stimulation of presynaptic 5-HT<sub>1D</sub> receptors, which serves to inhibit both dural vasodilation and inflammation; (2) direct inhibition of trigeminal nuclei cell excitability via 5-HT<sub>1B/1D</sub> receptor agonism in the brainstem and (3) vasoconstriction of meningeal, dural, cere"
468,olopatadine,"Olopatadine is a selective histamine H1 antagonist and mast cell stabilizer that works by attenuating inflammatory and allergic reactions. It is a structural analog of [doxepin], which has a minimal anti-allergic activity.[L6790] Olopatadine works by blocking the effects of histamine, which is a primary inflammatory mediator that causes inflammatory and allergic reactions. An ophthalmic solution of olopatadine was approved by the FDA and European Union for the treatment of seasonal and perennial allergic conjunctivitis in 1996 and 2002, respectively.[A1172] In comparison to other anti-allergenic ophthalmic medications, olopatadine displays a good comfort and tolerability profile since it does not cause perturbation of cell membranes.[A179809] Olopatadine is used for the symptomatic treatme Histamine is a biogenic vasoactive amine that binds to its receptors, which are G-protein coupled receptors. Signaling through the histamine H1 receptor is thought to primarily promote the activation of inflammatory reactions, such as allergy, asthma, and autoimmune diseases.[A179731] H1 receptor signaling activates the intracellular transcription factors, such as IP3, PLC, PKC, DAG, and intracell"
469,fluticasone furoate,"Fluticasone furoate is a synthetic glucocorticoid available as an inhaler and nasal spray for various inflammatory indications[FDA Label][F4364]. Fluticasone furoate was first approved in 2007[L5965]. Fluticasone furoate has been shown in vitro to exhibit a binding affinity for the human glucocorticoid receptor that is approximately 29.9 times that of dexamethasone and 1.7 times that of fluticasone propionate. The clinical relevance of these findings is unknown.[L40838]

The precise mechanism through which fluticasone furoate affects asthma symptoms is not known. Inflammation is an important "
470,eltrombopag,"Eltrombopag is used to treat low blood platelet counts in adults with chronic immune (idiopathic) thrombocytopenia (ITP), when certain other medicines, or surgery to remove the spleen, have not worked well enough. ITP is a condition that may cause unusual bruising or bleeding due to an abnormally low number of platelets in the blood. Eltrombopag has also been recently approved (late 2012) for the treatment of thrombocytopenia (low blood platelet counts) in patients with chronic hepatitis C to allow them to initiate and maintain interferon-based therapy. Eltrombopag is an orally bioavailable, small-molecule TPO-receptor agonist that interacts with the transmembrane domain of the human TPO-receptor. Eltrombopag is a stimulator of STAT and JAK phosphorylation. Unlike recombinant TPO or romiplostim, Eltrombopag does not activate the AKT pathway in any way. It should be noted that when given to patients with aplastic anemia, other lineages besides pla"
471,estrone,"Estrone, one of the major mammalian estrogens, is an aromatized C18 steroid with a 3-hydroxyl group and a 17-ketone. It is produced in vivo from androstenedione or from testosterone via estradiol. It is produced primarily in the ovaries, placenta, and in peripheral tissues (especially adipose tissue) through conversion of adrostenedione. Estrone may be further metabolized to 16-alpha-hydroxyestrone, which may be reduced to estriol by estradiol dehydrogenase. Estrogens enter the cells of responsive tissues (e.g. female organs, breasts, hypothalamus, pituitary) where they interact with estrogen receptors. Hormone-bound estrogen receptors dimerize, translocate to the nucleus of cells and bind to estrogen response elements (ERE) of genes. Binding to ERE alters the transcription rate of affected genes. Estrogens increase the hepatic synthesis of sex hormon"
472,valproic acid,"Valproic acid, or valproate, is an fatty acid derivative and anticonvulsant originally synthesized in 1881 by Beverly S. Burton.[A178051] It enjoyed use as a popular organic solvent in industry and pharmaceutical manufacturing for nearly a century. In 1963, a serendipitous discovery was made by George Carraz during his investigations into the anticonvulsant effects of khelline when he found that all of his samples, dissolved in valproic acid, exerted a similar degree of anticonvulsive activity. It first received approval on February 28, 1978 from the FDA under the trade name Depakene.[L6190]

Since then, it has been investigated for neuroprotective, anti-manic, and anti-migraine effects. It is currently a compound of interest in the field of oncology for its anti-proliferative effects an The exact mechanisms by which valproate exerts it's effects on epilepsy, migraine headaches, and bipolar disorder are unknown however several pathways exist which may contribute to the drug's action.

Valproate is known to inhibit succinic semialdehyde dehydrogenase.[A177991] This inhibition results in an increase in succinic semialdehyde which acts as an inhibitor of GABA transaminase ultimatel"
473,bedaquiline,"Bedaquiline is a bactericidal antimycobacterial drug belonging to the class of diarylquinoline. The quinolinic central heterocyclic nucleus with alcohol and amine side chains is responsible for bedaquiline-mediated antimycobacterial activity.[A261866] Although it is closely related to fluoroquinolones, bedaquiline does not affect DNA gyrase; instead, bedaquiline inhibits the c subunit of ATP synthase responsible for synthesizing ATP.[A261866] Consequently, bedaquiline can be used to treat mycobacterial infection, particularly tuberculosis (TB).[L48506] Although the current standard of TB treatment of anti-TB drugs for 2 months, including 2 key drugs [isoniazid] and [rifampin], is highly effective, the emergence of multidrug-resistant TB (MDR-TB) to [isoniazid] and [rifampin] has substantia Bedaquiline is a diarylquinoline antimycobacterial drug that inhibits mycobacterial ATP (adenosine 5'-triphosphate) synthase, by binding to subunit c of the enzyme that is essential for the generation of energy in _M. tuberculosis._.[L48506]"
474,bivalirudin,"Bivalirudin is a synthetic 20 residue peptide (thrombin inhibitor) which reversibly inhibits thrombin. Once bound to the active site, thrombin cannot activate fibrinogen into fibrin, the crucial step in the formation of thrombus. It is administered intravenously. Because it can cause blood stagnation, it is important to monitor changes in hematocrit, activated partial thromboplastin time, international normalized ratio and blood pressure. Inhibits the action of thrombin by binding both to its catalytic site and to its anion-binding exosite. Thrombin is a serine proteinase that plays a central role in the thrombotic process, acting to cleave fibrinogen into fibrin monomers and to activate Factor XIII to Factor XIIIa, allowing fibrin to develop a covalently cross-linked framework which stabilizes the thrombus; thrombin also activates"
475,estradiol,"Estradiol is a naturally occurring hormone circulating endogenously in females. It is commercially available in several hormone therapy products for managing conditions associated with reduced estrogen, such as vulvovaginal atrophy and hot flashes. Some available forms of estradiol include oral tablets, injections, vaginal rings, transdermal patches, sprays, gels, and creams.[L11485,L11488,L11491, L11494,L11497,L11500,L11503] 

When used for oral or IM administration, estradiol is commonly synthesized as a pro-drug ester (such as [DB13952], [DB13953], [DB13954], [DB13955], and [DB13956]). Because it has a low oral bioavailability on its own, estradiol is commonly formulated with an ester side-chain. [DB00977] (EE) is a synthetic form of estradiol commonly used as the estrogenic component Estrogen is found in the the breast, uterine, ovarian, skin, prostate, bone, fat, and brain tissues. The main source of estrogen in adult women during the reproductive period of life is the ovarian follicle, which secretes 70 to 500 mcg of estradiol each day. After menopause, however, the majority of endogenous estrogen is produced by transformation of androstenedione (which is secreted by the adr"
476,hydrocortisone,"Hydrocortisone, or cortisol, is a glucocorticoid secreted by the adrenal cortex.[A188387] Hydrocortisone is used to treat immune, inflammatory, and neoplastic conditions.[L10529,L10532,L10535,L10538,L7772,L7321] It was discovered in the 1930s by Edward Kendall and named Compound F, or 17-hydroxycorticosterone.[A188420]

Hydrocortisone was granted FDA approval on 5 August 1952.[L10574] The short-term effects of corticosteroids are decreased vasodilation and permeability of capillaries, as well as decreased leukocyte migration to sites of inflammation.[A187463] Corticosteroids binding to the glucocorticoid receptor mediates changes in gene expression that lead to multiple downstream effects over hours to days.[A187463]

Glucocorticoids inhibit neutrophil apoptosis and demargina"
477,modafinil,"Modafinil is a stimulant drug marketed as a 'wakefulness promoting agent' and is one of the stimulants used in the treatment of narcolepsy. Narcolepsy is caused by dysfunction of a family of wakefulness-promoting and sleep-suppressing peptides, the orexins, whose neurons are activated by modafinil. The prexin neuron activation is associated with psychoactivation and euphoria. The exact mechanism of action is unclear, although in vitro studies have shown it to inhibit the reuptake of dopamine by binding to the dopamine reuptake pump, and lead to an increase in extracellular dopamine. Modafinil activates glutamatergic circuits while inhibiting GABA. The exact mechanism of action is unclear, although <i>in vitro</i> studies have shown it to inhibit the reuptake of dopamine by binding to the dopamine reuptake pump, and lead to an increase in extracellular dopamine. Modafinil activates glutamatergic circuits while inhibiting GABA. Modafinil is thought to have less potential for abuse than other stimulants due to the absence of any significant eu"
478,trospium,"Trospium is an antispasmodic agent used to treat the symptoms of overactive bladder, a condition that causes the bladder muscles to contract uncontrollably.[L6208] An overactive bladder leads to an increased urge to urinate, frequent urination, and sometimes, loss of control over urination.[L6208]  Trospium is manufactured by _Indevus Pharmaceutical Inc._ and was granted FDA approval in 2007.[L6211] Trospium antagonizes the effect of acetylcholine on muscarinic receptors in cholinergically innervated organs. Its parasympatholytic action reduces the tonus of smooth muscle in the bladder."
479,lomefloxacin,"Lomefloxacin is a fluoroquinolone antibiotic, used to treat bacterial infections including bronchitis and urinary tract infections (UTIs). Additionally, it has been employed for the prophylaxis of UTIs prior to surgery as well. Lomefloxacin is a bactericidal fluoroquinolone agent with activity against a wide range of gram-negative and gram-positive organisms. The bactericidal action of lomefloxacin results from interference with the activity of the bacterial enzymes DNA gyrase and topoisomerase IV, which are needed for the transcription and replication of bacterial DNA. DNA gyrase appears to be the primary quinolone targ"
480,ceftaroline fosamil,"Ceftaroline fosamil is a cephalosporin antibacterial indicated for the treatment of the following infections caused by designated susceptible bacteria:
Acute bacterial skin and skin structure infections. 
Community-acquired bacterial pneumonia. Ceftaroline fosamil is an antibacterial drug."
481,crizotinib,"Crizotinib is a tyrosine kinase receptor inhibitor used for the treatment of anaplastic lymphoma kinase (ALK) or ROS1-positive non-small cell lung cancer (NSCLC) tumors, as well as ALK-positive anaplastic large cell lymphoma (ALCL) and inflammatory myofibroblastic tumor (IMT).[L42460] By targeting the echinoderm microtubule-associated protein-like 4 (EML4)-ALK fusion protein, crizotinib offers robust effectiveness in treating NSCLC in patients with this type of rearrangement.[A250785] Crizotinib was the first-in-class drug used to treat ALK-positive tumors. Second- and third-generation ALK-tyrosine kinase-inhibitors have overcome many of the pharmacodynamic and genetic resistance mechanisms crizotinib is prone to.[A250785] Crizotinib was approved by the FDA in 2011, and its use is accompan Crizotinib is a tyrosine kinase receptor inhibitor that targets anaplastic lymphoma kinase (ALK), hepatocyte growth factor receptor (HGFR, c-MET), ROS1 (c-ros), and Recepteur d'Origine Nantais (RON).[L42460] When activated, ALK inhibits apoptosis and promotes cell proliferation, and ALK-gene translocations can lead to the expression of oncogenic fusion proteins. A small portion of non-small cell l"
482,atracurium,atracurium
483,acitretin,"An oral retinoid effective in the treatment of psoriasis. It is the major metabolite of etretinate with the advantage of a much shorter half-life when compared with etretinate. The mechanism of action of acitretin is unknown, however it is believed to work by targeting specific receptors (retinoid receptors such as RXR and RAR) in the skin which help normalize the growth cycle of skin cells."
484,memantine,"Initially approved by the FDA in 2013, memantine is an N-methyl-D-aspartate (NMDA) receptor antagonist used in the management of Alzheimer's Disease (AD).  It is different from many other Alzheimer's Disease medications, as it works by a different mechanism than the cholinesterase enzyme inhibitors normally employed in the management of Alzheimer's disease [A1639].  Memantine blocks the effects of glutamate, a neurotransmitter in the brain that leads to neuronal excitability and excessive stimulation in Alzheimer's Disease [T556].

In 2010, it was estimated that 36 million people worldwide live with Alzheimer's Disease. In 2013, this number increased to 44 million.  Almost doubling every 20 years, the prevalence of Alzheimer's Disease is predicted to reach 66 million by 2030 and to 115 m Continuous activation of the N-methyl-D-aspartate (NMDA) receptors in the central nervous system caused by _glutamate_ is thought to cause some of the Alzheimer's disease symptoms. This overactivation is thought to contribute to neurotoxicity due to the excitatory properties of glutamate [T556]. The pharmacological effect of memantine likely occurs via the drug's behavior as an uncompetitive (open"
485,meloxicam,"Meloxicam is a nonsteroidal anti-inflammatory drug (NSAID) used to relieve various types of pain, including pain caused by musculoskeletal conditions, osteoarthritis, and rheumatoid arthritis.[A190189] With a longer half-life than most other NSAIDS, it is a favorable option for those who require once-daily dosing. Meloxicam is available in oral, transdermal, and intravenous formulations. It is a preferential COX-2 inhibitor, purportedly reducing the risk of adverse gastrointestinal tract effects, however, this is a topic of controversy.[A190198,A190201] Meloxicam inhibits prostaglandin synthetase (cylooxygenase 1 and 2) enzymes leading to a decreased synthesis of prostaglandins, which normally mediate painful inflammatory symptoms.[A176366] As prostaglandins sensitize neuronal pain receptors, inhibition of their synthesis leads to analgesic and inflammatory effects. Meloxicam preferentially inhibits COX-2, but also exerts some activity against CO"
486,dacarbazine,"An antineoplastic agent. It has significant activity against melanomas. (from Martindale, The Extra Pharmacopoeia, 31st ed, p564). Dacarbazine with Oblimersen is in clinical trials for the treatment of malignant melanoma. The mechanism of action is not known, but appears to exert cytotoxic effects via its action as an alkylating agent. Other theories include DNA synthesis inhibition by its action as a purine analog, and interaction with SH groups. Dacarbazine is not cell cycle-phase specific."
487,tegaserod,"Novartis' brand name Zelnorm (tegaserod) had originally received approval from the US FDA in 2002 for the treatment of irritable bowel syndrome with constipation (IBS-C).[L5918,F4229] It was, however, voluntarily withdrawn from widespread use in the US market in 2007 after concerns arose over the possibility that tegaserod could potentially cause dangerous cardiovascular events in patients.[L5918,F4229] Since then, closer evaluations of the original data suggesting such cardiovascular risk have resulted in the limited reintroduction or 're-approval' of tegaserod for treatment of IBS-C specifically in female patients less than 65 years of age and whom are considered to be at a lower risk of a cardiovascular event than the broader population.[L5918,F4229] Zelnorm (tegaserod) by Sloan Pharma  Irritable bowel syndrome (IBS) is a complex functional disorder comprised of various abnormal and discomforting effects on the gastrointestinal tract and bowel function [A176669, F4223, F4226, F4229]. Although the cause of IBS has yet to be formally elucidated, patient experience has demonstrated that the disorder is typically associated with abdominal pain, abdominal distension, cramping or bloat"
488,ospemifene,"Ospemifene is a new selective non-hormonal estrogen receptor modulator (SERM) that is used for the treatment of moderate to severe dyspareunia, a symptom of vulvar and vaginal atrophy, due to menopause. FDA approved on February 26, 2013. Ospemifene is a next generation SERM (selective estrogen receptor modulator) that selectively binds to estrogen receptors and either stimulates or blocks estrogen's activity in different tissue types. It has an agonistic effect on the endometrium."
489,oxycodone,"Oxycodone is a semisynthetic opioid analgesic derived from thebaine in Germany in 1917.[A178696] It is currently indicated as an immediate release product for moderate to severe pain and as an extended release product for chronic moderate to severe pain requiring continuous opioid analgesics for an extended period.[Label] The first oxycodone containing product, Percodan, was approved by the FDA on April 12, 1950.[L6460] The full mechanism of oxycodone is not known.[Label] Under conditions of inflammation or hyperalgesia, opioid receptors in the heart, lungs, liver, gastrointestinal tract, and reproductive system are upregulated and transported to nerve terminals.[A178696] Oxycodone and its active metabolites, noroxycodone, oxymorphone, and noroxymorphone are opioid agonists.[A178639] These compounds passively dif"
490,dapagliflozin,"Dapagliflozin is a sodium-glucose cotransporter 2 (SGLT2) inhibitor, and it was the first SLGT2 inhibitor to be approved. indicated for managing diabetes mellitus type 2.[A261596] When combined with diet and exercise in adults, dapagliflozin helps to improve glycemic control by inhibiting glucose reabsorption in the proximal tubule of the nephron and causing glycosuria.[A6757] Dapagliflozin has been investigated either as monotherapy or as an adjunct treatment with insulin or other oral hypoglycemic agents.[A261601]

Dapagliflozin was originally approved by the FDA on Jan 08, 2014, to improve glycemic control in adults with type 2 diabetes in conjunction with diet and exercise.[L48251] It was later approved to reduce the risk of kidney function decline, kidney failure, cardiovascular dea Dapagliflozin inhibits the sodium-glucose cotransporter 2(SGLT2) which is primarily located in the proximal tubule of the nephron.[A6757] SGLT2 facilitates 90% of glucose reabsorption in the kidneys and so its inhibition allows for glucose to be excreted in the urine.[A6757] This excretion allows for better glycemic control and potentially weight loss in patients with type 2 diabetes mellitus.[A67"
491,levocarnitine,Constituent of striated muscle and liver. It is used therapeutically to stimulate gastric and pancreatic secretions and in the treatment of hyperlipoproteinemias. Levocarnitine can be synthesised within the body from the amino acids lysine or methionine. Vitamin C (ascorbic acid) is essential to the synthesis of carnitine. Levocarnitine is a carrier molecule in the transport of long chain fatty acids across the inner mitochondrial membrane. It also exports acyl groups from subcellular organelles and from cells to urine before they accumulate to toxic concen
492,betaxolol,"A cardioselective beta-1-adrenergic antagonist with no partial agonist activity. Betaxolol selectively blocks catecholamine stimulation of beta(1)-adrenergic receptors in the heart and vascular smooth muscle. This results in a reduction of heart rate, cardiac output, systolic and diastolic blood pressure, and possibly reflex orthostatic hypotension. Betaxolol can also competitively block beta(2)-adrenergic responses in the bronchial and vascular smooth muscles, causing broncho"
493,betahistine,"Ménière's disease is a progressive disease of the inner ear characterized by vertigo, tinnitus, and hearing loss. It has a significant impact on both the physical and social functioning of affected individuals.[A220318,L16408] 

Betahistine is a histamine-like antivertigo drug used for treating symptoms associated with Ménière's disease. It is thought to reduce symptoms through its actions on histamine receptors.[A220333,L16403] Betahistine was first approved by the FDA in the 1970s but withdrawn within approximately 5 years due to a lack of evidence supporting its efficacy.  It is currently marketed in Canada by various companies, including Teva Pharmaceuticals. Vertigo is a disturbing sensation of movement caused by dysfunction of the labyrinth (inner ear), vestibular nerve, cerebellum, brainstem, or Central Nervous System (CNS). Vestibular forms of vertigo are often accompanied by auditory dysfunctions such as hyperacusis, hearing loss, and tinnitus.[A220328] In most cases, adaptive mechanisms of the CNS lead to functional recovery after episodes of ver"
494,rabeprazole,"Rabeprazole is an antiulcer drug in the class of proton pump inhibitors. It is a prodrug - in the acid environment of the parietal cells it turns into active sulphenamide form. Rabeprazole inhibits the H+, K+ATPase of the coating gastric cells and dose-dependent oppresses basal and stimulated gastric acid secretion. Rabeprazole belongs to a class of antisecretory compounds (substituted benzimidazole proton-pump inhibitors) that do not exhibit anticholinergic or histamine H2-receptor antagonist properties, but suppress gastric acid secretion by inhibiting the gastric H<sup>+</sup>/K<sup>+</sup>ATPase (hydrogen-potassium adenosine triphosphatase) at the secretory surface of the gastric parietal cell. Because th"
495,carvedilol,"Carvedilol is a racemic mixture where the S(-) enantiomer is both a beta and alpha-1 adrenoceptor blocker, and the R(+) enantiomer is an alpha-1 adrenoceptor blocker.[L7889,L7892] It is currently used to treat heart failure, left ventricular dysfunction, and hypertension.[L7889,L7892] The dual action of carvedilol is advantageous in combination therapies as moderate doses of 2 drugs have a decreased incidence of adverse effects compared to high dose monotherapy in the treatment of moderate hypertension.[A182306]

Carvedilol was granted FDA approval on 14 September 1995.[L7889] Carvedilol inhibits exercise induce tachycardia through its inhibition of beta adrenoceptors.[A182306] Carvedilol's action on alpha-1 adrenergic receptors relaxes smooth muscle in vasculature, leading to reduced peripheral vascular resistance and an overall reduction in blood pressure.[A1929,A182306] At higher doses, calcium channel blocking and antioxidant activity can also be seen.[A1929] The an"
496,nabilone,"Nabilone (marketed as Cesamet) is a synthetic form of delta-9-tetrahydrocannabinol (Δ⁹-THC), the primary psychoactive component of cannabis (marijuana). Although structurally distinct from THC, nabilone mimics THC's structure and pharmacological activity through weak partial agonist activity at Cannabinoid-1 (CB1R) and Cannabinoid-2 (CB2R) receptors, however it is considered to be twice as active as Δ⁹-THC. Nabilone is approved by the FDA for the treatment of nausea and vomiting associated with cancer chemotherapy in patients who have failed to respond adequately to conventional antiemetic treatments [FDA Label].

Tetrahydrocannabinol (THC) and cannabidiol (CBD) are the two most abundant cannabinoids found naturally in the resin of the marijuana plant, both of which are pharmacologically Nabilone is an orally active synthetic cannabinoid which, like other cannabinoids, has complex effects on the central nervous system (CNS). It has been suggested that the antiemetic effect of nabilone is caused by interaction with the cannabinoid receptor system, i.e., the CB (1) receptor, which is a component of the endocannabinoid system of the body. 

The endocannabinoid system is widely dist"
497,naratriptan,"Naratriptan is a triptan drug that is selective for the 5-hydroxytryptamine1 receptor subtype. It is typically used for the treatment of migraine headaches. Three distinct pharmacological actions have been implicated in the antimigraine effect of the triptans: (1) stimulation of presynaptic 5-HT1D receptors, which serves to inhibit both dural vasodilation and inflammation; (2) direct inhibition of trigeminal nuclei cell excitability via 5-HT1B/1D receptor agonism in the brainstem and (3) vasoconstriction of meningeal, dural, cerebral or pial vessels a"
498,iodixanol,"Iodixanol is a nonionic hydrophilic compound commonly used as a contrast agent during coronary angiography, particularly in individuals with renal dysfunction, as it is believed to be less toxic to the kidneys than most other intravascular contrast agents. Organic iodine compounds attenuate x-rays as they pass through the body, thereby allowing the body structures containing iodine to be delineated in contrast to those structures that do not contain iodine. The degree of opacity produced by these compounds is directly proportional to the total amount (concentration and volume) of the iodinated contrast agent in the path of the x-rays. After intravas"
499,nefazodone,"Nefazodone hydrochloride (trade name Serzone) is an antidepressant drug marketed by Bristol-Myers Squibb. Its sale was discontinued in 2003 in some countries, due to the small possibility of hepatic (liver) injury. Drug-induced hepatic injuries were associated with an risk of elevated need for a liver transplant, or even death, with the incidence of severe liver damage was shown to be approximately 1 in 250,000 to 300,000 patient-years. On May 20, 2004, Bristol-Myers Squibb discontinued the sale of Serzone in the United States. Within the serotonergic system, nefazodone acts as an antagonist at type 2 serotonin (5-HT<sub>2</sub>) post-synaptic receptors and, like fluoxetine-type antidepressants, inhibits pre-synaptic serotonin (5-HT) reuptake. These mechanisms increase the amount of serotonin available to interact with 5-HT receptors. Within the noradrenergic system, nefazodone inhibits norepinephrine uptake minimally. N"
500,tamoxifen,"Tamoxifen is a non-steroidal antiestrogen used to treat estrogen receptor positive breast cancers as well as prevent the incidence of breast cancer in high risk populations.[A1025,L7799,L7802] Tamoxifen is used alone or as an adjuvant in these treatments.[L7799,L7802] Tamoxifen may no longer be the preferred treatment for these types of cancers as patients generally have better survival, side effect profiles, and compliance with [anastrozole].[A1026]

Tamoxifen was granted FDA approval on 30 December 1977.[L7799] Tamoxifen competitively inhibits estrogen binding to its receptor, which is critical for it's activity in breast cancer cells.[A1025] Tamoxifen leads to a decrease in tumor growth factor α and insulin-like growth factor 1, and an increase in sex hormone binding globulin.[A1025] The increase in sex hormon binding globulin limits the amount of freely available estradiol.[A1025] These changes reduce "
501,sulfamethoxazole and trimethoprim,sulfamethoxazole and trimethoprim
502,propafenone,"An antiarrhythmia agent that is particularly effective in ventricular arrhythmias. It also has weak beta-blocking activity. The drug is generally well tolerated. The electrophysiological effect of propafenone manifests itself in a reduction of upstroke velocity (Phase 0) of the monophasic action potential. In Purkinje fibers, and to a lesser extent myocardial fibers, propafenone reduces the fast inward current carried by sodium ions, which is responsible for the drugs antiarrhythmic actions. Diastolic excitability threshold is increased and effective refra"
503,pasireotide,"Pasireotide is a synthetic long-acting cyclic hexapeptide with somatostatin-like activity. It is marketed as a diaspartate salt called Signifor, which is used in the treatment of Cushing's disease. Pasireotide activates a broad spectrum of somatostatin receptors, exhbiting a much higher binding affinity for somatostatin receptors 1, 3, and 5 than octreotide in vitro, as well as a comparable binding affinity for somatostatin receptor 2. The binding and activation of the somatostatin receptors causes inhibition of ACTH secretion and results in reduced cortisol secretion in Cushing's disease pa"
504,bleomycin,"A complex of related glycopeptide antibiotics from <i>Streptomyces verticillus</i> consisting of bleomycin A2 and B2 (B2 CAS # 9060-10-0). It inhibits DNA metabolism and is used as an antineoplastic, especially for solid tumors. Bleomycin A2 is used as the representative structure for Bleomycin. Although the exact mechanism of action of bleomycin is unknown, available evidence would seem to indicate that the main mode of action is the inhibition of DNA synthesis with some evidence of lesser inhibition of RNA and protein synthesis. As evident in _in vitro_ studies, the DNA-cleaving actions of bleomycin is dependent on oxygen and metal ions. It is believed that bleomycin chelates metal ions"
505,trimethoprim,"Trimethoprim is an antifolate antibacterial agent that inhibits bacterial dihydrofolate reductase (DHFR), a critical enzyme that catalyzes the formation of tetrahydrofolic acid (THF) - in doing so, it prevents the synthesis of bacterial DNA and ultimately continued bacterial survival.[L11893] Trimethoprim is often used in combination with [sulfamethoxazole] due to their complementary and synergistic mechanisms but may be used as a monotherapy in the treatment and/or prophylaxis of urinary tract infections.[L11893,L11830] It is structurally and chemically related to [pyrimethamine], another antifolate antimicrobial used in the treatment of plasmodial infections.[T707] Trimethoprim is a reversible inhibitor of dihydrofolate reductase, one of the principal enzymes catalyzing the formation of tetrahydrofolic acid (THF) from dihydrofolic acid (DHF).[L11893] Tetrahydrofolic acid is necessary for the biosynthesis of bacterial nucleic acids and proteins and ultimately for continued bacterial survival - inhibiting its synthesis, then, results in bactericidal activity. "
506,mercaptamine,"Cystinosis is a rare disease caused by mutations in the CTNS gene that encodes for cystinosin, a protein responsible for transporting cystine out of the cell lysosome. A defect in cystinosin function is followed by cystine accumulation throughout the body, especially the eyes and kidneys.[A218721]

Several preparations of cysteamine exist for the treatment of cystinosis manifestations, some in capsule form, and others in ophthalmic solution form.[L15606,L15616] In particular, cystine deposits on the eye can cause significant discomfort throughout the day and require frequent treatment with eye drops, typically every waking hour.[L15611]

On August 25th 2020, the first ophthalmic solution for cystinosis requiring only 4 daily treatments was granted FDA approval.[L15606]  Cysteamine eye  Individuals born without the ability to metabolize cystine suffer from cystinosis, a rare genetic disorder characterized by the widespread accumulation of cystine crystals throughout the body and eye tissues. The cystine crystals may cause considerable damage, particularly in the renal tissues and corneal tissues. In some cases, renal failure can occur during childhood if the condition is left unt"
507,desvenlafaxine,"Desvenlafaxine (O-desmethylvenlafaxine) is the 0-demetyhlated active metabolite of [venlafaxine]. Like its parent drug, desvenlafaxine is also an antidepressant belonging to the class of serotonin-norepinephrine reuptake inhibitor (SNRI) class.[A261266,A261266] It was approved by the FDA in 2008 for the treatment of adults with major depressive disorder (MDD).[L6016,A261271]

MDD is a highly prevalent psychiatric disorder, with a lifetime prevalence estimate of 16% in the US alone and 12.8% in Europe. Although the exact mechanism of pathophysiology is still unknown, imbalances or deficiencies of monoamines have been heavily implicated, thus the rationale behind the use of SNRI to treat MDD.[A261271] Desvenlafaxine has a very similar pharmacological, efficacy, and safety profile as [venla The exact mechanism of the antidepressant action of desvenlafaxine is unknown but is thought to be related to the potentiation of serotonin and norepinephrine in the central nervous system, through inhibition of their reuptake.[L47936] Particularly, desvenlafaxine has been found to inhibit the serotonin, norepinephrine, and dopamine transporters with varying degrees of affinity. Desvenlafaxine inh"
508,urofollitropin,"Urofollitropin is a urinary-derived follicle-stimulating hormone (FSH) that is extracted and purified from human urine samples. It consists of two non-covalently linked, non-identical glycoproteins designated as the alpha- and beta- subunits. The alpha- and beta- subunits have 92 and 111 amino acids. The alpha subunit is glycosylated at Asn 51 and Asn 78 while the beta subunit is glycosylated at Asn 7 and Asn 24. Urofollitropin is typically used injected subcutaneously in combination with human chorionic gonadotropin (hCG) to induce ovulation. Urofollitropin may also be used to cause the ovary to produce several follicles, which can then be harvested for use in gamete intrafallopian transfer (GIFT) or in vitro fertilization (IVF). FSH binds to the follicle stimulating hormone receptor which is a G-coupled transmembrane receptor. Binding of the FSH to its receptor seems to induce phosphorylation and activation of the PI3K (Phosphatidylinositol-3-kinase) and Akt signaling pathway, which is known to regulate many other metabolic and related survival/maturation functions in cells."
509,flucloxacillin,"Antibiotic analog of [cloxacillin]. By binding to specific penicillin-binding proteins (PBPs) located inside the bacterial cell wall, flucloxacillin inhibits the third and last stage of bacterial cell wall synthesis. Cell lysis is then mediated by bacterial cell wall autolytic enzymes such as autolysins; it is possible that flucloxacillin interferes with an autolysin inhibitor."
510,dofetilide,"Dofetilide is a class III antiarrhythmic agent that is approved by the Food and Drug Administration (FDA) for the maintenance of sinus rhythm in individuals prone to the formation of atrial fibrillation and flutter, and for the chemical cardioversion to sinus rhythm from atrial fibrillation and flutter. The mechanism of action of Dofetilide is a blockade of the cardiac ion channel carrying the rapid component of the delayed rectifier potassium current, IKr. This inhibition of potassium channels results in a prolongation of action potential duration and the effective refractory period of accessory pathways (both anterograde and retrograde conduction in the accessory pathway)."
511,meropenem,"Meropenem is a broad-spectrum carbapenem antibiotic. It is active against Gram-positive and Gram-negative bacteria. Meropenem exerts its action by penetrating bacterial cells readily and interfering with the synthesis of vital cell wall components, which leads to cell death.

In August 2017, a combination antibacterial therapy under the market name vabomere was approved for treatment of adult patients with complicated urinary tract infections (cUTI). Vabomere consists of meropenem and [DB12107] and is intravenously admininstered. The treatment aims to resolve infection-related symptoms and achieve negative urine culture, where the infections are proven or strongly suspected to be caused by susceptible bacteria. The bactericidal activity of meropenem results from the inhibition of cell wall synthesis. Meropenem readily penetrates the cell wall of most Gram-positive and Gram-negative bacteria to reach penicillin-binding- protein (PBP) targets. Its strongest affinities are toward PBPs 2, 3 and 4 of <i>Escherichia coli</i> and <i>Pseudomonas aeruginosa</i>; and PBPs 1, 2 and 4 of <i>Staphylococcus aureus</i>"
512,fluticasone,"Fluticasone is a synthetic glucocorticoid available as 2 esters, [DB08906] and [DB00588][F4355,F4358,F4361,F4364][FDA Label]. These drugs are available as inhalers, nasal, sprays, and topical treatments for various inflammatory indications[F4355,F4358,F4361,F4364][FDA Label]. [DB00588] was first approved in 1990[L5962] and [DB08906] was approved in 2007[L5965]. [DB08906] and [DB00588] work through an unknown mechanism to affect the action of various cell types and mediators of inflammation[F4361,F4364,F4358]. In vitro experiments show [DB08906] activating glucocorticoid receptors, inhibiting nuclear factor kappa b, and inhibiting lung eosinophilia in rats[F4361,F4364,A177130]. [DB00588] performs similar activity but is not stated to affect nuclear factor"
513,omeprazole,"Originally approved by the FDA in 1989, omeprazole is a _proton-pump inhibitor_, used to treat gastric acid-related disorders. These disorders may include gastroesophageal reflux disease (GERD), peptic ulcer disease, and other diseases characterized by the oversecretion of gastric acid.  This drug was the first clinical useful drug in its class, and its approval was followed by the formulation of many other proton pump inhibitor drugs [A174232]. Omeprazole is generally effective and well-tolerated, promoting its popular use in children and adults [FDA label]. Hydrochloric acid (HCl) secretion into the gastric lumen is a process regulated mainly by the H(+)/K(+)-ATPase of the proton pump [A175180], expressed in high quantities by the parietal cells of the stomach. ATPase is an enzyme on the parietal cell membrane that facilitates hydrogen and potassium exchange through the cell, which normally results in the extrusion of potassium and formation of HCl ("
514,ondansetron,"A competitive serotonin type 3 receptor antagonist. It is effective in the treatment of nausea and vomiting caused by cytotoxic chemotherapy drugs, including cisplatin, and has reported anxiolytic and neuroleptic properties.

Having been developed in the 1980s by GlaxoSmithKline and approved by the US FDA since January 1991, ondansetron has demonstrated a long history of use and efficacy. Commonly formulated as oral tablets, orally disintegrating tablets (ODT), and injections, and available as generic products as well, ondansetron continues to see contemporary innovations in its formulation and use, including the development of orally soluble films that are both discreet in administration and less of a burden in comparison to having patients attempt to swallow pills during emesis.[L5221] Ondansetron is a selective antagonist of the serotonin receptor subtype, 5-HT3 [F3178, F3181, F3184].

Cytotoxic chemotherapy and radiotherapy are associated with the release of serotonin (5-HT) from enterochromaffin cells of the small intestine, presumably initiating a vomiting reflex through stimulation of 5-HT3 receptors located on vagal afferents [F3178, F3181, F3184]. Ondansetron may block "
515,ciclopirox,"Ciclopirox olamine (used in preparations called Batrafen, Loprox, Mycoster, Penlac and Stieprox) is a synthetic antifungal agent for topical dermatologic treatment of superficial mycoses. In particular, the agent is especially effective in treating Tinea versicolor. Unlike antifungals such as itraconazole and terbinafine, which affect sterol synthesis, ciclopirox is thought to act through the chelation of polyvalent metal cations, such as Fe<sup>3+</sup> and Al<sup>3+</sup>. These cations inhibit many enzymes, including cytochromes, thus disrupting cellular activities such as mitochondrial electron transport processes and energy production. Ciclopirox also ap"
516,pirbuterol,"Pirbuterol is a beta-2 adrenergic bronchodilator. In vitro studies and in vivo pharmacologic studies have demonstrated that pirbuterol has a preferential effect on beta-2 Adrenergic receptors compared with isoproterenol. While it is recognized that beta-2 adrenergic receptors are the predominant receptors in bronchial smooth muscle, data indicate that there is a population of beta-2 receptors in the human heart, existing in a concentration between 10-50%. The precise function of these receptors has not been established.

The pharmacologic effects of beta adrenergic agonist drugs, including pirbuterol, are at least in proof attributable to stimulation through beta adrenergic receptors of intracellular adenyl cyclase, the enzyme which catalyzes the conversion of adenosine triphosphate (AlP The pharmacologic effects of beta adrenergic agonist drugs, including pirbuterol, are at least in proof attributable to stimulation through beta adrenergic receptors of intracellular adenyl cyclase, the enzyme which catalyzes the conversion of adenosine triphosphate (AlP) to cyclic-3&#8224; ,5&#8224;-adenosine monophosphate (c-AMP). Increased c-AMP levels are associated with relaxation of bronchia"
517,timolol,"Timolol is a nonselective beta-adrenergic antagonist given in an eye drop solution to reduce intraocular pressure, or pressure in the eyes.[L6724] It is also used in tablet form as a drug to treat hypertension.[L6727] Timolol was first approved by the FDA in 1978.[L6724] This drug is marketed by several manufacturers [L6736] and is an effective agent for the management of conditions such as open-angle glaucoma and hypertension. Timolol competes with adrenergic neurotransmitters for binding to beta(1)-adrenergic receptors in the heart and the beta(2)-receptors in the vascular and bronchial smooth muscle. This leads to diminished actions of catecholamines, which normally bind to adrenergic receptors and exert sympathetic effects leading to an increase in blood pressure and heart rate.[A179521] Beta(1)-receptor blockade by "
518,lanthanum carbonate,"Lanthanum carbonate is a phosphate binder marketed under the trade name _Fosrenol_ by Shire Pharmaceuticals. It is a large pill that requires thorough chewing to avoid choking and other gastrointestinal adverse effects. It is used to treat elevated phosphate levels, primarily in patients with chronic kidney disease, by binding to dietary phosphate and preventing its absorption in the intestine.[L50733] Lanthanum carbonate is a phosphate binder that reduces absorption of phosphate by forming insoluble lanthanum phosphate complexes that pass through the gastrointestinal (GI) tract unabsorbed.[L50733] Both serum phosphate and calcium phosphate product are reduced as a consequence of the reduced dietary phosphate absorption."
519,nafarelin,"Nafarelin is a potent synthetic agonist of gonadotropin-releasing hormone with 3-(2-naphthyl)-D-alanine substitution at residue 6. Nafarelin has been used in the treatments of central precocious puberty and endometriosis. Like GnRH, initial or intermittent administration of nafarelin stimulates release of the gonadotropins luteinizing hormone (LH) and follicle-stimulating hormone (FSH) from the pituitary gland, which in turn transiently increases production of estradiol in females and testosterone in both sexes. However, with continuous daily administration, nafarelin continuously occupies the GnRH receptor, leadin"
520,temsirolimus,"Temsirolimus is a derivative of sirolimus used in the treatment of renal cell carcinoma (RCC). It was developed by Wyeth Pharmaceuticals under the trade name Torisel. Temsirolimus was approved by the FDA in late May 2007 as well as the European Medicines Agency (EMEA) on November 2007. Temsirolimus is an inhibitor of mTOR (mammalian target of rapamycin). Temsirolimus binds to an intracellular protein (FKBP-12), and the protein-drug complex inhibits the activity of mTOR that controls cell division. Inhibition of mTOR activity resulted in a G1 growth arrest in treated tumor cells. When mTOR was inhibited, its ability to phosphorylate p70S6k and S6 ribosomal protein, which are down"
521,pegvisomant,"Pegvisomant is a highly selective growth hormone (GH) receptor antagonist. It is used to treat acromegaly.  Unlike dopamine or somatostatin analogs (which inhibit growth hormone secretion), this drug actually blocks the hepatic (GH-mediated) production of insulin like growth factor (IGF-1), which is the main mediator of growth hormone activity. Somavert selectively binds to growth hormone (GH) receptors on cell surfaces, where it blocks the binding of endogenous GH. This leads to the normalization of serum IGF-1 levels."
522,nesiritide,"Nesiritide is a medication used to treat acutely decompensated congestive heart failure with dyspnea at rest or with minimal exertion (such as talk, eating or bathing). Nesiritide is a 32 amino acid recombinant human B-type natriuretic peptide. Human BNP binds to the particulate guanylate cyclase receptor of vascular smooth muscle and endothelial cells, leading to increased intracellular concentrations of guanosine 3'5'-cyclic monophosphate (cGMP) and smooth muscle cell relaxation. Cyclic GMP serves as a second messenger to dilate veins and arteries. Nesiritide has been shown to relax isolated human arterial and venous tissue preparation"
523,dicycloverine,"Dicyclomine is a muscarinic M1, M3, and M2 receptor antagonist as well as a non-competitive inhibitor of histamine and bradykinin used to treat spasms of the intestines seen in functional bowel disorder and irritable bowel syndrome.[A6556,A182555,A234659,L7967] Though it is commonly prescribed, its recommendation may have been based on a small amount of evidence and so its prescription is becoming less favourable.[L7982]

Dicyclomine was granted FDA approval on 11 May 1950.[L7967] Dicyclomine achieves its action partially through direct antimuscarinic activity of the M1, M3, and M2 receptors; and partially through antagonism of bradykinin and histamine.[A6556,A182555,A234659,L7967] Dicyclomine non-competitively inhibits the action of bradykinin and histamine, resulting in direct action on the smooth muscle, and decreased strength of contractions seen in spasms of the ileum."
524,atazanavir,"Atazanavir (formerly known as BMS-232632) is an antiretroviral drug of the protease inhibitor (PI) class. Like other antiretrovirals, it is used to treat infection of human immunodeficiency virus (HIV). Atazanavir is distinguished from other PIs in that it can be given once daily (rather than requiring multiple doses per day) and has lesser effects on the patient's lipid profile (the amounts of cholesterol and other fatty substances in the blood). Like other protease inhibitors, it is used only in combination with other HIV medications. The U.S. Food and Drug Administration (FDA) approved atazanavir on June 20, 2003. Atazanavir selectively inhibits the virus-specific processing of viral Gag and Gag-Pol polyproteins in HIV-1 infected cells by binding to the active site of HIV-1 protease, thus preventing the formation of mature virions. Atazanavir is not active against HIV-2.[L48636]"
525,gatifloxacin,"Gatifloxacin is an antibiotic agent and a member of the fourth-generation fluoroquinolone family. It works by inhibiting the bacterial enzymes DNA gyrase and topoisomerase IV. It was first introduced by Bristol-Myers Squibb in 1999 under the brand name Tequin® for the treatment of respiratory tract infections. Gatifloxacin is available as tablets and in various aqueous solutions for intravenous therapy. It is also available as eye drops under the brand name Zymar® marketed by Allergan.

The FDA withdrew its approval for the use of non-ophthalmic drug products containing gatifloxacin due to the high prevalence of gatifloxacin-associated dysglycemia adverse event reports and the high incidence of hyperglycemic and hypoglycemic episodes in patients taking gatifloxacin compared to those on m The bactericidal action of Gatifloxacin results from inhibition of the enzymes topoisomerase II (DNA gyrase) and topoisomerase IV, which are required for bacterial DNA replication, transcription, repair, and recombination."
526,sapropterin,"Sapropterin (tetrahydrobiopterin or BH4) is a cofactor in the synthesis of nitric oxide. It is also essential in the conversion of phenylalanine to tyrosine by the enzyme phenylalanine-4-hydroxylase; the conversion of tyrosine to L-dopa by the enzyme tyrosine hydroxylase; and conversion of tryptophan to 5-hydroxytryptophan via tryptophan hydroxylase. Tetrahydrobiopterin (BH4) is a natural co-factor or co-enzyme for phenylalanine-4-hydroxylase (PAH),Tetrahydrobiopterine, and tryptophan-5-hydroxylase. Tetrahydrobiopterin is also a natural co-factor for nitrate oxide synthase. Therefore BH4 is required for the conversion of phenylalanine to tyrosine, for the production of epinephrine (adrenaline) and the synthesis of the monoamine neuro-transmitt"
527,mycophenolic acid,"Mycophenolic acid is a potent immunosuppressant agent that inhibits _de novo_ purine biosynthesis.[L42165] It was derived from _Penicillium stoloniferum_, and has also shown antibacterial, antifungal and antiviral properties.[A249170]. Mycophenolic acid is used in immunosuppressive regimens as part of a triple therapy that includes a calcineurin inhibitor (ciclosporin or tacrolimus) and prednisolone.[A249175] This regimen can be used in place of the older anti-proliferative [azathioprine] due to its stronger immunosuppressive potency.[A249180] However, mycophenolic acid treatment is more expensive and requires therapeutic drug monitoring to optimize efficacy and minimize toxicity.[A249180,A249185] Mycophenolic acid is available as enteric-coated tablets of delayed-release, in an effort to  Mycophenolic acid is a selective noncompetitive and reversible inhibitor of inosine monophosphate dehydrogenase (IMPDH), that blocks the conversion of inosine-5-phosphate and xanthine-5-phosphate to guanosine-5-phosphate.[A249170,L42165] By inhibiting IMPDH, mycophenolic acid interferes with the _de novo_ pathway of guanosine nucleotide synthesis without incorporation into DNA. While other cell ty"
528,cefprozil,"Cefprozil is a cephalosporin antibiotic that is commonly employed to treat a variety of bacterial infections, including those of the ear and skin, bronchitis, and others. Cefprozil, like the penicillins, is a beta-lactam antibiotic. By binding to specific penicillin-binding proteins (PBPs) located inside the bacterial cell wall, it inhibits the third and last stage of bacterial cell wall synthesis. Cell lysis is then mediated by bacterial cell wall autolytic enzymes such as autolysins; it is possible that cefprozil interferes with an autolysin inhibitor."
529,budesonide,"Budesonide is a glucocorticoid that is a mix of the 22R and 22S epimer used to treat inflammatory conditions of the lungs and intestines such as asthma, COPD, Crohn's disease, and ulcerative colitis.[A188529,A188532]

Budesonide was granted FDA approval on 14 February 1994.[L10598] It is also available in a combination product with [formoterol].[L10619] The short term effects of corticosteroids are decreased vasodilation and permeability of capillaries, as well as decreased leukocyte migration to sites of inflammation.[A187463] Corticosteroids binding to the glucocorticoid receptor mediates changes in gene expression that lead to multiple downstream effects over hours to days.[A187463]

Glucocorticoids inhibit neutrophil apoptosis and demargina"
530,verteporfin,"Verteporfin, marketed as Visudyne, is a benzoporphyrin derivative comprising a 50:50 mixture of two isomers: [CL-315555] and [CL-315585]. It is used as a photosensitizer in photodynamic therapy to eliminate abnormal blood vessels in wet form macular degeneration. Verteporfin accumulates in these abnormal blood vessels and, when stimulated by nonthermal red light with a wavelength of 693 nm in the presence of oxygen, produces highly reactive short-lived singlet oxygen and other reactive oxygen radicals, resulting in local damage to the endothelium and blockage of the vessels. Verteporfin is transported in the plasma primarily by lipoproteins. Once verteporfin is activated by light in the presence of oxygen, highly reactive, short-lived singlet oxygen and reactive oxygen radicals are generated. Light activation of verteporfin results in local damage to neovascular endothelium, resulting in vessel occlusion. Damaged endothelium is known to release procoagulant and vasoac"
531,misoprostol,"Misoprostol is a prostaglandin analog used to reduce the risk of NSAID related ulcers, manage miscarriages, prevent post partum hemorrhage, and also for first trimester abortions.[L7616,L7619,A181589,A181583,A181697] The stimulation of prostaglandin receptors in the stomach reduces gastric acid secretion, while stimulating these receptors in the uterus and cervix can increase the strength and frequency of contractions and decrease cervical tone.[A181586]

Misoprostol was granted FDA approval on 27 December 1988.[L7616] Misoprostol is a synthetic prostaglandin E1 analog that stimulates prostaglandin E1 receptors on parietal cells in the stomach to reduce gastric acid secretion.[A181586] Mucus and bicarbonate secretion are also increased along with thickening of the mucosal bilayer so the mucosa can generate new cells.[A181586] 

Misoprostol binds to smooth muscle cells in the uterine lining to increase the stre"
532,piroxicam,"A cyclooxygenase inhibiting, non-steroidal anti-inflammatory agent (NSAID) that is well established in treating rheumatoid arthritis and osteoarthritis and used for musculoskeletal disorders, dysmenorrhea, and postoperative pain. Its long half-life enables it to be administered once daily. The antiinflammatory effect of Piroxicam may result from the reversible inhibition of cyclooxygenase, causing the peripheral inhibition of prostaglandin synthesis. The prostaglandins are produced by an enzyme called Cox-1. Piroxicam blocks the Cox-1 enzyme, resulting into the disruption of production of prostaglandins. Piroxicam also inhibits the migration of leukocytes into sites of inflammation "
533,ursodeoxycholic acid,"Ursodeoxycholic acid (UDCA), also known as ursodiol, is a naturally-occurring bile acid that constitutes a minor fraction of the human bile acid pool.[A256272,A256277] UDCA has been used to treat liver disease for decades: its first use in traditional medicine dates back more than a hundred years.[A256267,A256463] UDCA was first characterized in the bile of the Chinese black bear and is formed by 7b-epimerization of [chenodeoxycholic acid], which is a primary bile acid.[A256272] Due to its hydrophilicity, UDCA is less toxic than [cholic acid] or [chenodeoxycholic acid].[A256272] 

UDCA was first approved by the FDA in 1987 for dissolution of gallstones and for primary biliary cirrhosis in 1996.[A256272] UDCA works by replacing the hydrophobic or more toxic bile acids from the bile acid p Endogenous hydrophobic bile acids such as deoxycholic acid and chenodeoxycholic acid can exert hepatotoxic effects. Ursodeoxycholic acid is a hydrophilic bile acid that mediates its biological effects via several mechanisms. Ursodeoxycholic acid (UDCA) protects hepatocytes and cholangiocytes from bile acid-induced damage, such as reactive oxygen species (ROS)-induced inflammation and mitochondrial"
534,quinidine,"Quinidine is a D-isomer of [quinine] present in the bark of the Cinchona tree and similar plant species. This alkaloid was first described in 1848 and has a long history as an antiarrhythmic medication.[A38016,A250050] Quinidine is considered the first antiarrhythmic drug (class Ia) and is moderately efficacious in the acute conversion of atrial fibrillation to normal sinus rhythm.[A38016] It prolongs cellular action potential by blocking sodium and potassium currents. A phenomenon known as “quinidine syncope” was first described in the 1950s, characterized by syncopal attacks and ventricular fibrillation in patients treated with this drug.[A38016] Due to its side effects and increased risk of mortality, the use of quinidine was reduced over the next few decades. However, it continues to b Quinidine has a complex electrophysiological profile that has not been fully elucidated. The antiarrhythmic actions of this drug are mediated through effects on sodium channels in Purkinje fibers. Quinidine blocks the rapid sodium channel (I<sub>Na</sub>), decreasing the phase zero of rapid depolarization of the action potential.[A250050] Quinidine also reduces repolarizing K<sup>+</sup> currents "
535,mirtazapine,"Mirtazapine is a tetracyclic _piperazino-azepine_ antidepressant agent that was initially approved for the treatment of major depressive disorder (MDD) in the Netherlands in 1994.[A177946] This drug was first manufactured by Organon Inc., and received FDA approval in 1997 for the treatment of major depressive disorder.[T595, L6157] The effects of this drug may be observed as early as 1 week after beginning therapy.[A178144,L6160]

In addition to its beneficial effects in depression, mirtazapine has been reported to be efficacious in the off-label management of various other conditions.  It may improve the symptoms of neurological disorders, reverse weight loss caused by medical conditions, improve sleep, and prevent nausea and vomiting after surgery.[A177811] **Summary**

The mechanism of action of mirtazapine is not fully understood[FDA label] but may be explained by its effects on central adrenergic and serotonergic activity. This drug exhibits a fast onset of action, a high level of response, a manageable side-effect profile, and dual noradrenergic and serotonergic effects that are unique from the effects of other antidepressants.[A177811]

**Ef"
536,isosorbide mononitrate,"Isosorbide mononitrate is an organic nitrate with vasodilating properties. It is an anti-anginal agent that works by relaxing the smooth muscles of both arteries and veins, but but predominantly veins to reduce cardiac preload.[L11698, L11743] Isosorbide mononitrate is an active metabolite of [isosorbide dinitrate]. Like other organic nitrates, isosorbide mononitrate acts as a prodrug for its active metabolite, [nitric oxide], which mediates the therapeutic action of isosorbide mononitrate.[L11743] Isosorbide mononitrate has a longer duration of action than [nitroglycerin] due to its slow onset of absorption and metabolism.[T28]

First approved by the FDA in 1991,[L11743] isosorbide mononitrate is used for the prevention and management of angina pectoris caused by coronary artery disease Isosorbide mononitrate acts as a prodrug for nitric oxide (NO), which is a potent vasodilator gas that is released when the drug is metabolized. NO activates soluble guanylyl cyclase in vascular endothelial cells, which increases the intracellular concentrations of cyclic GMP (cGMP). cGMP activates cGMP-dependent protein kinases, such as protein kinase G and I, which activates the downstream intra"
537,lorazepam,"Lorazepam is a short-acting and rapidly cleared benzodiazepine used commonly as a sedative and anxiolytic.[A957] It was developed by DJ Richards, presented and marketed initially by Wyeth Pharmaceuticals in the USA in 1977. The first historic FDA label approval is reported in 1985 by the company Mutual Pharm.[L5095] Lorazepam allosterically binds on the benzodiazepine receptors in the post-synaptic GABA-A ligand-gated chloride channel in different sites of the central nervous system (CNS). This binding will result in an increase on the GABA inhibitory effects which is translated as an increase in the flow of chloride ions into the cell causing hyperpolarization and stabilization of the cellular plasma membran"
538,loratadine,"Loratadine is a second generation antihistamine used to manage symptoms of allergic rhinitis.[A176435] A lack of sedative and CNS adverse effects make loratadine, along with other second generation antihistamines, preferable over their 1st generation counterparts in many clinical situations.[A176441] Histamine release is a key mediator in allergic rhinitis and urticaria.[A185312][A176441][A175060] As a result, loratadine exerts it's effect by targeting H1 histamine receptors.

Loratadine binds to H1 histamine receptors found on the surface of epithelial cells, endothelial cells, eosinophils, neutrophils, airway cells, and vascular smooth muscle cells among others.[A176441] H1 histamine recep"
539,atovaquone,"Atovaquone is a hydroxynaphthoquinone, or an analog of ubiquinone, that has antimicrobial and antipneumocystis activity. It is being used in antimalarial protocols. The mechanism of action against <i>Pneumocystis carinii</i> has not been fully elucidated. In Plasmodium species, the site of action appears to be the cytochrome bc1 complex (Complex III). Several metabolic enzymes are linked to the mitochondrial electron transport chain via ubiquinone. Inhibition of electron transport by atovaquone will result in indirect inhibition of these enzymes. The ultimate"
540,albumin,"Human serum albumin is the primary protein present in human blood plasma. The main function of albumin is to maintain the oncotic pressure of blood [A33706]. It binds to water, cations (such as Ca2+, Na+ and K+), fatty acids, hormones, bilirubin, thyroxine (T4) and pharmaceuticals (including barbiturates).  Albumin represents approximately 50% of the total protein content in healthy humans [A40060].

Human albumin is a small globular protein (molecular weight: 66.5 kDa), consisting of a single chain of 585 amino acids organized in three repeated homolog domains (sites I, II, and III). Each domain comprises two separate sub-domains (A and B) [A40060]. 

There are various preparations of albumin that are well established and widely available in the clinical setting [L3108], [L3109], [L31 The main function of albumin results from its contribution to plasma colloid oncotic pressure and transport function [F230].  

Albumin stabilizes circulating blood volume and carries hormones, enzymes, medicines, and toxins. Other physiological functions include antioxidant properties, free radical scavenging, in addition to maintenance capillary membrane integrity [F230].

Exogenously admini"
541,calcitriol,"Calcitriol is an active metabolite of vitamin D with 3 hydroxyl (OH) groups and is commonly referred to as 1,25-dihydroxycholecalciferol, or 1alpha,25-dihydroxyvitamin D<sub>3</sub>, 1,25-dihydroxyvitamin D<sub>3</sub>. It is produced in the body after series of conversion steps of 7-dehydrocholesterol from exposure to UV light. 7-dehydrocholesterol is converted to [DB00169] (vitamin D3) in the skin, which is then converted to [DB00146] in the liver and kidneys. [DB00146] undergoes hydroxylation to form calcitriol via 1α-hydroxylase (CYP27B1) activity [A26353]. Calcitriol is considered to be the most potent metabolite of vitamin D in humans [A3366]. Renal production of calcitriol is stimulated in response to PTH, low calcium and low phosphate [A26353]. Calcitriol plays a role in plasma cal The mechanism of action of calcitriol in the treatment of psoriasis is accounted for by their antiproliferative activity for keratinocytes and their stimulation of epidermal cell differentiation. The anticarcinogenic activity of the active form of Calcitriol appears to be correlated with cellular vitamin D receptor (VDR) levels. Vitamin D receptors belong to the superfamily of steroid-hormone zinc"
542,digoxin,"Digoxin is one of the oldest cardiovascular medications used today.[A178225] It is a common agent used to manage atrial fibrillation and the symptoms of heart failure.[A178234] Digoxin is classified as a cardiac glycoside and was initially approved by the FDA in 1954.[L9143]

This drug originates from the foxglove plant, also known as the _Digitalis_ plant[T610], studied by William Withering, an English physician and botanist in the 1780s.[A178237,A178240] Prior to this, a Welsh family, historically referred to as the _Physicians of Myddvai_, formulated drugs from this plant. They were one of the first to prescribe cardiac glycosides, according to ancient literature dating as early as the 1250s.[A178240] Digoxin exerts hemodynamic, electrophysiologic, and neurohormonal effects on the cardiovascular system.[A178234] It reversibly inhibits the Na-K ATPase enzyme, leading to various beneficial effects.  The Na-K ATPase enzyme functions to maintain the intracellular environment by regulating the entry and exit of sodium, potassium, and calcium (indirectly). Na-K ATPase is also known as the _sodium pum"
543,esomeprazole,"Esomeprazole, sold under the brand name Nexium, is a proton pump inhibitor (PPI) medication used for the management of gastroesophageal reflux disease (GERD), for gastric protection to prevent recurrence of stomach ulcers or gastric damage from chronic use of NSAIDs, and for the treatment of pathological hypersecretory conditions including Zollinger-Ellison (ZE) Syndrome. It can also be found in quadruple regimens for the treatment of _H. pylori_ infections along with other antibiotics including [DB01060], [DB01211], and [DB00916], for example.[A177271, F4498] Its efficacy is considered similar to other medications within the PPI class including [DB00338], [DB00213], [DB00448], [DB05351], and [DB01129]. Esomeprazole is the s-isomer of [DB00338], which is a racemate of the S- and R-enantiom Esomeprazole exerts its stomach acid-suppressing effects by preventing the final step in gastric acid production by covalently binding to sulfhydryl groups of cysteines found on the (H+, K+)-ATPase enzyme at the secretory surface of gastric parietal cells. This effect leads to inhibition of both basal and stimulated gastric acid secretion, irrespective of the stimulus. As the binding of esomeprazo"
544,dexlansoprazole,"Dexlansoprazole is a new-generation proton pump inhibitor (PPI) used for the management of symptoms associated with gastroesophageal reflux disease (GERD) and erosive esophagitis. Dexlansoprazole is the R-enantiomer of [DB00448], which is composed of a racemic mixture of the R- and S-enantiomers. Compared to the older generation of PPIs (which includes [DB00213], [DB00338], and [DB00448]),[A178084] dexlansoprazole has a unique pharmacokinetic profile due to its delayed-release and dual-delivery release system: This aims to address some limitations of the older-generation PPIs, such as short plasma half-life and the need for meal-associated dosing.[A19566, A19568, A178084, A174244] Dexlansoprazole inhibits the final step in gastric acid production by blocking the (H+, K+)-ATPase enzyme.[L48 Dexlansoprazole suppresses gastric acid secretion by blocking the final step of acid production. It inhibits the H/K ATPase at the secretory surface of the gastric parietal cell, which is involved in the secretion of hydrochloric acid.[L48827] H/K ATPase is a proton pump responsible for hydrolyzing ATP and exchanging H<sup>+</sup> ions from the cytoplasm for K<sup>+</sup> ions in the secretory can"
545,sodium aurothiomalate,Sodium aurothiomalate is a gold compound that is used for its immunosuppressive anti-rheumatic effects. Gold Sodium Thiomalate is supplied as a solution for intramuscular injection containing 50 mg of Gold Sodium Thiomalate per mL. It is most effective in active progressive rheumatoid arthritis and of little or no value in the presence of extensive deformities or in the treatment of other forms of arthritis. The precise mechanism of action is unknown. It is known that sodium aurothiomalate inhibits the synthesis of prostaglandins. The predominant action appears to be a suppressive effect on the synovitis of active rheumatoid disease.
546,olsalazine,"Olsalazine is an aminosalicylate and a prodrug of [mesalamine] (5-aminosalicylic acid, 5-ASA).[A257063] It was first developed for delivering mesalamine to the colon without the use of [sulfapyridine].[A257078] Olsalazine comprises two mesalamine molecules joined by an azo bridge, which is cleaved in the colon.[A257078] Olsalazine is an anti-inflammatory agent that works by inhibiting cyclooxygenase and lipoxygenase, subsequently reducing the production of pro-inflammatory factors like prostaglandin and leukotriene.[A257063] Olsalazine is used in the treatment of ulcerative colitis.[L45023,L45151] Upon administration, the azo bond connecting two molecules of mesalamine (also known as 5-aminosalicylic acid or 5-ASA) is cleaved by azoreductase-containing bacteria in the colon. The two molecules of mesalamine are released to mediate therapeutic effects.[A257063] The exact mechanism of action of olsalazine and its active moiety mesalamine in ulcerative colitis has not been elucidated; however, "
547,granisetron,"A serotonin receptor (5HT-3 selective) antagonist that has been used as an antiemetic and antinauseant for cancer chemotherapy patients. Granisetron is a potent, selective antagonist of 5-HT<sub>3</sub> receptors. The antiemetic activity of the drug is brought about through the inhibition of 5-HT3 receptors present both centrally (medullary chemoreceptor zone) and peripherally (GI tract). This inhibition of 5-HT3 receptors in turn inhibits the visceral afferent stimulation of the vomiting center, likely indirectly at the level of t"
548,hydrocodone,"Hydrocodone is a synthetic opioid derivative of codeine.[T116] It is commonly used in combination with [acetaminophen] to control moderate to severe pain. Historically, hydrocodone has been used as a cough suppressant although this has largely been replaced by [dextromethorphan] in current cough and cold formulations. Hydrocodone's more potent metabolite, [hydromorphone] has also found wide use as an analgesic and is frequently used in cases of severe pain. The FDA first approved Hydrocodone for use as part of the cough suppressant syrup Hycodan in March of 1943.[L9025] Hydrocodone binds to the mu opioid receptor (MOR) with the highest affinity followed by the delta opioid receptors (DOR).[A182165] Hydrocodone's agonist effect at the MOR is considered to contribute the most to its analgesic effects. Both MOR and DOR are Gi/o coupled and and produces its signal through activation of inward rectifier potassium (GIRK) channels, inhibition of voltage gated calcium ch"
549,carboplatin,"Carboplatin is an organoplatinum antineoplastic alkylating agent used in the treatment of advanced ovarian carcinoma.[L32253] Early clinical studies of carboplatin were performed in 1982.[A230523] Carboplatin was developed as an analog of [cisplatin] with reduced nephrotoxicity and vomiting.[A230463,A230523]

Carboplatin was granted FDA approval on 3 March 1989.[L32248] Carboplatin predominantly acts by attaching alkyl groups to the nucleotides, leading to the formation of monoadducts, and DNA fragmenting when repair enzymes attempt to correct the error.[A230158,L32253] 2% of carboplatin's activity comes from DNA cross-linking from a base on one strand to a base on another, preventing DNA strands from separating for synthesis or transcription.[A230158,A1472] Fina"
550,samarium (153Sm) lexidronam,"Samarium Sm 153 lexidronam is a radioactive medication used to treat pain caused by cancer that has spread to the bone. It is a radiopharmaceutical. Radiopharmaceuticals are radioactive agents that may be used to diagnose some diseases by studying the function of the body's organs or to treat certain diseases.Samarium Sm 153 lexidronam is used to help relieve the bone pain that may occur with certain kinds of cancer. The radioactive samarium is taken up in the bone cancer area and gives off radiation that helps provide relief of pain. Samarium Sm 153 lexidronam targets the sites of new bone formation, concentrating in regions of the bone that have been invaded with metastatic tumor. The drug goes to the source of cancer bone pain and irradiates the osteoblastic tumor sites resulting in relief of pain. The onset of pain relief was experienced as early as one week in the majority of patients."
551,eszopiclone,"Eszopiclone, marketed by Sepracor under the brand-name Lunesta, is a nonbenzodiazepine hypnotic drug used to treat insomnia. It is the active stereoisomer of zopiclone, belonging to the class of drugs known as _cyclopyrrolones_.[A179638,L6850] Cyclopyrrolone drugs demonstrate high efficacy and low toxicity[A179827], offering a safer alternative to other drugs used for insomnia.

One major benefit of eszopiclone is that it is approved by the FDA for the long-term treatment of insomnia. This sets it apart from many other hypnotic sedatives, which are generally approved only for the relief of short-term (6-8 weeks) insomnia. Eszopiclone was initially approved by the FDA in 2004.[L6769] The exact mechanism of action of eszopiclone is unknown at this time but is thought to occur via binding with the GABA receptor complexes at binding sites located near benzodiazepine receptors, possibly explaining its hypnotic and sedative effects.[A179659,L6769] It has particular affinity for GABA-A (or GABAA) receptor subunits 1, 3 and 5.[A179788,A15625,A15626] Eszopiclone increases GABA-A chann"
552,technetium (99mTc) exametazime,"Technetium Tc-99m exametazime is a radiopharmaceutical sold under the trade name Ceretec used in the detection of altered regional cerebral perfusion in stroke and other cerebrovascular diseases. It can also be used for the labelling of leukocytes to localise intra-abdominal infections and inflammatory bowel disease. Exametazime, also known as hexamethylpropyleneamine oxime or HMPAO, acts as a chelating agent for the Tc-99m radioisotope."
553,doxercalciferol,"Doxercalciferol is a synthetic vitamin D2 analog that undergoes metabolic activation in vivo to form 1α,25-dihydroxyvitamin D2 (1α,25-(OH)2D2), a naturally occurring, biologically active form of vitamin D2. Doxercalciferol is indicated for the treatment of secondary hyperparathyroidism in patients with chronic kidney disease on dialysis, as well as for the treatment of secondary hyperparathyroidism in patients with Stage 3 or Stage 4 chronic kidney disease. Doxercalciferol is marketed under the brand name Hectoral by Genzyme Corporation, and is manufactured by Catalent Pharma Solutions, Inc. Calcitriol (1α,25-(OH)2D3) and 1α,25-(OH)2D2 regulate blood calcium at levels required for essential body functions. Specifically, the biologically active vitamin D metabolites control the intestinal absorption of dietary calcium, the tubular reabsorption of calcium by the kidney and, in conjunction with parathyroid hormone (PTH), the mobilization of calcium from the skeleton. They act directly on"
554,capecitabine,"Capecitabine is an orally-administered chemotherapeutic agent used in the treatment of metastatic breast and colorectal cancers. Capecitabine is a prodrug, that is enzymatically converted to fluorouracil (antimetabolite) in the tumor, where it inhibits DNA synthesis and slows growth of tumor tissue. Capecitabine is metabolized to 5-fluorouracil in vivo by carboxylesterases, cytidine deaminase, and thymidine phosphorylase/uridine phosphorylase sequentially.[L44657,A256027,A256142,A256147,A32078] 5-fluorouracil is further metabolized through a series of enzymatic reactions into 3 main active metabolites: 5-fluorouridine triphosphate (5-FUTP), 5-fluoro-2’-deoxyuridine monophosphate (5-FdUMP), an"
555,leuprorelin,"Leuprolide is a synthetic 9-residue peptide analogue of gonadotropin-releasing hormone (GnRH). Unlike the endogenous decapeptide GnRH, leuprolide contains a single D-amino acid (D-leucyl) residue, which helps to increase its circulating half-life from three to four minutes to approximately three hours.[A203222] As a GnRH mimic, leuprolide is capable of binding to the GnRH receptor (GnRHR) and inducing downstream modulation of both gonadotropin hormone and sex steroid levels. Prolonged activation of GnRHR results in significant downregulation of sex steroid levels, which is primarily responsible for the clinical efficacy of leuprolide in diverse conditions, including advanced prostate cancer, endometriosis, and central precocious puberty.[A203126, A203132]

Leuprolide was first approved i Gonadotropin-releasing hormone (GnRH) is a naturally occurring decapeptide that modulates the hypothalamic-pituitary-gonadal (HPG) axis. GnRH binds to corresponding receptors (GnRHRs) on the anterior pituitary gonadotropes, which in turn release luteinizing hormone (LH) and follicle-stimulating hormone (FSH); these, in turn, affect the downstream synthesis and release of the sex hormones testoster"
556,salmeterol and fluticasone,salmeterol and fluticasone
557,fosinopril,"Fosinopril is a phosphinic acid-containing ester prodrug that belongs to the angiotensin-converting enzyme (ACE) inhibitor class of medications. It is rapidly hydrolyzed to fosinoprilat, its principle active metabolite. Fosinoprilat inhibits ACE, the enzyme responsible for the conversion of angiotensin I (ATI) to angiotensin II (ATII). ATII regulates blood pressure and is a key component of the renin-angiotensin-aldosterone system (RAAS). Fosinopril may be used to treat mild to moderate hypertension, as an adjunct in the treatment of congestive heart failure, and to slow the rate of progression of renal disease in hypertensive individuals with diabetes mellitus and microalbuminuria or overt nephropathy. There are two isoforms of ACE: the somatic isoform, which exists as a glycoprotein comprised of a single polypeptide chain of 1277; and the testicular isoform, which has a lower molecular mass and is thought to play a role in sperm maturation and binding of sperm to the oviduct epithelium. Somatic ACE has two functionally active domains, N and C, which arise from tandem gene duplication. Although "
558,bepridil,"A long-acting, non selective, calcium channel blocker with significant anti-anginal activity. The drug produces significant coronary vasodilation and modest peripheral effects. It has antihypertensive and selective anti-arrhythmia activities and acts as a calmodulin antagonist. It is no longer marketed in the United States, as it has been implicated in causing ventricular arrhythmias (ie. Torsade de pointes). Bepridil has inhibitory effects on both the slow calcium (L-type) and fast sodium inward currents in myocardial and vascular smooth muscle, interferes with calcium binding to calmodulin, and blocks both voltage and receptor operated calcium channels. Bepridil inhibits the transmembrane influx of calcium ions into cardiac and vascular smooth muscle. This has been demonstrated in isolated myocardial"
559,tedizolid,"Drug-resistant bacteria, such as methicillin-resistant _Staphylococcus aureus_, vancomycin-resistant _Enterococcus faecium_, and penicillin-resistant _Streptococcus penumoniae_, represent a massive public health threat.[A199086, A199131] Tedizolid is a member of the oxazolidinone class of antibiotics, which includes the previously approved [linezolid] and is generally effective against multidrug-resistant Gram-positive bacteria. Tedizolid is indicated for the treatment of acute bacterial skin and skin structure infections (ABSSSI) and is generally more effective and more tolerable than [linezolid].[L11232, A199086, A199050]

Tedizolid was approved by the FDA on June 20, 2014, for sale by Cubist Pharmaceuticals as tedizolid phosphate (SIVEXTRO®). This product is currently available as bot Despite renewed efforts to combat the spread of antimicrobial resistance, multidrug-resistant organisms, including gram-positive bacteria such as methicillin-resistant _Staphylococcus aureus_, remain a threat.[A199131, A199086] Oxazolidinones represent a relatively new class of antibacterials inhibiting protein synthesis that is generally capable of overcoming resistance to other bacterial protein"
560,pregabalin,"Pregabalin is structurally similar to gamma-aminobutyric acid (GABA) - an inhibitory neurotransmitter.[A173995] It may be used to manage neuropathic pain, postherpetic neuralgia, and fibromyalgia among other conditions.[A187190] Although as per the FDA Label the mechanism of action has not been definitively characterized, there is evidence that pregabalin exerts its effects by binding to the α2δ subunit of voltage-dependent calcium channels.[A187190,L7066] Pregabalin is marketed by Pfizer under the trade name Lyrica and Lyrica Cr (extended release).[L1006,L7066] It may have dependence liability if misused but the risk appears to be highest in patients with current or past substance use disorders.[A31161] Although the mechanism of action has not been fully elucidated, studies involving structurally related drugs suggest that presynaptic binding of pregabalin to voltage-gated calcium channels is key to the antiseizure and antinociceptive effects observed in animal models.[L7066]  

By binding presynaptically to the alpha2-delta subunit of voltage-gated calcium channels in the central nervous syste"
561,iopromide,"Iopromide is a low osmolar, non-ionic X-ray contrast agent for intravascular administration. It functions as a contrast agent by opacifying blood vessels in the flow path of the contrast agent, permitting radiographic visualization of the internal structures until significant hemodilution occurs.[A225366] Although iopromide can cause several serious adverse effects, including cardiac events, thromboembolism, hypersensitivity reaction, and even death if administered intrathecally inadvertently, it is still deemed to have a favorable safety profile, with only 0.7% of patients in a 2 years study experiencing adverse events.[A260751] Although the mechanism is unclear, women and outpatients tend to have a higher incidence of adverse events compared to other population groups.[A260751]

Approv Iopromide is a nonionic iodinated, water-soluble, radiographic contrast medium that is available in two stable, ready-to-use solutions of different concentrations (i.e., 300 mg I/mL and 370 mg I/mL). Following intravascular injection, iopromide provides radiographic opacification of the vasculature and extracellular space in the path of flow of the agent, allowing diagnostic assessment of the limb"
562,iohexol,"Iohexol is an effective non-ionic, water-soluble contrast agent which is used in myelography, arthrography, nephroangiography, arteriography, and other radiographic procedures. Its low systemic toxicity is the combined result of low chemotoxicity and low osmolality. Organic iodine compounds block x-rays as they pass through the body, thereby allowing body structures containing iodine to be delineated in contrast to those structures that do not contain iodine. The degree of opacity produced by these compounds is directly proportional to the total amount (concentration and volume) of the iodinated contrast agent in the path of the x-rays. After intrathecal admi"
563,amantadine,"An antiviral that is used in the prophylactic or symptomatic treatment of influenza A. It is also used as an antiparkinsonian agent, to treat extrapyramidal reactions, and for postherpetic neuralgia. The mechanisms of its effects in movement disorders are not well understood but probably reflect an increase in synthesis and release of dopamine, with perhaps some inhibition of dopamine uptake. The mechanism of its antiparkinsonic effect is not fully understood, but it appears to be releasing dopamine from the nerve endings of the brain cells, together with stimulation of norepinephrine response. It also has NMDA receptor antagonistic effects. The antiviral mechanism seems to be unrelated. The drug interferes with a viral protein, M2 (an ion channel), which is needed for the viral partic"
564,romiplostim,"Romiplostim is a thrombopoiesis stimulating dimer Fc-peptide fusion protein (peptibody) to increase platelet production through activation of the thrombopoietin receptor. The peptibody molecule has two identical single-chain subunits, each one is made up of 269 amino acid residues. Each subunit consists of an IgG1 Fc carrier domain that is covalently attached to a polypeptide sequence that contains two binding domains to interact with thrombopoietin receptor c-Mpl. Each domain consists of 14 amino acids. Interestingly, romiplostim's amino acid sequence is not similar to that of endogenous thrombopoietin. Romiplostim is produced by recombinant DNA technology in Escherichia coli. FDA approved on August 22, 2008. Romiplostim is a thrombopoietin receptor agonist that activates intracellular transcriptional pathways via c-Mpl to increase production of platelets. It also works similarly to thrombopoietin (TPO), an endogenous glycoprotein hormone that regulates the production of platelets in the bone marrow."
565,vismodegib,"Vismodegib is an orally active small molecule that inhibits the hedgehog signaling pathway by binding to and inhibiting the transmembrane protein smoothened homologue (SMO).[A258613,A258618,L45803] It was discovered by high-throughput screening of a library of small-molecule compounds and subsequent optimization through medicinal chemistry.[A7369] Since it targets the hedgehog signaling pathway, vismodegib has anti-tumor activity in basal-cell carcinoma. The Hedgehog signaling pathway plays an important role in the development of organs and tissues during embryogenesis. Afterwards, it is silenced in all cells and tissues, except for hair, skin and stem cells. However, dysregulated or aberrant Hedgehog signaling has been associated with basal cell carcinoma pathogenesis.[A258608,L45803] In  During embryogenesis, the Hedgehog signaling pathway plays an important role in cell growth, differentiation apoptosis and self-renewal. After this developmental stage, the Hedgehog signaling pathway is silenced in all cells and tissues, except for hair, skin and stem cells. Mutations on elements of the Hedgehog signaling pathway may result in uncontrolled proliferation of basal skin cells, and dy"
566,fluorescein,"A phthalic indicator dye that appears yellow-green in normal tear film and bright green in a more alkaline medium, such as the aqueous humor, and is used therapeutically as a diagnostic aid in corneal injuries and corneal trauma. It has been approved by FDA for use in externally applied drugs and cosmetics. (From Merck Index, 12th ed; American Medical Association Drug Evaluations; 1995, p2275) Fluorescein sodium is used extensively as a diagnostic tool in the field of ophthalmology. Fluorescein is a fluorescent compound or fluorophore having a maximum absorbance of 494 m and an emission maximum of 521 nm. The yellowish-green fluorescence of the compound  can be used to demarcate the vascular area under observation, distinguishing it from adjacent areas. It is applied topically in the fo"
567,valaciclovir,"Valaciclovir (valacyclovir), also known as _Valtrex_, is an antiviral drug that has been used to manage and treat various herpes infections for more than 2 decades.  It was initially approved by the FDA in 1995 [FDA label] and marketed by GlaxoSmithKline [L5671]. Valacyclovir is the L-valine ester of aciclovir. It is a member of the purine (guanine) nucleoside analog drug class [F3949].  This class of drugs forms an important part of hepatitis, HIV, and cytomegalovirus drug regimens [A175900].

One major use of valacyclovir is the treatment of genital herpes episodes or outbreaks. Genital herpes is a frequently diagnosed sexually transmitted disease which currently affects more than 400 million individuals worldwide. It is caused by infection with the herpes simplex virus (HSV). Infectio Valacyclovir is the L-valine ester of aciclovir. It is classified as a nucleoside analog DNA polymerase enzyme inhibitor. Aciclovir is a purine (guanine) nucleoside analog is a metabolite that heavily contributes to the pharmacological actions of valacyclovir. In fact, most of valacyclovir's activity is attributed to  acyclovir [A175885].

Valacyclovir is rapidly and almost completely converted "
568,tolterodine,"Tolterodine is an antimuscarinic drug that is used to treat urinary incontinence. Tolterodine acts on M2 and M3 subtypes of muscarinic receptors. Both tolterodine and its active metabolite, 5-hydroxymethyltolterodine, act as competitive antagonists at muscarinic receptors. This antagonism results in inhibition of bladder contraction, decrease in detrusor pressure, and an incomplete emptying of the bladder."
569,trovafloxacin,"Trovafloxacin is a broad spectrum antibiotic that has been commonly marketed under the brand name Trovan by Pfizer. It exerts its antibacterial activity by inhibiting the uncoiling of supercoiled DNA in various bacteria by blocking the activity of DNA gyrase and topoisomerase IV. It was shown to be more effective against Gram-positive bacteria than Gram-negative bacteria when compared to previous fluoroquinolones. Due to its hepatotoxic potential, trovafloxacin was withdrawn from the market. Trovafloxacin is a fluoronaphthyridone related to the fluoroquinolones with in vitro activity against a wide range of gram-negative and gram-positive aerobic and anaerobic microorganisms. The bactericidal action of trovafloxacin results from inhibition of DNA gyrase and topoisomerase IV. DNA gyrase is an essential enzyme that is involved in the replication, transcription, and repair of bacterial D"
570,olanzapine,"Olanzapine is a thienobenzodiazepine classified as an atypical or second-generation antipsychotic agent.[A176996] The second-generation antipsychotics were introduced in the 90s and quickly gained traction due to their impressive efficacy, reduced risk for extrapyramidal side effects and reduced susceptibility to drug-drug interactions.[A177011] Olanzapine very closely resembles [clozapine] and only differs by two additional methyl groups and the absence of a chloride moiety.[T554] It was discovered by scientists at Eli Lilly and approved to be marketed in the US in 1996.[T548] The activity of olanzapine is achieved by the antagonism of multiple neuronal receptors including the dopamine receptor D1, D2, D3 and D4 in the brain, the serotonin receptors 5HT2A, 5HT2C, 5HT3 and 5HT6, the alpha-1 adrenergic receptor, the histamine receptor H1 and multiple muscarinic receptors.[A176993, A176999]

As abovementioned, olanzapine presents a wide profile of targets, however, its a"
571,ofloxacin,"A synthetic fluoroquinolone (fluoroquinolones) antibacterial agent that inhibits the supercoiling activity of bacterial DNA gyrase, halting DNA replication. Ofloxacin acts on DNA gyrase and toposiomerase IV, enzymes which, like human topoisomerase, prevents the excessive supercoiling of DNA during replication or transcription. By inhibiting their function, the drug thereby inhibits normal cell division."
572,aliskiren,"Aliskiren is the first drug in the renin inhibitor drug class and is used for the treatment of hypertension.[A203624] It was developed by Speedel and Novartis and initially approved by the FDA in early 2007.[L14018] Aliskiren has been proven to efficacious in reducing blood pressure when used alone or in conjunction with other antihypertensive agents.[A203624] Aliskiren is a renin inhibitor.[L13994] Renin is secreted by the kidneys when blood volume and renal perfusion decrease. It normally cleaves the protein angiotensinogen to form angiotensin I. Angiotensin I is then converted to angiotensin II, an active protein. Angiotensin II is a potent vasoconstrictor that causes the release of catecholamines into the circulation.  It also promotes the secretion"
573,clopidogrel,"Clopidogrel is a prodrug of a platelet inhibitor used to reduce the risk of myocardial infarction and stroke.[A180508,L7213] Clopidogrel is indicated to reduce the risk of myocardial infarction for patients with non-ST elevated acute coronary syndrome (ACS), patients with ST-elevated myocardial infarction, and in recent MI, stroke, or established peripheral arterial disease,[L7213]

It has been shown to be superior to [aspirin] in reducing cardiovascular outcomes in patients with cardiovascular disease and provides additional benefit to patients with acute coronary syndromes already taking aspirin.[A180547]

Clopidogrel was granted FDA approval on 17 November 1997.[L7213] Clopidogrel is activated via a 2 steps reaction to an active thiol-containing metabolite.[A180508] This active form is a platelet inhibitor that irreversibly binds to P2Y<sub>12</sub> ADP receptors on platelets.[L7213] This binding prevents ADP binding to P2Y<sub>12</sub> receptors, activation of the glycoprotein GPIIb/IIIa complex, and platelet aggregation.[L7213]"
574,haloperidol,"Haloperidol is a high potency first-generation (typical) antipsychotic and one of the most frequently used antipsychotic medications used worldwide.[A180616] While haloperidol has demonstrated pharmacologic activity at a number of receptors in the brain,[A27477] it exerts its antipsychotic effect through its strong antagonism of the dopamine receptor (mainly D2), particularly within the mesolimbic and mesocortical systems of the brain. Haloperidol is indicated for the treatment of the manifestations of several psychotic disorders including schizophrenia, acute psychosis, Tourette syndrome, and other severe behavioural states.[F4645] It is also used off-label for the management of chorea associated with Huntington's disease and for the treatment of intractable hiccups as it is a potent anti While haloperidol has demonstrated pharmacologic activity at a number of receptors in the brain, it exerts its antipsychotic effect through its strong antagonism of the dopamine receptor (mainly D2), particularly within the mesolimbic and mesocortical systems of the brain. Schizophrenia is theorized to be caused by a hyperdopaminergic state within the limbic system of the brain.[A34360] Dopamine-a"
575,tramadol,"Tramadol is a centrally acting synthetic opioid analgesic and SNRI (serotonin/norepinephrine reuptake-inhibitor) that is structurally related to [codeine] and [morphine]. Due to its good tolerability profile and multimodal mechanism of action, tramadol is generally considered a lower-risk opioid option for the treatment of moderate to severe pain. It is considered a Step 2 option on the World Health Organization's pain ladder and has about 1/10th of the potency of [morphine]. 

Tramadol differs from other traditional opioid medications in that it doesn't just act as a μ-opioid agonist, but also affects monoamines by modulating the effects of neurotransmitters involved in the modulation of pain such as serotonin and norepinpehrine which activate descending pain inhibitory pathways.[A18227 Tramadol is a centrally acting μ-opioid receptor agonist and SNRI (serotonin/norepinephrine reuptake-inhibitor) that is structurally related to [codeine] and [morphine]. Tramadol binds weakly to κ- and δ-opioid receptors and to the μ-opioid receptor with 6000-fold less affinity than morphine.[A182300]

Tramadol exists as a racemic mixture consisting of two pharmacologically active enantiomers th"
576,metyrapone,An inhibitor of the enzyme steroid 11-beta-monooxygenase. It is used as a test of the feedback hypothalamic-pituitary mechanism in the diagnosis of cushing syndrome. The pharmacological effect of Metopirone is to reduce cortisol and corticosterone production by inhibiting the 11-&szlig;-hydroxylation reaction in the adrenal cortex. Removal of the strong inhibitory feedback mechanism exerted by cortisol results in an increase in adrenocorticotropic hormone (ACTH) production by the pituitary. With continued blockade of the enzymatic steps leading to production o
577,secretin,"Human secretin is a gastrointestinal peptide hormone that regulates secretions in the stomach, pancreas, and liver. The hormone is produced from the enterochromaffin cells in the duodenum in response to the duodenal content with the pH less than 4.5 [L1875]. The main action of secretin is to stimulate the pancreas to secrete pancreatic juice for pH regulation in the small intestines. Secretin is also responsible in body fluid homeostasis [A32276] and bile production. Although it is a gastrointestinal hormone, secretin is also considered as a neuropeptide hormone since it is also expressed in the central nervous system [A32275].

Purified synthetic human secretin, also referred to as RG1068, is available as an intravenous injection under the market name ChiRhoStim ® in the U.S.. It contai Synthetic human secretin mediates the same biological effects as the naturally-occurring gastrointestinal peptide hormone. Secretin is normally released from enterochromaffin cells and S cells in the intestinal mucosa of duodenum upon exposure of proximal intestinal lumen to the acidic gastric content, or fatty acids and amino acids [FDA Label]. Secretin mediates an inhibitory effect on acid secre"
578,pinaverium,"Pinaverium is a spasmolytic agent used for functional gastrointestinal disorders. It is a quaternary ammonium compound that acts as an atypical calcium antagonist to restore normal bowel function. It is shown to relieve GI spasm and pain, transit disturbances and other symptoms related to motility disorders [A19697] and may be considered as effective first-lline therapy for patients with irritable bowel syndrome (IBS) [A19702]. Pinaverium bromide is the common ingredient in formulations, mostly as oral tablets. Although it is not a currently approved drug by the FDA, pinaverium is available in over 60 countries including Canada. Pinaverium interacts with the 1,4-dihydropyridine binding sites on voltage dependent L-type calcium channels located on GI smooth muscle cells in a competitve manner [A19698]. The binding site is located in the alpha 1S subunit and pinaverium most likely antagonizes the action of calcium ions by stabilizing a non-conducting channel state [A19705]. Pinaverium inhibits smooth muscle contractions of "
579,streptozocin,"An antibiotic that is produced by Stretomyces achromogenes. It is used as an antineoplastic agent and to induce diabetes in experimental animals. Although its mechanism of action is not completely clear, streptozocin is known to inhibit DNA synthesis, interfere with biochemical reactions of NAD and NADH, and inhibit some enzymes involved in gluconeogenesis. Its activity appears to occur as a result of formation of methylcarbonium ions, which alkylate or bind with many intracellular molecular structures including nucleic acids. Its cytotoxic"
580,mesna,"Coenzyme M (commonly known by its salt form, Mesna) is a synthetic sulfhydryl (thiol) compound and is used for prophylaxis of Ifosfamide and cyclophosphamide induced hemorrhagic cystitis.[A18572] A metabolite called acrolein is produced when ifosfamide and cyclophosphamide are metabolized. This metabolite concentrates in the bladder and causes cell death via upregulation of reactive oxygen species (ROS), and activates inducible nitric oxide synthase (iNOS) which leads to production of nitric oxide (NO). Both ROS and NO produce products which are detrimental to lipids, proteins and DNA stra"
581,tropisetron,"Tropisetron is an indole derivative with antiemetic activity. As a selective serotonin receptor antagonist, tropisetron competitively blocks the action of serotonin at 5HT3 receptors, resulting in suppression of chemotherapy- and radiotherapy-induced nausea and vomiting.

Tropisetron appears to be well tolerated with the most frequently reported adverse effect being headache. Extrapyramidal side effects are rare upon using tropisetron. Tropisetron competitively binds to and blocks the action of serotonin at 5HT3 receptors peripherally on vagus nerve terminals located in the gastrointestinal (GI) tract as well as centrally in the chemoreceptor trigger zone (CTZ) of the area postrema of the central nervous system (CNS). This results in the suppression of chemotherapy- and radiotherapy-induced nausea and vomiting."
582,ramipril,"Ramipril is a prodrug belonging to the angiotensin-converting enzyme (ACE) inhibitor class of medications. It is metabolized to ramiprilat in the liver and, to a lesser extent, kidneys. Ramiprilat is a potent, competitive inhibitor of ACE, the enzyme responsible for the conversion of angiotensin I (ATI) to angiotensin II (ATII). ATII regulates blood pressure and is a key component of the renin-angiotensin-aldosterone system (RAAS). Ramipril may be used in the treatment of hypertension, congestive heart failure, nephropathy, and to reduce the rate of death, myocardial infarction and stroke in individuals at high risk of cardiovascular events. Ramipril inhibits the RAAS system by binding to and inhibiting ACE thereby preventing the conversion of angiotensin I to angiotensin II. [T116] As plasma levels of angiotensin II fall, less activation of the G-protein coupled receptors angiotensin receptor I (AT<sub>1</sub>R) and angiotensin receptor II (AT<sub>2</sub>R) occurs. 

AT<sub>1</sub>R mediates vasoconstriction, inflammation, fibrosis"
583,benazepril,"Benazepril, brand name Lotensin, is a medication used to treat high blood pressure (hypertension), congestive heart failure, and chronic renal failure[A838,A837]. Upon cleavage of its ester group by the liver, benazepril is converted into its active form benazeprilat, a non-sulfhydryl angiotensin-converting enzyme (ACE) inhibitor[A836]. Benazeprilat, the active metabolite of Benazepril, competes with angiotensin I for binding at the angiotensin-converting enzyme, blocking the conversion of angiotensin I to angiotensin II[FDA Label]. Inhibition of ACE results in decreased plasma angiotensin II[FDA Label]. As angiotensin II is a vasoconstrictor and a negative-feedback mediator for renin activity, lower concentrations result in a de"
584,fluoxetine,"Fluoxetine is a 2nd generation antidepressant categorized as a selective serotonin reuptake inhibitor (SSRI).[A181673] It gained FDA approval in 1987 and although it was initially intended for the treatment of depression, today it is commonly prescribed to manage depression in addition to various other pathologies.[L7721] The monoaminergic hypothesis of depression emerged in 1965 and linked depression with dysfunction of neurotransmitters such as noradrenaline and serotonin.[L7721] Indeed, low levels of serotonin have been observed in the cerebrospinal fluid of patients diagnosed with depression.[A181793] As a result of this hypothesis, drugs that modulate levels of serotonin such as fluoxetine were developed.[L772"
585,fluorouracil,"A pyrimidine analog that is an antineoplastic antimetabolite. It interferes with DNA synthesis by blocking the thymidylate synthetase conversion of deoxyuridylic acid to thymidylic acid. The precise mechanism of action has not been fully determined, but the main mechanism of fluorouracil is thought to be the binding of the deoxyribonucleotide of the drug (FdUMP) and the folate cofactor, N5–10-methylenetetrahydrofolate, to thymidylate synthase (TS) to form a covalently bound ternary complex. This results in the inhibition of the formation of thymidylate from uracil, which leads to "
586,flunitrazepam,"Flunitrazepam is a benzodiazepine with pharmacologic actions similar to those of diazepam that can cause anterograde amnesia. Some reports indicate that it is used as a date rape drug and suggest that it may precipitate violent behavior. The United States Government has banned the importation of this drug. Benzodiazepines bind nonspecifically to benzodiazepine receptors BNZ1, which mediates sleep, and BNZ2, which affects affects muscle relaxation, anticonvulsant activity, motor coordination, and memory. As benzodiazepine receptors are thought to be coupled to gamma-aminobutyric acid-A (GABAA) receptors, this enhances the effects of GABA by increasing GABA affinity for the GABA receptor. Binding of t"
587,mitoxantrone,"An anthracenedione-derived antineoplastic agent. Mitoxantrone, a DNA-reactive agent that intercalates into deoxyribonucleic acid (DNA) through hydrogen bonding, causes crosslinks and strand breaks. Mitoxantrone also interferes with ribonucleic acid (RNA) and is a potent inhibitor of topoisomerase II, an enzyme responsible for uncoiling and repairing damaged DNA. It has a cytocidal effect on both proliferating and nonproliferating cultured human "
588,bupropion,"Bupropion (also known as the brand name product Wellbutrin®) is a norepinephrine/dopamine-reuptake inhibitor (NDRI) used most commonly for the management of Major Depressive Disorder (MDD), Seasonal Affective Disorder (SAD), and as an aid for smoking cessation. Bupropion exerts its pharmacological effects by weakly inhibiting the enzymes involved in the uptake of the neurotransmitters norepinephrine and dopamine from the synaptic cleft, therefore prolonging their duration of action within the neuronal synapse and the downstream effects of these neurotransmitters. More specifically, bupropion binds to the norepinephrine transporter (NET) and the dopamine transporter (DAT).[A6399,A178810]

Bupropion was originally classified as an ""atypical"" antidepressant because it does not exert the sam Bupropion is a norepinephrine/dopamine-reuptake inhibitor (NDRI) that exerts its pharmacological effects by weakly inhibiting the enzymes involved in the uptake of the neurotransmitters norepinephrine and dopamine from the synaptic cleft, therefore prolonging their duration of action within the neuronal synapse and the downstream effects of these neurotransmitters. More specifically, bupropion bin"
589,oxytocin,"Sir Henry H. Dale first identified oxytocin and its uterine contractile properties in 1906.[A229008,A228593,A229108] Like all other neurohypophysial hormones, oxytocin is composed of nine amino acids with a disulfide bridge between the Cys 1 and 6 residues.[A229008,A228593] In the mid-1950s, synthetic oxytocin was successfully synthesized by a biochemist named Vincent du Vigneaud; he was later recognized with a Nobel prize for his work.[A229108] Oxytocin continues to be an important tool in modern obstetrics to induce labor when indicated and to manage postpartum hemorrhage.[A229108,A229113] It is estimated that labor induction with oxytocin is used in almost 10% of deliveries globally.[A228593] 

It should be noted that there are risks associated with oxytocin intervention during childb Oxytocin plays a vital role in labour and delivery.[A228928] The hormone is produced in the hypothalamus and is secreted from the paraventricular nucleus to the posterior pituitary where it is stored.[A228928,A228958] It is then released in pulses during childbirth to induce uterine contractions.[A228928]

The concentration of oxytocin receptors on the myometrium increases significantly during p"
590,phentolamine,"Phentolamine is a reversible, non-selective alpha-adrenergic blocker that induces vasodilation. While initially introduced to the market for the treatment of hypertension, this clinical use was halted due to cardiovascular and gastrointestinal adverse effects with the prolonged use of large oral doses of phentolamine.[A261781, A261786] It has several therapeutic uses, including the treatment of hypertensive episodes, prevention of norepinephrine-induced extravasation, diagnosis of pheochromocytoma, reversal of soft-tissue anesthesia, and treatment of pharmacologically-induced mydriasis.[L48420, L48415, L48390] Phentolamine is administered intravenously, intramuscularly, submucosally, and topically. Phentolamine is a reversible, competitive antagonist at alpha-1 and alpha-2 adrenergic receptors.[A261766, L48390] It causes vasodilation of vascular smooth muscles.[L48415] Pupil dilation is primarily controlled by the radial iris dilator muscles surrounding the pupil, which are activated by the alpha-1 adrenergic receptors. Phentolamine reversibly binds to these receptors and reduces pupil diame"
591,tofacitinib,"Tofacitinib is an inhibitor of Janus kinases, a group of intracellular enzymes involved in signalling pathways that affect hematopoiesis and immune cell function. It is approved by the FDA for treatment of moderate to severe rheumatoid arthritis that responds inadequately to methotrexate or in those who are intolerant to methotrexate. 
Besides rheumatoid arthritis, tofacitinib has also been studied in clinical trials for the prevention of organ transplant rejection, and is currently under investigation for the treatment of psoriasis. Known adverse effects include nausea and headache as well as more serious immunologic and hematological adverse effects. Tofacitinib is marketed under the brand name Xeljanz by Pfizer. Rheumatoid arthritis is an autoimmune disease characterized by a dysregulation of pro-inflammatory cytokines including IL7, IL15, IL21, IL6, IFN-alpha, and IFN-beta. (3) Cytokines signalling results in tissue inflammation and joint damage by stimulating the recruitment and activation of immune cells via the janus kinase signalling pathway.

Tofacitinib is a partial and reversible janus kinase (J"
592,selegiline,"A selective, irreversible inhibitor of Type B monoamine oxidase. It is used in newly diagnosed patients with Parkinson's disease. It may slow progression of the clinical disease and delay the requirement for levodopa therapy. It also may be given with levodopa upon onset of disability. (From AMA Drug Evaluations Annual, 1994, p385) The compound without isomeric designation is Deprenyl. Although the mechanisms for selegiline's beneficial action in the treatment of Parkinson's disease are not fully understood, the selective, irreversible inhibition of monoamine oxidase type B (MAO-B) is thought to be of primary importance. MAO-B is involved in the oxidative deamination of dopamine in the brain. Selegiline binds to MAO-B within the nigrostriatal pathways in the central nervous syst"
593,ponatinib,"Ponatinib is a novel Bcr-Abl tyrosine kinase inhibitor that is especially effective against the T315I mutation for the treatment of chronic myeloid leukemia. FDA approved on December 14, 2012. Ponatinib is a multi-target kinase inhibitor. Its primary cellular target is the Bcr-Abl tyrosine kinase protein which is constitutively active and promotes the progression of CML. This protein arises from the fused Bcr and Abl gene- what is commonly known as the Philadelphia chromosome. Ponatinib is unique in that it is especially useful in the treatment of resistant CML because it inhibits the t"
594,darunavir,"Darunavir is a protease inhibitor used with other HIV protease inhibitor drugs as well as [ritonavir] for the effective management of HIV-1 infection.[L9227] As a second-generation protease inhibitor, darunavir is designed to combat resistance to standard HIV therapy.[A2278,A2281] It was initially approved by the FDA in 2006.[L9227]

Darunavir is being studied as a possible treatment for SARS-CoV-2, the coronavirus responsible for COVID-19, due to in vitro evidence supporting its ability to combat this infection.[A191682] Clinical trials are underway and are expected to conclude in August 2020.[L12066] The HIV-1 protease enzyme is necessary for viral precursor protein processing and viral maturation in preparation for infection, and is therefore a target for antiretroviral therapy for HIV.  Protease inhibitors are used as a part of highly active antiretroviral therapy (HAART) in patients diagnosed with HIV infection. It has been shown to effectively suppress the virus, leading to significantly d"
595,triamcinolone,"Triamcinolone is a corticosteroid used to treat various inflammatory conditions in the body from allergic rhinitis to acute exacerbations of multiple sclerosis.[L8255] Triamcinolone can be used as a one time adjunct treatment of osteoarthritic knee pain,[L8264] or first line as a topical treatment of corticosteroid responsive dermatoses.[L8249] Triamcinolone is more commonly seen in the forms triamcinolone hexacetonide, triamcinolone acetonide, and triamcinolone diacetate.[L8246,L8249,L8252,L8255,L8258,L8261,L8264]

Triamcinolone was granted FDA approval on 3 December 1957.[L8243] In October 2021, a suspension of triamcinolone acetonide was approved for suprachoroidal injection - the first suprachoroidal injection to receive FDA approval[L38973] - for the treatment of patients with macul Corticosteroids like triamcinolone inhibit phospholipase A2 on cell membranes, preventing the breakdown of lysosomal membranes of leukocytes, which in turn prevent the formation of arachidonic acid, which decrease expression of cyclooxygenase and lipoxygenase, inhibiting synthesis of prostaglandins and leukotrienes.[A184463] Anti-inflammatory activity occurs via reversal of vascular dilation and r"
596,zidovudine,"A dideoxynucleoside compound in which the 3&#39;-hydroxy group on the sugar moiety has been replaced by an azido group. This modification prevents the formation of phosphodiester linkages which are needed for the completion of nucleic acid chains. The compound is a potent inhibitor of HIV replication, acting as a chain-terminator of viral DNA during reverse transcription. It improves immunologic function, partially reverses the HIV-induced neurological dysfunction, and improves certain other clinical abnormalities associated with AIDS. Its principal toxic effect is dose-dependent suppression of bone marrow, resulting in anemia and leukopenia. [PubChem] Zidovudine, a structural analog of thymidine, is a prodrug that must be phosphorylated to its active 5′-triphosphate metabolite, zidovudine triphosphate (ZDV-TP). It inhibits the activity of HIV-1 reverse transcriptase (RT) via DNA chain termination after incorporation of the nucleotide analogue. It competes with the natural substrate dGTP and incorporates itself into viral DNA. It is also a weak "
597,fingolimod,"Multiple sclerosis, or MS, is a devastating inflammatory disease that often progresses and causes severe neurological, physical, and cognitive effects.[A176474] Fingolimod is a sphingosine 1-phosphate receptor modulator for the treatment of relapsing-remitting multiple sclerosis. It was developed by Novartis and initially approved by the FDA in 2010.[L12651] Fingolimod was also studied for the treatment of COVID-19, the disease caused by infection with the SARS-CoV-2 virus.[L12654,L12657] Sphingosine‐1‐phosphate (S1P) is an important phospholipid that binds to various G‐protein‐coupled receptor subtypes, which can be identified as S1P1–5R. S1P and the receptors it binds to perform regular functions in the immune, cardiovascular, pulmonary, and nervous systems.[A189321,A192744] S1P can be expressed ubiquitously, playing an important role in regulating inflammation.  S1P1R, S1P2R, an"
598,mipomersen,"Mipomersen sodium, which was known as the investigational drug, isis-301012, is the salt form of a synthetic phosphorothioate oligonucleotide. Mipomersen sodium prevents the formation of apo B-100, resulting in a decrease in the levels of apolipoprotein B (apo B), low density lipoprotein (LDL), and total cholesterol. Mipomersen is indicated in patients with homozygous familial hypercholesterolemia as an adjunct to diet and other lipid-lowering medications. It is marketed under the brand name Kynamro in the United States, and the FDA label includes a black box warning of hepatoxicity. Specifically, elevations in the liver enzymes, i.e. transaminases, and in liver fat (hepatic steatosis) have been reported. Due to this serious risk of liver toxicity, mipomersen sodium is only available to pa Mipomersen binds to the mRNA that codes for apoB-100. This binding leads to double-stranded RNA, which is degraded by RNase H and prevents translation of the mRNA to form the apo B-100 protein."
599,leflunomide,"Leflunomide is a pyrimidine synthesis inhibitor belonging to the DMARD (disease-modifying antirheumatic drug) class of drugs, which are chemically and pharmacologically very heterogeneous. Leflunomide was approved by FDA and in many other countries (e.g., Canada, Europe) in 1999. Leflunomide is a prodrug that is rapidly and almost completely metabolized following oral administration to its pharmacologically active metabolite, A77 1726. This metabolite is responsible for essentially all of the drug's activity in-vivo. The mechanism of action of leflunomide has not been fully determined, but appears to primarily involve regulation of autoimmune lymphocytes. It has been sugge"
600,riociguat,"Riociguat is a soluble guanylate cyclase (sGC) agonist approved in the USA, Europe and several other regions for patients with group I PAH (pulmonary arterial hypertension) in WHO FC II or III; and for the treatment of patients with inoperable CTEPH (chronic thromboembolic pulmonary hypertension), or persistent/recurrent PH (pulmonary hypertension) after pulmonary endarterectomy in WHO FC II or III. Riociguat is marketed under the brand Adempas® by Bayer HealthCare Pharmaceuticals. Treatment with riociguat costs USD $7,500 for 30 days of treatment. Riociguat is a stimulator of soluble guanylate cyclase (sGC), an enzyme in the cardiopulmonary system and the receptor for nitric oxide (NO). When NO binds to sGC, the enzyme catalyzes synthesis of the signaling molecule cyclic guanosine monophosphate (cGMP). Intracellular cGMP plays an important role in regulating processes that influence vascular tone, proliferation, fibrosis and inflammation. P"
601,varenicline,"Varenicline is a prescription medication used to treat smoking addiction. This medication is the first approved nicotinic receptor partial agonist. Specifically, varenicline is a partial agonist of the alpha4/beta2 subtype of the nicotinic acetylcholine receptor. In addition it acts on alpha3/beta4 and weakly on alpha3beta2 and alpha6-containing receptors. A full agonism was displayed on alpha7-receptors.

On March 9, 2015, the U.S. Food and Drug Administration warned that Varenicline, in the form of Pfizer Inc's quit-smoking drug, Chantix, has been associated with seizures and that some patients who drink while taking the drug may become aggressive or black out. Pfizer is conducting an additional safety study of the drug, results of which are  expected in late 2015. The FDA said it is k Varenicline is an alpha-4 beta-2 neuronal nicotinic acetylcholine receptor partial agonist. The drug shows high selectivity for this receptor subclass, relative to other nicotinic receptors (>500-fold alpha-3 beta-4, >3500-fold alpha-7, >20,000-fold alpha-1 beta gamma delta) or non-nicotinic receptors and transporters (>2000-fold). The drug competitively inhibits the ability of nicotine to bind to"
602,hydromorphone,"Hydromorphone is a pure opioid,[A176468] a semi-synthetic hydrogenated ketone derivative of [morphine] that has been available clinically since 1920. Structurally, hydromorphone derived from [morphine] in the modification of the hydroxyl group in the carbon 6 to a carbonyl and the absence of a double bond between the carbon 7 and 8. Due to these modifications, it presents a very high potency and comparable side effect profile to the parent compound.[A176471] Even though hydromorphone does not present a 6-hydroxyl group, it is categorized under the family of phenanthrenes and it is considered a chemical under the schedule II (medical purposes with high addiction potential).[A176495]

The first reported approved product containing hydromorphone in the form of hydromorphone hydrochloride wa Hydromorphone is an opioid agonist that can bind to different types of opioid receptors. Its analgesic effect is suggested to be related to the effect on the mu-opioid receptors. It has been reported to also have a minor affinity for the delta and kappa receptor.[A176495, A176504] On the other hand, it is known to act at the level of the medulla which allows it to depress the respiratory drive and"
603,ibrutinib,"Ibrutinib is a small molecule that acts as an irreversible potent inhibitor of Burton's tyrosine kinase. It is designated as a targeted covalent drug and presented as a promising activity in B-cell malignancies in clinical trials.[A32299] Ibrutinib was developed by Pharmacyclics Inc and was first approved by the FDA in November 2013 for the treatment of mantle cell lymphoma (MCL) under accelerated approval;[L12228] however, in April 2023, the drug manufacturer withdrew the accelerated approvals for ibrutinib in the US.[L45894]

Ibrutinib was approved by the EMA in October 2014 [L45884] and by Health Canada in November 2014.[L45889] It is currently approved for the treatment of various conditions, such as chronic lymphocytic leukemia (CLL), Waldenström's Macroglobulinemia, and chronic gra Ibrutinib is an inhibitor of Bruton’s tyrosine kinase (BTK). It forms a covalent bond with a cysteine residue in the active site of BTK (Cys481), leading to its inhibition. The inhibition of BTK plays a role in the B-cell receptor signaling and thus, the presence of ibrutinib prevents the phosphorylation of downstream substrates such as PLC-γ.[A32306]"
604,paclitaxel,"Paclitaxel is a chemotherapeutic agent marketed under the brand name Taxol among others. Used as a treatment for various cancers, paclitaxel is a mitotic inhibitor that was first isolated in 1971 from the bark of the Pacific yew tree which contains endophytic fungi that synthesize paclitaxel. It is available as an intravenous solution for injection and the newer formulation contains albumin-bound paclitaxel marketed under the brand name Abraxane. Paclitaxel interferes with the normal function of microtubule growth. Whereas drugs like colchicine cause the depolymerization of microtubules in vivo, paclitaxel arrests their function by having the opposite effect; it hyper-stabilizes their structure. This destroys the cell's ability to use its cytoskeleton in a flexible manner. Specifically, paclitaxel binds to the &beta; subunit of tubulin. Tu"
605,mesalazine,"An anti-inflammatory agent, structurally related to the salicylates and non-steroidal anti-inflammatory drugs like acetylsalicylic acid, which is active in inflammatory bowel disease [A174022]. Although demonstrably effective in treating and maintaining remission for ulcerative colitis, mesalazine has historically faced a number of issues regarding its lack of stability as a pharmaceutical agent [A174019]. Throughout the late seventies and the eighties, important research initiatives developed stable mesalazine formulations like the eudragit-S coating of Asacol brand mesalazine and the Pentasa brand's encapsulation of mesalazine within microgranules [A174019]. In the present day, contemporary research regarding novel methods to stabilize mesalazine continues and interest in the agent's cap Although the mechanism of action of mesalazine is not fully understood, it is believed to possess a topical anti-inflammatory effect on colonic epithelial cells.[L36230] Mucosal production of arachidonic acid metabolites, both through the cyclooxygenase pathways, i.e., prostanoids, and through the lipoxygenase pathways, i.e., leukotrienes and hydroxyeicosatetraenoic acids, is increased in patients"
606,loxapine,"An antipsychotic agent used in schizophrenia. [PubChem] Loxapine is a dopamine antagonist, and also a serotonin 5-HT2 blocker. The exact mode of action of Loxapine has not been established, however changes in the level of excitability of subcortical inhibitory areas have been observed in several animal species in association with such manifestations of tranquilization as calming effects and suppression of aggressive behavior."
607,losartan,"Losartan is an angiotensin II receptor blocker (ARB) used to treat hypertension.[L7423] Angiotensin-converting enzyme (ACE) inhibitors are used for a similar indication but are associated with a cough.[L7423] When patients with ACE inhibitor associated coughs are switched to ARBs like losartan, they have an incidence of cough similar to placebo or [hydrochlorothiazide].[L7423] Losartan is available as losartan potassium oral tablets as well as a combination tablet of losartan potassium and hydrochlorothiazide.[L7423,L7426] Patients taking losartan should have their renal function and potassium levels monitored.[L7423] Losartan was granted FDA approval on 14 April 1995.[L7423] Losartan reversibly and competitively prevents angiotensin II binding to the AT<sub>1</sub> receptor in tissues like vascular smooth muscle and the adrenal gland.[L7423,L7426] Losartan and its active metabolite bind the AT<sub>1</sub> receptor with 1000 times more affinity than they bind to the AT<sub>2</sub> receptor.[L7423,L7426] The active metabolite of losartan is 10-40 times more potent by we"
608,tirofiban,"Tirofiban prevents the blood from clotting during episodes of chest pain or a heart attack, or while the patient is undergoing a procedure to treat a blocked coronary artery. It is a non-peptide reversible antagonist of the platelet glycoprotein (GP) IIb/IIIa receptor, and inhibits platelet aggregation. Tirofiban is a reversible antagonist of fibrinogen binding to the GP IIb/IIIa receptor, the major platelet surface receptor involved in platelet aggregation. Platelet aggregation inhibition is reversible following cessation of the infusion of tirofiban."
609,hydrochlorothiazide,"Hydrochlorothiazide is the most commonly prescribed thiazide diuretic.[A185138] It is indicated to treat edema and hypertension.[A185138,L8447,L8450] Hydrochlorothiazide use is common but declining in favour of angiotensin converting enzyme inhibitors.[A185138] Many combination products are available containing hydrochlorothiazide and angiotensin converting enzyme inhibitors[L8390,L8423] or angiotensin II receptor blockers.[L7426,L7459]

Hydrochlorothiazide was granted FDA approval on 12 February 1959.[L8444] Hydrochlorothiazide is transported from the circulation into epithelial cells of the distal convoluted tubule by the organic anion transporters OAT1, OAT3, and OAT4.[A185204,A185180] From these cells, hydrochlorothiazide is transported to the lumen of the tubule by multidrug resistance associated protein 4 (MRP4).[A185204]

Normally, sodium is reabsorbed into epithelial cells of the distal convo"
610,hydralazine,"Originally developed in the 1950s as a malaria treatment, hydralazine showed antihypertensive ability and was soon repurposed.[A186841] Hydralazine is a hydrazine derivative vasodilator used alone or as adjunct therapy in the treatment of hypertension and only as adjunct therapy in the treatment of heart failure.[A186820,L8782,L8785] Hydralazine is no longer a first line therapy for these indications since the development of newer antihypertensive medications.[T691]

Hydralazine hydrochloride was FDA approved on 15 January 1953.[L8779] Hydralazine may interfere with calcium transport in vascular smooth muscle by an unknown mechanism to relax arteriolar smooth muscle and lower blood pressure.[A186820,A13596] The interference with calcium transport may be by preventing influx of calcium into cells, preventing calcium release from intracellular compartments, directly acting on actin and myosin, or a combination of these actions.[A1"
611,naltrexone,"Derivative of noroxymorphone that is the N-cyclopropylmethyl congener of naloxone. It is a narcotic antagonist that is effective orally, longer lasting and more potent than naloxone, and has been proposed for the treatment of heroin addiction. The FDA has approved naltrexone for the treatment of alcohol dependence. Naltrexone is a pure opiate antagonist and has little or no agonist activity. The mechanism of action of naltrexone in alcoholism is not understood; however, involvement of the endogenous opioid system is suggested by preclinical data. Naltrexone is thought to act as a competitive antagonist at mc, κ, and δ receptors in the CNS, with the highest affintiy for the μ receptor. Naltrexone competitivel"
612,ivermectin,"Ivermectin is a semi-synthetic antiparasitic medication derived from avermectins, a class of highly-active broad-spectrum antiparasitic agents isolated from the fermentation products of _Streptomyces avermitilis_.[L31453] Ivermectin itself is a mixture of two avermectins, comprising roughly 90% 5-O-demethyl-22,23-dihydroavermectin A<sub>1a</sub> (22,23-dihydroavermectin B<sub>1a</sub>) and 10% 5-O-demethyl-25-de(1-methylpropyl)-22,23-dihydro­-25-(1-methylethyl)avermectin A<sub>1a</sub> (22,23-dihydroavermectin B<sub>1b</sub>).[L31453]

Ivermectin is mainly used in humans in the treatment of onchocerciasis, but may also be effective against other worm infestations (such as strongyloidiasis, ascariasis, trichuriasis and enterobiasis). Applied topically, it may be used in the treatment of h Ivermectin binds selectively and with high affinity to glutamate-gated chloride ion channels in invertebrate muscle and nerve cells of the microfilaria. This binding causes an increase in the permeability of the cell membrane to chloride ions and results in hyperpolarization of the cell, leading to paralysis and death of the parasite. Ivermectin also is believed to act as an agonist of the neurotr"
613,azacitidine,"Azacitidine is a pyrimidine nucleoside analogue with anti-neoplastic activity. It differs from cytosine by the presence of nitrogen in the C5-position, key in its hypomethylating activity.[A1406,A1413,A1415] Two main mechanisms of action have been proposed for azacitidine. One of them is the induction of cytotoxicity. As an analogue of cytidine, it is able to incorporate into RNA and DNA, disrupting RNA metabolism and inhibiting protein and DNA synthesis. The other one is through the inhibition of DNA methyltransferase, impairing DNA methylation.[A1407] Due to its anti-neoplastic activity and its ability to inhibit methylation in replicating DNA, azacytidine has been used mainly used in the treatment of myelodysplastic syndromes (MDS) and acute myeloid leukemia (AML), two types of cancer c Azacitidine (5-azacytidine) is a chemical analogue of the cytosine nucleoside present in DNA and RNA.[A1406,A1407] It induces antineoplastic activity by inhibiting DNA methyltransferase at low doses and inducing cytotoxicity by incorporating itself into RNA and DNA at high doses.[A1408,A1409,A1412] 

Covalent binding to DNA methyltransferase results in DNA hypomethylation and prevents DNA synthe"
614,epirubicin,"An anthracycline which is the 4&#39;-epi-isomer of doxorubicin. The compound exerts its antitumor effects by interference with the synthesis and function of DNA. Epirubicin has antimitotic and cytotoxic activity. It inhibits nucleic acid (DNA and RNA) and protein synthesis through a number of proposed mechanisms of action: Epirubicin forms complexes with DNA by intercalation between base pairs, and it inhibits topoisomerase II activity by stabilizing the DNA-topoisomerase II complex, preventing the religation portion of the ligation-religation reaction tha"
615,indapamide,"The most significant modifiable risk factor for cardiovascular disease and the most prominent contributor to all-cause mortality is hypertension.[A204155] Characterized by an office blood pressure of ≥140/90, hypertension is pervasive and impacts an estimated 25% of adults globally.[A204155] Treatment for hypertension should include a number of lifestyle changes (ie. reduced sodium intake) along with pharmacotherapy - it should be noted that treatment with several antihypertensive agents may be required in order to achieve blood pressure targets.[A204155]

Thiazide-like diuretics such as indapamide are a valuable tool for the treatment of hypertension and continue to grow in popularity, falling behind only ACE inhibitors in terms of prescription frequency.[A204134] When compared to [hydr Indapamide acts on the nephron, specifically at the proximal segment of the distal convoluted tubule where it inhibits the Na+/Cl- cotransporter, leading to reduced sodium reabsorption.[A203519,A16729] As a result, sodium and water are retained in the lumen of the nephron for urinary excretion.[A185180] The effects that follow include reduced plasma volume, reduced venous return, lower cardiac out"
616,nevirapine,"A potent, non-nucleoside reverse transcriptase inhibitor (NNRTI) used in combination with nucleoside analogues for treatment of Human Immunodeficiency Virus Type 1 (HIV-1) infection and AIDS. Structurally, nevirapine belongs to the dipyridodiazepinone chemical class. Nevirapine binds directly to reverse transcriptase (RT) and blocks the RNA-dependent and DNA-dependent DNA polymerase activities by causing a disruption of the enzyme's catalytic site. The activity of nevirapine does not compete with template or nucleoside triphosphates."
617,pentostatin,"A potent inhibitor of adenosine deaminase. The drug is effective in the treatment of many lymphoproliferative malignancies, particularly hairy-cell leukemia. It is also synergistic with some other antineoplastic agents and has immunosuppressive activity. Pentostatin is a potent transition state inhibitor of adenosine deaminase (ADA), the greatest activity of which is found in cells of the lymphoid system. T-cells have higher ADA activity than B-cells, and T-cell malignancies have higher activity than B-cell malignancies. The cytotoxicity that results from prevention of catabolism of adenosine or deoxyadenosine is thought to be due to elevated intr"
618,simvastatin,"Simvastatin, also known as the brand name product Zocor, is a lipid-lowering drug derived synthetically from a fermentation product of _Aspergillus terreus_. It belongs to the statin class of medications, which are used to lower the risk of cardiovascular disease and manage abnormal lipid levels by inhibiting the endogenous production of cholesterol in the liver. More specifically, statin medications competitively inhibit the enzyme hydroxymethylglutaryl-coenzyme A (HMG-CoA) Reductase,[A181421] which catalyzes the conversion of HMG-CoA to mevalonic acid and is the third step in a sequence of metabolic reactions involved in the production of several compounds involved in lipid metabolism and transport including cholesterol, low-density lipoprotein (LDL) (sometimes referred to as ""bad choles Simvastatin is a prodrug in which the 6-membered lactone ring of simvastatin is hydrolyzed <i>in vivo</i> to generate the beta,delta-dihydroxy acid, an active metabolite structurally similar to HMG-CoA (hydroxymethylglutaryl CoA). Once hydrolyzed, simvastatin competes with HMG-CoA for HMG-CoA reductase, a hepatic microsomal enzyme, which catalyzes the conversion of HMG-CoA to mevalonate, an early "
619,foscarnet,An antiviral agent used in the treatment of cytomegalovirus retinitis. Foscarnet also shows activity against human herpes viruses and HIV. Foscarnet exerts its antiviral activity by a selective inhibition at the pyrophosphate binding site on virus-specific DNA polymerases at concentrations that do not affect cellular DNA polymerases.
620,aminolevulinic acid,"A compound produced from succinyl-CoA and glycine as an intermediate in heme synthesis. It is used as a photochemotherapy for actinic keratosis. [PubChem] According to the presumed mechanism of action, photosensitization following application of aminolevulinic acid (ALA) topical solution occurs through the metabolic conversion of ALA to protoporphyrin IX (PpIX), which accumulates in the skin to which aminolevulinic acid has been applied. When exposed to light of appropriate wavelength and energy, the accumulated PpIX produces a photodynamic reaction"
621,ranolazine,"Chronic angina is a common cardiovascular condition affecting millions worldwide and causes significant disability while interfering with daily activities.[A189234] Ranolazine is a well-tolerated piperazine derivative used for the management of this condition, offering relief from uncomfortable and debilitating symptoms.[L3580] With a mechanism of action different from drugs used to treat the same condition, ranolazine is a promising anti-anginal therapy. It was originally approved by the FDA in 2006.[L5440] Myocardial ischemia exerts effects on adenosine triphosphate flux, leading to a decrease in the energy available for contraction and relaxation of the heart muscle. Electrolyte balance of sodium and potassium is necessary for maintaining normal cardiac contraction and relaxation. Disruption of adequate sodium and potassium electrolyte balance leads to excessively high concentrations of sodium and "
622,famotidine,"Famotidine is a competitive histamine-2 (H<sub>2</sub>) receptor antagonist that works to inhibit gastric acid secretion. It is commonly used in gastrointestinal conditions related to acid secretion, such as gastric ulcers and gastroesophageal reflux disease (GERD), in adults and children.[L11166] Compared to other H<sub>2</sub> receptor antagonists, famotidine displays high selectivity towards this receptor; in a study consisting of healthy volunteers and patients with acid hypersecretory disease, famotidine was about 20 to 50 times more potent at inhibiting gastric acid secretion than [cimetidine] and eight times more potent than [ranitidine] on a weight basis.[A189462] Famotidine is used in various over-the-counter and off-label uses.[L11166] While oral formulations of famotidine are mo Histamine acts as a local hormone that stimulates the acid output by parietal cells via a paracrine mechanism. Neuroendocrine cells called enterochromaffin-like (ECL) cells lie close to the parietal cells and regulate the basal secretion of histamine. Histamine release is also promoted from stimulation by acetylcholine and gastrin, a peptide hormone. Gastrin (G) cells release gastrin, which works "
623,empagliflozin,"Empagliflozin is an inhibitor of sodium-glucose co-transporter-2 (SGLT2), the transporters primarily responsible for the reabsorption of glucose in the kidney.[A203453] It is used clinically as an adjunct to diet and exercise, often in combination with other drug therapies,[L13673,L13679,L11479] for the management of type 2 diabetes mellitus.[L13688]

The first known inhibitor of SGLTs, phlorizin, was isolated from the bark of apple trees in 1835 and researched extensively into the 20th century, but was ultimately deemed inappropriate for clinical use given its lack of specificity and significant gastrointestinal side effects.[A203501] Attempts at overcoming these limitations first saw the development of O-glucoside analogs of phlorizin (e.g. [remogliflozin etabonate]), but these molecul The vast majority of glucose filtered through the glomerulus is reabsorbed within the proximal tubule, primarily via SGLT2 (sodium-glucose linked co-transporter-2) which is responsible for ~90% of the total glucose reabsorption within the kidneys. Na<sup>+</sup>/K<sup>+</sup>-ATPase on the basolateral membrane of proximal tubular cells utilize ATP to actively pump Na+ ions into the interstitium su"
624,nifedipine,"Nifedipine, or BAY a 1040, is a first generation dihydropyridine L-type calcium channel blocker, similar to [nicardipine].[A190210,A190273,A175390,L11383] Nifedipine was developed by Bayer and first described in the literature, along with other dihydropyridines, in 1972.[A175390,A190276] Since nifedipine's development, second and third generation dihydropyridines have been developed with slower onsets and longer durations of action.[A190273] The most popular of the third generation dihydropyridines is [amlodipine].[A190273]

Nifedipine was granted FDA approval on 31 December 1981.[L11383] Nifedipine blocks voltage gated L-type calcium channels in vascular smooth muscle and myocardial cells.[A190204] This blockage prevents the entry of calcium ions into cells during depolarization, reducing peripheral arterial vascular resistance and dilating coronary arteries.[A190204] These actions reduce blood pressure and increase the supply of oxygen to the heart, alleviating angina.[A190204]"
625,desflurane,"Desflurane, or I-653, a a volatile anesthetic that is more rapidly cleared and less metabolized than previous inhaled anesthetics such as [methoxyflurane], [sevoflurane], [enflurane], or [isoflurane].[A226390,A39015,A226893]. It was developed in the late 1980s out of a need for a more rapidly acting and rapidly cleared inhaled anesthetic.[A226883,A226888]

Desflurane was granted FDA approval on 18 September 1992.[L30285] The mechanism of inhalational anesthetics is still not fully understood.[A226490] They can block excitatory ion channels and increase the activity of inhibitory ion channels.[A226490] The most notable agonism is at the GABA<sub>A</sub> channel.[A226520] Desflurane is also an agonist of glycine receptors,[A10308] antagonist of glutamate receptors,[A10309] inducer of potassium voltage gated channels"
626,vandetanib,"Vandetanib is an oral once-daily kinase inhibitor of tumour angiogenesis and tumour cell proliferation with the potential for use in a broad range of tumour types.

On April 6 2011, vandetanib was approved by the FDA to treat nonresectable, locally advanced, or metastatic medullary thyroid cancer in adult patients. ZD-6474 is a potent and selective inhibitor of VEGFR (vascular endothelial growth factor receptor), EGFR (epidermal growth factor receptor) and RET (REarranged during Transfection) tyrosine kinases. 

VEGFR- and EGFR-dependent signalling are both clinically validated pathways in cancer, including non-small-cell lung cancer (NSCLC). RET activity is important in some types of thyroid cancer, and e"
627,cyclophosphamide,"Precursor of an alkylating nitrogen mustard antineoplastic and immunosuppressive agent that must be activated in the liver to form the active aldophosphamide. It has been used in the treatment of lymphoma and leukemia. Its side effect, alopecia, has been used for defleecing sheep. Cyclophosphamide may also cause sterility, birth defects, mutations, and cancer. Alkylating agents work by three different mechanisms: 1) attachment of alkyl groups to DNA bases, resulting in the DNA being fragmented by repair enzymes in their attempts to replace the alkylated bases, preventing DNA synthesis and RNA transcription from the affected DNA, 2) DNA damage via the formation of cross-links (bonds between atoms in the DNA) which prevents DNA from being separated for sy"
628,ganirelix,"Ganirelix is a synthetic decapeptide and a competitive gonadotropin-releasing hormone (GnRH) antagonist. Derived from endogenous GnRH, ganirelix has amino acid substitutions. Ganirelix is indicated for controlled ovarian hyperstimulation in assisted reproduction techniques.[L43045] The first case of pregnancy achieved after the use of ganirelix in an assisted reproduction program was reported in 1998.[A252195] Ganirelix was first approved by the FDA on July 29, 1999.[L43070] Gonadotropin-releasing hormone (GnRH) is a hypothalamus-derived releasing hormone responsible for the synthesis and release of luteinizing hormone (LH) and follicle-stimulating hormone (FSH) from the anterior pituitary.[A252195] At midcycle, a large increase in GnRH release results in an LH surge, which leads to several physiologic actions such as ovulation, resumption of meiosis in the oocyte, an"
629,deferasirox,"Deferasirox is an iron chelator and the first oral medication FDA approved for chronic iron overload in patients receiving long term blood transfusions. Two molecules of deferasirox are capable of binding to 1 atom of iron. Deferasirox works in treating iron toxicity by binding trivalent (ferric) iron (for which it has a strong affinity), forming a stable complex which is eliminated via the kidneys."
630,nizatidine,"A histamine H2 receptor antagonist with low toxicity that inhibits gastric acid secretion. The drug is used for the treatment of duodenal ulcers. Nizatidine competes with histamine for binding at the H<sub>2</sub>-receptors on the gastric basolateral membrane of parietal cells. Competitive inhibition results in reduction of basal and nocturnal gastric acid secretions. The drug also decreases the gastric acid response to stimuli such as food, caffeine, insulin, betazole, or pentagastrin."
631,abiraterone,"Abiraterone is a potent, irreversible, and selective inhibitor of 17 αhydroxylase/C17,20-lyase (CYP17), an enzyme expressed in testicular, adrenal, and prostatic tumour tissues, to regulate androgen biosynthesis.[A3811, A260880, L40968] Abiraterone was first approved by the FDA and EMA on April,[A260880] July,[L47745] and September 2011,[A260880] respectively. It is used to treat metastatic castration-resistant prostate cancer and hormone-sensitive high-risk metastatic prostate cancer.[L40968, L40193, L47740, L47745]

As abiraterone has poor oral bioavailability and is susceptible to hydrolysis by esterases, abiraterone acetate was developed as an orally bioavailable prodrug with enhanced stability and absorption.[A3811, A260835] 17α-hydroxylase/C17,20-lyase (CYP17) is a key enzyme in androgen biosynthesis. It is primarily expressed in testicular, adrenal, and prostatic tumours. CYP17 catalyzes the 17α-hydroxylation of pregnenolone and progesterone to their 17α-hydroxy derivative, followed by subsequent cleavage of the C 20,21-acetyl group to yield dehydroepiandrosterone (DHEA) and androstenedione. DHEA and androstenedione"
632,vortioxetine,"Vortioxetine is an antidepressant medication indicated for the treatment of major depressive disorder (MDD). It is classified as a serotonin modulator and stimulator (SMS) as it has a multimodal mechanism of action towards the serotonin neurotransmitter system whereby it simultaneously modulates one or more serotonin receptors and inhibits the reuptake of serotonin. More specifically, vortioxetine acts via the following biological mechanisms: as a serotonin reuptake inhibitor (SRI) through inhibition of the serotonin transporter, as a partial agonist of the 5-HT1B receptor, an agonist of 5-HT1A, and an antagonist of the 5-HT3, 5-HT1D, and 5-HT7 receptors. SMSs were developed because there are many different subtypes of serotonin receptors, however, not all of these receptors appear to be i Vortioxetine is classified as a serotonin modulator and simulator (SMS) as it has a multimodal mechanism of action towards the serotonin neurotransmitter system whereby it simultaneously modulates one or more serotonin receptors and inhibits the reuptake of serotonin. More specifically, vortioxetine acts via the following biological mechanisms: as a serotonin reuptake inhibitor (SRI) through inhib"
633,indinavir,"A potent and specific HIV protease inhibitor that appears to have good oral bioavailability. [PubChem] Indinavir inhibits the HIV viral protease enzyme which prevents cleavage of the gag-pol polyprotein, resulting in noninfectious, immature viral particles."
634,lisinopril,"Lisinopril is an angiotensin converting enzyme inhibitor (ACEI) used to treat hypertension, heart failure, and myocardial infarction.[L8384,L8387,L8390] Lisinopril and [captopril] are the only ACEIs that are not prodrugs.[A184853] It functions by inhibition of angiotensin converting enzyme as well as the renin angiotensin aldosterone system.[A184781,A184808,A184817] ACEIs are commonly used as a first line therapy in the treatment of hypertension, along with thiazide diuretics or beta blockers.[A184844]

Lisinopril was granted FDA approval on 29 December 1987.[L8384] Angiotensin II constricts coronary blood vessels and is positively inotropic, which under normal circumstances, would increase vascular resistance and oxygen consumption.[A184781] This action can eventually lead to myocyte hypertrophy and vascular smooth muscle cell proliferation.[A184781]

Lisinopril is an angiotensin converting enzyme inhibitor (ACEI), preventing the conversion of angiotensin "
635,donepezil,"In 2016, the global burden of dementia was estimated to be 43.8 million, demonstrating a significant increase from a global prevalence of 20.2 million in 1990.[A182411] Donepezil, also known as Aricept, is a piperidine derivative acetylcholinesterase inhibitor used in the management of the dementia of Alzheimer's Disease, and in some cases, is used to manage other types of dementia. 

Donepezil was first approved by the FDA in 1996, and its extended-release form was approved in combination with [Memantine] in 2014 to manage moderate and severe forms of Alzheimer's dementia.[L7916,L7937] A donepezil transdermal delivery system, Adlarity, was approved by the FDA in March 2022 for the treatment of Alzheimer's dementia.[L41125] Though it does not alter the progression of Alzheimer's disease, The commonly accepted cholinergic hypothesis[A182369] proposes that a portion of the cognitive and behavioral decline associated with Alzheimer's are the result of decreased cholinergic transmission in the central nervous system. Donepezil selectively and reversibly inhibits the acetylcholinesterase enzyme, which normally breaks down acetylcholine. The main pharmacological actions of this drug are"
636,doxazosin,"Doxazosin is an alpha-1 antagonist used for the treatment of benign prostatic hypertrophy (BPH) symptoms and hypertension. Other members of this drug class include [Prazosin], [Terazosin], [Tamsulosin], and [Alfuzosin].[A180661]  Because of its long-lasting effects, doxazosin can be administered once a day.[A180649] It is marketed by Pfizer and was initially approved by the FDA in 1990.[L7285] Doxazosin selectively inhibits the postsynaptic alpha-1 receptors on vascular smooth muscle by nonselectively blocking the alpha-1a, alpha-1b, and alpha-1d subtypes[A180688,A4649]. This action on blood vessels decreases systemic peripheral vascular resistance, reducing blood pressure, exerting minimal effects on the heart rate due to its receptor selectivity.[A180649,A180676] Norepinephrine-activa"
637,doxepin,"Doxepin is a psychotropic agent with antidepressant and anxiolytic properties.[T559] It is a tertiary amine that can be presented as (E) and (Z) stereoisomers with the (Z) stereoisomer corresponding to [cidoxepin]. Doxepin commonly produces a 5:1 (E):(Z) racemic mixture.[T83] 

In a strict sense, doxepin is not a tricyclic antidepressant but it is commonly associated with the class since it shares a lot of properties with members of the drug family including [amitriptyline], [clomipramine], [desipramine], [imipramine], [nortriptyline], [protriptyline] and [trimipramine].[L5977] 

Doxepin was developed by Pfizer and FDA approved in 1969 as an antidepressant.[L5971] However, in 2010 it was approved for the treatment of insomnia. The latter indication was presented by Pernix Therapeutics. Doxepin exact mechanism of action is not very clear. However, doxepin is known to be a selective histamine H1 receptor blocker.[A177163] This effect on histamine receptors indicates effectiveness in skin conditions.[T249]

Breaking its function according to the different effect, doxepin's antidepressive action is primarily associated with the inhibition of the central nervous system biogenic ami"
638,degarelix,"Degarelix is used for the treatment of advanced prostate cancer. Degarelix is a synthetic peptide derivative drug which binds to gonadotropin-releasing hormone (GnRH) receptors in the pituitary gland and blocks interaction with GnRH. This antagonism reduces luteinising hormone (LH) and follicle-stimulating hormone (FSH) which ultimately causes testosterone suppression. Reduction in testosterone is important in treating men with advanced prostate cancer. Chemically, it is a synthetic linear decapeptide amide with seven unnatural amino acids, five of which are D-amino acids. FDA approved on December 24, 2008. Degarelix competitively inhibits GnRH receptors in the pituitary gland, preventing the release of luteinizing hormone (LH) and follicle stimulating hormone. Reduced LH suppresses testosterone release, which slows the growth and reduces the size of prostate cancers."
639,terbutaline,"Terbutaline was first synthesized in 1966[A230333] and described in the literature in the late 1960s and early 1970s.[A230328] It is a selective beta-2 adrenergic agonist used as a bronchodilator in asthmatic patients.[A230333,L32093,L32098]

Terbutaline was granted FDA approval on 25 March 1974.[L32088] Terbutaline is a selective beta-2 adrenergic receptor agonist.[A230328] Agonism of these receptors in bronchioles activates adenylyl cyclase, increasing intracellular cyclic adenosine monophosphate (cAMP).[A230338] Increased cAMP decreases intracellular calcium, activating protein kinase A, inactivating myosin light-chain kinase, activating myosin light-chain phosphatase, and finally relaxing smoo"
640,terazosin,"Terazosin is a quinazoline derivative alpha-1-selective adrenergic blocking agent indicated for benign prostatic hyperplasia and hypertension[FDA Label][A176831]. Terazosin blocks adrenaline's action on alpha-1 adrenergic receptors, causing relaxation of smooth muscle in blood vessels and the prostate[A176837]. Terazosin is selective for alpha-1-adrenoceptors but not their individual subtypes[A5212,A5457]. Inhibition of these alpha-1-adrenoceptors results in relaxation of smooth muscle in blood vessels and the prostate, lowering blood pressure and improving urinary flow[A176831,A176837,A5212,A5457]. Smooth muscle cells accounts for roughly 40% of the volume of the prostate and so their relaxation reduces"
641,clindamycin,"Clindamycin is a semi-synthetic lincosamide antibiotic used in the treatment of a variety of serious infections due to susceptible microorganisms[L11599,L11596] as well as topically for acne vulgaris.[L11593] It has a relatively narrow spectrum of activity that includes anaerobic bacteria as well as gram-positive cocci and bacilli and gram-negative bacilli.[A190621] Interestingly, clindamycin appears to carry some activity against protozoans, and has been used off-label in the treatment of toxoplasmosis, malaria, and babesiosis.[A190657]

Clindamycin is derived from, and has largely replaced, [lincomycin], a naturally occurring lincosamide and the eponymous member of this antibiotic class, due to its improved properties over the parent compound. The name lincomycin is derived from Lincol Clindamycin inhibits bacterial protein synthesis by binding to 23S RNA of the 50S subunit of the bacterial ribosome.[L11599] It impedes both the assembly of the ribosome and the translation process.[L11629] The molecular mechanism through which this occurs is thought to be due to clindamycin's three-dimensional structure, which closely resembles the 3'-ends of L-Pro-Met-tRNA and deacylated-tRNA du"
642,vilazodone,"Vilazodone is a novel compound with combined high affinity and selectivity for the 5-hydroxytryptamine (5-HT) transporter and 5-HT(1A) receptors[Label,A177622]. Vilazodone may also be associated with less sexual dysfunction and weight gain[A6947]. Vilazodone was given FDA approval on January 21, 2011[L6046,A177622]. Vilazodone selectively inhibits serotonin reuptake in the central nervous system as well as acting as a partial agonist of 5HT-1A receptors[Label,A38477]. The exact mechanism for how these effects translate to its antidepressant effects are not known[Label], though there is an association between these effects and antidepressive activity[A6947]."
643,dalbavancin,"Dalbavancin is a second-generation lipoglycopeptide antibiotic that was designed to improve on the natural glycopeptides currently available, such as vancomycin and teicoplanin [A4072, A4073]. Modifications from these older glycoprotein classes facilitated a similar mechanism of action for dalbavancin but with increased activity and once-weekly dosing [FDA Label, F2356, A4072, A4073]. Its use is indicated for the treatment of acute bacterial skin and skin structure infections (ABSSSI) caused by the following gram-positive microorganisms: Staphylococcus aureus (including methicillin-susceptible and methicillin-resistant strains), S. pyogenes, S. agalactiae, S. dysgalactiae, the S. anginosus group (including S. anginosus, S. intermedius, and S. constellatus), and Enterococcus faecalis (vanco Dalbavancin has a spectrum and mechanism of action similar to vancomycin, a naturally formed glycopeptide antimicrobial [A4073]. The bactericidal action of dalbavancin results primarily from inhibition of cell-wall biosynthesis [FDA Label, F2356, A4072, A4073, A4074]. Specifically, dalbavancin prevents incorporation of N-acetylmuramic acid (NAM)- and N-acetylglucosamine (NAG)-peptide subunits from"
644,linezolid,"Linezolid is a synthetic antibiotic which is used for the treatment of infections caused by aerobic Gram-positive bacteria. Its effects are bacteriostatic against both enterococci and staphylococci and bactericidal against most isolates of streptococci.[L32965] Linezolid exerts its antibacterial activity by inhibiting the initiation of bacterial protein synthesis - more specifically, it binds to the 23S ribosomal RNA of the 50S subunit[A11227,A199050] and, in doing so, prevents the formation of the 70S initiation complex which is essential for bacterial reproduction.

Linezolid was initially approved in 2000 and was the first member of the oxazolidinone antibiotic class.[A233425] A second member of this class, [tedizolid], was approved by the FDA in 2014 and is considered generally more  Linezolid exerts its antibacterial effects by interfering with bacterial protein translation.[A233035] It binds to a site on the bacterial 23S ribosomal RNA of the 50S subunit and prevents the formation of a functional 70S initiation complex, which is essential for bacterial reproduction, thereby preventing bacteria from dividing.[L32965]

Point mutations in the bacterial 23S rRNA can lead to li"
645,paliperidone,"Paliperidone is the primary active metabolite of risperidone. The mechanism of action is unknown but it is likely to act via a similar pathway to risperidone. It has been proposed that the drug's therapeutic activity in schizophrenia is mediated through a combination of central dopamine Type 2 (D2) and serotonin Type 2 (5HT2A) receptor antagonism. Paliperidone is also active as an antagonist at alpha 1 and alpha 2 adrenergic receptors and H1 histaminergic receptors, which may explain some of the other effects of the drug. Paliperidone was approved by the FDA for treatment of schizophrenia on December 20, 2006. It is available as an extended-release tablet, a once-monthly intramuscular injection, an every-three-month intramuscular injection, and a twice-yearly gluteal injection.[L16168,L377 Paliperidone is the major active metabolite of risperidone. The mechanism of action of paliperidone, as with other drugs having efficacy in schizophrenia, is unknown, but it has been proposed that the drug's therapeutic activity in schizophrenia is mediated through a combination of central dopamine Type 2 (D2) and serotonin Type 2 (5HT2A) receptor antagonism."
646,adapalene,"Acne vulgaris is a multifactorial disorder of the pilosebaceous unit involving increased sebum production, inflammation, and hyperproliferation/hyperkeratinization of the follicular infundibulum. It is also associated with _Cutibacterium acnes_ (also known as _Propionibacterium acnes_). Adapalene is a third-generation topical retinoid used for the treatment of acne vulgaris.[A193518] Adapalene has similar efficacy but a superior safety profile compared to tretinoin.[A193521] [Tazarotene] is more efficacious than adapalene but is designated as pregnancy category X and hence is contraindicated in pregnant women.[A193518] Adapalene can also be combined with benzoyl peroxide (BPO), which possesses bactericidal properties[A193524], and either adapalene alone, or adapalene BPO combination produc Adapalene is used for the treatment/maintenance of mild-to-severe acne (acne vulgaris). Acne is a multifactorial condition, and evidence exists to support multiple mechanisms of action for adapalene. Adapalene binds to retinoic acid receptor (RAR)-beta and RAR-gamma; this complex subsequently binds to one of three retinoid X receptors (RXRs), which as a complex is capable of binding DNA to modulat"
647,dantrolene,"Chemically, dantrolene is a hydantoin derivative, but does not exhibit antiepileptic activity like other hydantoin derivates such as phenytoin. Dantrolene depresses excitation-contraction coupling in skeletal muscle by binding to the ryanodine receptor 1, and decreasing intracellular calcium concentration. Ryanodine receptors mediate the release of calcium from the sarcoplasmic reticulum, an essential step in muscle contraction."
648,sitaxentan,"Sitaxentan was marketed under the trade name Thelin for the treatment of pulmonary arterial hypertension (PAH) by Encysive Pharmaceuticals until Pfizer purchased Encysive in February 2008. In 2010, Pfizer voluntarily removed sitaxentan from the market over concerns of hepatotoxicity. Sitaxentan is a competitive antagonist of endothelin-1 at the endothelin-A (ET-A) and endothelin-B (ET-B) receptors. Under normal conditions, endothelin-1 binding of ET-A or ET-B receptors causes pulmonary vasoconstriction. By blocking this interaction, Sitaxentan decreases pulmonary vascular resistance. Sitaxentan has a higher affinity for ET-A than ET-B."
649,sorafenib,"Sorafenib is a bi-aryl urea and an oral multikinase inhibitor. It targets cell surface tyrosine kinase receptors and downstream intracellular kinases that are implicated in tumour cell proliferation and tumour angiogenesis.[A255852] First approved by the FDA and European Commission in 2007 for the treatment of hepatocellular carcinoma, sorafenib is also indicated to treat renal carcinoma and differentiated thyroid carcinoma.[A14794] Kinases are involved in tumour cell signalling, proliferation, angiogenesis, and apoptosis.[A14794,L9341] Sorafenib inhibits multiple intracellular serine/threonine kinases in the Ras/mitogen-activated protein kinase (MAPK) signal transduction pathway. Intracellular Raf serine/threonine kinase isoforms inhibited by sorafenib include Raf-1 (or C-Raf), wild-type B-Raf, and mutant B-Raf. Sorafenib in"
650,abarelix,Synthetic decapeptide antagonist to gonadotropin releasing hormone (GnRH). It is marketed by Praecis Pharmaceuticals as Plenaxis. Praecis announced in June 2006 that it was voluntarily withdrawing the drug from the market. Abarelix binds to the gonadotropin releasing hormone receptor and acts as a potent inhibitor of gonadotropin secretion.
651,telbivudine,"Telbivudine is a synthetic thymidine nucleoside analog with specific activity against the hepatitis B virus. Telbivudine is orally administered, with good tolerance, lack of toxicity and no dose-limiting side effects. Telbivudine 5'–triphosphate inhibits HBV DNA polymerase (reverse transcriptase) by competing with the natural substrate, thymidine 5'–triphosphate. This leads to the chain termination of DNA synthesis, thereby inhibiting viral replication. Incorporation of telbivudine 5'–triphosphate into viral DNA also causes DNA chain termination, resulting in inhibition of HBV replication. Telbivudine inhibits "
652,lansoprazole,"Lansoprazole marketed under the brand Prevacid, is a proton pump inhibitor (PPI) and is structurally classified as a substituted benzimidazole.[A177065] It reduces gastric acid secretion by targeting gastric H,K-ATPase pumps and is thus effective at promoting healing in ulcerative diseases, and treating gastroesophageal reflux disease (GERD) along with other pathologies caused by excessive acid secretion.[A177053] As a PPI, lansoprazole is a prodrug and requires protonation via an acidic environment to become activated. [A174244]  Once protonated, lansoprazole is able to react with cysteine residues, specifically Cys813 and Cys321, on parietal H+,K+-ATPase resulting in stable disulfides.[A174244][A177077]  PPI's in general are able to provide prolonged inhibition of acid secretion due to their ability to bi"
653,dabigatran etexilate,"Dabigatran etexilate is an oral prodrug that is hydrolyzed to the competitive and reversible direct thrombin inhibitor [dabigatran].[A177463, A6970, L34675, L34680] Dabigatran etexilate may be used to decrease the risk of venous thromboembolic events in patients in whom anticoagulation therapy is indicated.[A177463] In contrast to warfarin, because its anticoagulant effects are predictable, lab monitoring is not necessary.[A177463] Dabigatran etexilate was approved by the FDA in 2010.[L6022] Hemostasis is a complex process that balances coagulation to prevent excessive thrombus formation or excessive bleeding. Central to the coagulation process is the serine protease thrombin (FIIa), which is synthesized as inactive prothrombin (FII) and subsequently activated by FXa/FVa, leading to a positive feedback loop and the production of large quantities of thrombin; once enough thrombin is fo"
654,dihydrocodeine,"Dihydrocodeine is an opioid analgesic used as an alternative or adjunct to codeine to treat moderate to severe pain, severe dyspnea, and cough. 

It is semi-synthetic, and was developed in Germany in 1908 during an international search to find a more effective antitussive agent to help reduce the spread of airborne infectious diseases such as tuburculosis. It was marketed in 1911. Dihydrocodeine is metabolized to dihydromorphine -- a highly active metabolite with a high affinity for mu opioid receptors. [3]"
655,boceprevir,"Boceprevir is a direct acting antiviral medication used as part of combination therapy to treat chronic Hepatitis C, an infectious liver disease caused by infection with Hepatitis C Virus (HCV). HCV is a single-stranded RNA virus that is categorized into nine distinct genotypes, with genotype 1 being the most common in the United States, and affecting 72% of all chronic HCV patients [L852]. Treatment options for chronic Hepatitis C have advanced significantly since 2011, with the development of Direct Acting Antivirals (DAAs) such as Boceprevir. Boceprevir is an inhibitor of NS3/4A, a serine protease enzyme, encoded by HCV genotypes 1 and 4 [synthesis]. These enzymes are essential for viral replication and serve to cleave the virally encoded polyprotein into mature proteins like NS4A, NS4B Boceprevir is a NS3/4a protease inhibitor used to inhibit viral HCV replication [FDA Label]. NS3/4a protease is an integral part of viral replication and mediates the cleavage the virally encoded polyprotein to mature proteins (NS4A, NS4B, NS5A and NS5B) [FDA Label]. Boceprevir covalently but reversibly binds the serine (S139) resiude in the active site via a (α)-ketoamide functional group. This i"
656,bimatoprost,"Bimatoprost, also known as Latisse or Lumigan, belongs to a group of drugs called prostamides, which are synthetic structural analogs of prostaglandin. Bimatoprost, marketed by Allergan, is administered in both the ophthalmic solution and implant form. It has the ability to reduce ocular hypotension, proving effective in conditions such as ocular hypertension and glaucoma.[L6877,L6892,L6898,L12069] Bimatoprost is also used to treat eyelash hypotrichosis, or sparse eyelash growth.[L6910] It was initially approved by the FDA in 2001 for ocular hypertension and later approved for hypothrichosis in 2008, as eyelash growth became a desirable adverse effect for patients using this drug.[L4894] Bimatoprost imitates the effects of prostamides, specifically prostaglandin F2α.[L6892] Bimatoprost mildly stimulates aqueous humor outflow, relieving elevated intraocular pressure and decreasing the risk of optic nerve damage. It is thought that bimatoprost reduces intraocular pressure (IOP) in humans by causing an increase in outflow of the aqueous humor via the trabecular meshwork and uveoscler"
657,fludarabine,"Fludarabine is a chemotherapeutic agent used in the treatment of hematological malignancies. It is commonly marketed under the brand name Fludara. Fludarabine phosphate is rapidly dephosphorylated to 2-fluoro-ara-A and then phosphorylated intracellularly by deoxycytidine kinase to the active triphosphate, 2-fluoro-ara-ATP. This metabolite appears to act by inhibiting DNA polymerase alpha, ribonucleotide reductase and DNA primase, thus inhibiting DNA synthesis. The mechanism of action of this antimetabolite is not completely characterized and"
658,dextromethorphan,"Dextromethorphan is a levorphanol derivative and codeine analog commonly used as a cough suppressant and also a drug of abuse.[A215412] Although similar in structure to other opioids, it has minimal interaction with opioid receptors.[A215412]

Dextromethorphan was granted FDA approval before 3 December 1957.[A215412,L14997] Dextromethorphan is a low-affinity uncompetitive NMDA antagonist and sigma-1 receptor agonist.[L14363] It is also an antagonist of α3/β4 nicotinic receptors.[A10589] However, the mechanism by which dextromethorphan's receptor agonism and antagonism translate to a clinical effect is not well understood.[A215397]"
659,clevidipine,"Clevidipine is a dihydropyridine L-type calcium channel blocker that is selective for vascular smooth muscle and is indicated for blood pressure reduction when oral therapy is not an option. Possibly by deforming the channel, inhibiting ion-control gating mechanisms, and/or interfering with the release of calcium from the sarcoplasmic reticulum, clevidipine inhibits the influx of extracellular calcium across both the myocardial and vascular smooth muscle cell membranes. The resultant inhibition of the contractile processes of the myocardial smooth muscle cells leads to dilation of the"
660,eplerenone,"Eplerenone, an aldosterone receptor antagonist similar to spironolactone, has been shown to produce sustained increases in plasma renin and serum aldosterone, consistent with inhibition of the negative regulatory feedback of aldosterone on renin secretion. The resulting increased plasma renin activity and aldosterone circulating levels do not overcome the effects of eplerenone. Eplerenone selectively binds to recombinant human mineralocorticoid receptors relative to its binding to recombinant human glucocorticoid, progesterone and androgen receptors. Eplerenone binds to the mineralocorticoid receptor and thereby blocks the binding of aldosterone (component of the renin-angiotensin-aldosterone-system, or RAAS). Aldosterone synthesis, which occurs primarily in the adrenal gland, is modulated by multiple factors, including angiotensin II and non-RAAS mediators such as adrenocorticotropic hormone (ACTH) and potassium. Aldosterone binds to mineralo"
661,bazedoxifene,"Bazedoxifene is a third generation selective estrogen receptor modulator (SERM), developed by Pfizer following the completion of their takeover of Wyeth Pharmaceuticals. In late 2013, Pfizer received approval for bazedoxifene as part of the combination drug DUAVEE in the prevention (not treatment) of postmenopausal osteoporosis. It is approved in the European Union (marketed in Italy and Spain) and Japan as monotherapy. In 2013, the combination product containing conjugated estrogens and bazedoxifene was approved by the FDA for the treatment of moderate to severe vasomotor symptoms associated with menopause, as well as the prevention of postmenopausal osteoporosis in women. Bazedoxifene belongs to a class of compounds known as selective estrogen receptor modulators (SERMs). Bazedoxifene acts as both an oestrogen-receptor agonist and/or antagonist, depending upon the cell and tissue type and target genes. Bazedoxifene decreases bone resorption and reduces biochemical markers of bone turnover to the premenopausal range. These effects on bone remodelling lead to an incr"
662,maraviroc,"Maraviroc (brand-named Selzentry, or Celsentri outside the U.S.) is a chemokine receptor antagonist drug developed by the drug company Pfizer that is designed to act against HIV by interfering with the interaction between HIV and CCR5. It was originally labelled as UK-427857 during development but was assigned the Maraviroc name as it entered trials. It was approved for use by the FDA in August, 2007. Maraviroc is an entry inhibitor and works by blocking HIV from entering human cells. Specifically maraviroc is a selective, slowly reversible, small molecule antagonist of the interaction between human CCR5 and HIV-1 gp120. Maraviroc selectively binds to the human chemokine receptor CCR5 present on the membrane of CD4 cells (T-cells), preventing the interaction of HIV-1 gp120 and CCR5 necessary fo"
663,apomorphine,"Apomorphine is a non-ergoline dopamine D2 agonist indicated to treat hypomobility associated with Parkinson's. It was first synthesized in 1845 and first used in Parkinson's disease in 1884.[A203618] Apomorphine has also been investigated as an emetic, a sedative, a treatment for alcoholism, and a treatment of other movement disorders.[A203597,A203618]

Apomorphine was granted FDA approval on 20 April 2004.[L13919] Apomorphine is a non-ergoline dopamine agonist with high binding affinity to dopamine D2, D3, and D5 receptors.[L13919,L13922] Stimulation of D2 receptors in the caudate-putamen, a region of the brain responsible for locomotor control, may be responsible for apomorphine's action.[A203594] However, the means by which the cellular effects of apomorphine treat hypomobility of Parkinson's remain unkno"
664,piperacillin,"Semisynthetic, broad-spectrum, ampicillin derived ureidopenicillin antibiotic proposed for pseudomonas infections. It is also used in combination with other antibiotics. By binding to specific penicillin-binding proteins (PBPs) located inside the bacterial cell wall, Piperacillin inhibits the third and last stage of bacterial cell wall synthesis. Cell lysis is then mediated by bacterial cell wall autolytic enzymes such as autolysins; it is possible that Piperacillin interferes with an autolysin inhibitor."
665,pantoprazole,"Pantoprazole is a first-generation proton pump inhibitor (PPI) used for the management of gastroesophageal reflux disease (GERD), for gastric protection to prevent recurrence of stomach ulcers or gastric damage from chronic use of NSAIDs, and for the treatment of pathological hypersecretory conditions including Zollinger-Ellison (ZE) Syndrome. It can also be found in quadruple regimens for the treatment of _H. pylori_ infections along with other antibiotics including [amoxicillin], [clarithromycin], and [metronidazole], for example.[A177271][F4498] Its efficacy is considered similar to other medications within the PPI class including [omeprazole], [esomeprazole], [lansoprazole], [dexlansoprazole], and [rabeprazole].

Pantoprazole exerts its stomach acid-suppressing effects by preventing  Hydrochloric acid (HCl) secretion into the gastric lumen is a process regulated mainly by the H(+)/K(+)-ATPase of the proton pump, expressed in high quantities by the parietal cells of the stomach.[A174295] ATPase is an enzyme on the parietal cell membrane that facilitates hydrogen and potassium exchange through the cell, which normally results in the extrusion of potassium and formation of HCl (g"
666,pamidronic acid,"Pamidronic acid is a second generation, nitrogen containing bisphosphonate similar to [neridronic acid] and [alendronic acid].[A203111] Pamidronic acid was first described in the literature in 1977.[A203267] The second generation bisphosphonates are less common as third generation bisphosphonates, such as [ibandronic acid], [zoledronic acid], [minodronic acid], and [risedronic acid] are becoming more popular.[A203111]

Pamidronic acid was granted FDA approval on 31 October 1991.[L13835] Bisphosphonates are taken into the bone where they bind to hydroxyapatite. Bone resorption by osteoclasts causes local acidification, releasing the bisphosphonate, which is taken into the osteoclast by fluid-phase endocytosis.[A959] Endocytic vesicles become acidified, releasing bisphosphonates into the cytosol of osteoclasts where they act.[A959]

Osteoclasts mediate resorption of bone.[A6366] "
667,atenolol,"Atenolol is a cardioselective beta-blocker used in a variety of cardiovascular conditions. 

Sir James Black, a Scottish pharmacologist, pioneered the use of beta-blockers for the management of angina pectoris in 1958 for which he received the Nobel Prize.[A178429] Beta-blockers quickly became popular in clinical use and where subsequently investigated for use in myocardial infarction, arrhythmias, and hypertension during the 1960s. Later they continued to be investigated for use in heart failure throughout the 1970-1980s. Atenolol itself was developed early on in this history by Alvogen Malta under the trade name Tenormin and received FDA approval in September, 1981.[label]

Despite being one of the most widely prescribed beta blockers, evidence suggests atenolol may not significantly Atenolol is a cardioselective beta-blocker, called such because it selectively binds to the β1-adrenergic receptor as an antagonist up to a reported 26 fold more than β2 receptors.[A178372] Selective activity at the β1 receptor produces cardioselectivity due to the higher population of this receptor in cardiac tissue. Some binding to β2 and possibly β3 receptors can still occur at therapeutic dosa"
668,enzalutamide,"Enzalutamide is an androgen receptor (AR) inhibitor for the treatment of castration-resistant prostate cancer (CRPC), both metastatic and non-metastatic.[L40639] It is a second-generation antiandrogen agent that the FDA approved on August 31, 2012.[L40639, A252667] Although androgen deprivation therapy (ADT) is the first-line treatment of prostate cancer and remission can be achieved, arising resistance is inevitable, becoming castration-resistant prostate cancer.[A252667] Until recently, docetaxel is the only treatment available for metastatic CRPC; however, AR inhibitors have been developed for more targeted therapy, although first-generation AR inhibitors like bicalutamide did not substantially increase the survival rate.[A252667] Second-generation such as enzalutamide is more efficacio Enzalutamide is a competitive androgen receptor (AR) inhibitor that has a threefold inhibition on the androgen signaling pathway without significant AR agonist activity.[L43227, A252642] It inhibits androgen binding to its receptor, androgen receptor nuclear translocation, and subsequent interaction with chromosomal DNA to upregulate oncogenes.[A252642, A252647] Enzalutamide binds to the AR with 5"
669,doxorubicin,"Doxorubicin is a cytotoxic anthracycline antibiotic isolated from cultures of Streptomyces peucetius var. caesius along side with daunorubicin, another cytotoxic agent, in 1970.[A1575,A257709,A257614] Although they both have aglyconic and sugar moieties, doxorubicin's side chain terminates with a primary alcohol group compared to the methyl group of daunorubicin.[A257709] Although its detailed molecular mechanisms have yet to be understood, doxorubicin is generally thought to exert its effect through DNA intercalation, which eventually leads to DNA damage and the generation of reactive oxygen species.[A257614] Thanks to its efficacy and broad effect, doxorubicin was approved by the FDA in 1974 to treat a variety of cancer, including but not limited to breast, lung, gastric, ovarian, thyroi Generally, doxorubicin is thought to exert its antineoplastic activity through 2 primary mechanisms: intercalation into DNA and disrupt topoisomerase-mediated repairs and free radicals-mediated cellular damages.[A257614]

Doxorubicin can intercalate into DNA through the anthraquinone ring, which stabilizes the complex by forming hydrogen bonds with DNA bases.[A257659] Intercalation of doxorubici"
670,ingenol mebutate,"Ingenol mebutate was approved by the FDA in January 2012, and it is marketed under the name Picato®. Picato gel is indicated for the topical treatment of actinic keratosis. Before approval, ingenol mebutate was called PEP005 as an investigational drug. PEP005 is a selective small molecule activator of protein kinase C (PKC) extracted from the plant Euphorbia peplus, whose sap has been used as a traditional medicine for the treatment of skin conditions including warts and cancer. PEP005 also has potent anti-leukemic effects, inducing apoptosis in myeloid leukemia cell lines and primary AML cells at nanomolar concentrations. The exact mechanism of action of ingenol mebutate in actinic keratosis is unknown. It is presumed to involve primary necrosis then neutrophil-mediated inflammation and antibody-dependent cell death of residual disease cells. Additionally in early studies, PEP005 was shown to be an effective activator of PKC-delta and PKC-delta translocation into nucleus and membranes. PEP005 also downregulates the"
671,ibutilide,"Ibutilide is a Class III antiarrhythmic agent available in intravenous formulations. It is indicated for the conversion of acute atrial flutter and recent onset atrial fibrillation to normal sinus rhythm (NSR). Ibutilide is a 'pure' class III antiarrhythmic drug, used intravenously against atrial flutter and fibrillation. At a cellular level it exerts two main actions: induction of a persistent Na+ current sensitive to dihydropyridine Ca<sup>2+</sup> channel blockers and potent inhibition of the cardiac rapid delayed rectifier K<sup>+</sup> current, by binding within potassium channel pores. In other wor"
672,temoporfin,"Temoporfin is a photosensitizing agent used in the treatment of squamous cell carcinoma of the head and neck [FDA Label]. It was first authorized for market by the European Medicines Agency in October 2001. It is currently available under the brand name Foscan. Temoporfin is excited from ground state to the first excited singlet state by the application of 652 nm light [L1128, A31547]. It is then thought to undergo intersystem crossing to an excited triplet state which is longer lived and able to interact with surrounding molecules [A31547]. It is then thought to produce cytotoxic species by either a Type I or Type II reaction typical of agents used in p"
673,sertraline,"Sertraline is a popular antidepressant medication commonly known as a selective serotonin reuptake inhibitor (SSRI), and is similar to drugs such as [Citalopram] and [Fluoxetine]. Despite marked structural differences between compounds in this drug class, SSRIs exert similar pharmacological effects.

Several weeks of therapy with sertraline may be required before beneficial effects are noticed. Sertraline displays enhanced safety or tolerability than other classes of antidepressants, which frequently cause high levels of drowsiness, dizziness, blurred vision, and other undesirable effects.[A1846,A187075,T28] Sertraline selectively inhibits the reuptake of serotonin (5-HT) at the presynaptic neuronal membrane, thereby increasing serotonergic activity. This results in an increased synaptic concentration of serotonin in the CNS, which leads to numerous functional changes associated with enhanced serotonergic neurotransmission.[T28,L9016] These changes are believed to be responsible for the antidepressant"
674,etoposide,"A semisynthetic derivative of podophyllotoxin that exhibits antitumor activity. Etoposide inhibits DNA synthesis by forming a complex with topoisomerase II and DNA. This complex induces breaks in double stranded DNA and prevents repair by topoisomerase II binding. Accumulated breaks in DNA prevent entry into the mitotic phase of cell division, and lead to cell death. Etoposide acts primarily in the G2 and S phases of the cell cycle. Etoposide inhibits DNA topoisomerase II, thereby inhibiting DNA re-ligation. This causes critical errors in DNA synthesis at the premitotic stage of cell division and can lead to apoptosis of the cancer cell. Etoposide is cell cycle dependent and phase specific, affecting mainly the S and G2 phases of cell division. Inhibition of the topoisomerase II alpha isoform results in the anti-tumour activi"
675,ticagrelor,"Ticagrelor, or AZD6140, was first described in the literature in 2003.[A204170,A2903] Ticagrelor is an ADP derivative developed for its P2Y<sub>12</sub> receptor antagonism.[A2903] Unlike [clopidogrel], ticagrelor is not a prodrug.[A2903] It is marketed by Astra Zeneca as Brilinta in the US[L14201] and Brilique or Possia in the EU,[L14207].

Ticagrelor was granted EMA approval on 3 December 2010.[L14207]
Ticagrelor was granted FDA approval on 20 July 2011.[L14201] Ticagrelor is a P2Y<sub>12</sub> receptor antagonist.[A17595]

The P2Y<sub>12</sub> receptor couples with Gα<sub>i2</sub> and other G<sub>i</sub> proteins which inhibit adenylyl cyclase.[A204164] G<sub>i</sub> mediated signalling also activates PI3K, Akt, Rap1b, and potassium channels.[A204164] The downstream effects of these activities mediate hemostasis and lead to platelet aggregation.[A20416"
676,atomoxetine,"Atomoxetine is a selective norepinephrine (NE) reuptake inhibitor used for the treatment of attention deficit hyperactivity disorder (ADHD). Also known as the marketed product Strattera, atomoxetine is used with other treatment modalities (psychological, educational, cognitive behaviour therapy, etc) to improve developmentally inappropriate symptoms associated with ADHD including distractibility, short attention span, hyperactivity, emotional lability, and impulsivity. Although the underlying pathophysiology that causes ADHD remains unclear, evidence suggests that dysregulation in noradrenergic and dopaminergic pathways plays a critical role in suboptimal executive functioning within prefrontal regions of the brain, which are involved in attention and memory.[A178090] Atomoxetine has been  Atomoxetine is known to be a potent and selective inhibitor of the norepinephrine transporter (NET),[A175723] which prevents cellular reuptake of norepinephrine throughout the brain, which is thought to improve the symptoms of ADHD. More recently, positron emission tomography (PET) imaging studies in rhesus monkeys have shown that atomoxetine also binds to the serotonin transporter (SERT),[A178111"
677,mometasone,"Mometasone is a corticosteroid not currently used in medical products. [Mometasone furoate] however, is still in use. Unbound corticosteroids cross cell membranes and bind with high affinity to specific cytoplasmic receptors. Inflammation is decreased by diminishing the release of leukocytic acid hydrolases, prevention of macrophage accumulation at inflamed sites, interference with leukocyte adhesion to the capillary wall, reduction of capillary membrane permeability, reduction of complement components, inhibitio"
678,dabrafenib,"Dabrafenib mesylate (Tafinlar) is a reversible ATP-competitive kinase inhibitor and targets the MAPK pathway. It was approved on May 29, 2013, for the treatment of melanoma with V600E or V6000K mutation.[L41955] It was also used for metastatic non-small cell lung cancer with the same mutation.[L41955]

In May 2018, Tafinlar (dabrafenib), in combination with Mekinist ([DB08911]), was approved to treat anaplastic thyroid cancer caused by an abnormal BRAF V600E gene.[L41955] Dabrafenib is a competitive and selective BRAF inhibitor by binding to its ATP pocket.[L41955, A248955] Although dabrafenib can inhibit wild-type BRAF, it has a higher affinity for mutant forms of BRAF, including BRAF V600E, BRAF V600K, and BRAF V600D.[L41955] BRAF is a serine/threonine protein kinase and is involved in activating the RAS/RAF/MEK/ERK or MAPK pathway, a pathway that is implicated i"
679,galantamine,"Galantamine is a tertiary alkaloid and reversible, competitive inhibitor of the acetylcholinesterase (AChE) enzyme, which is a widely studied therapeutic target used in the treatment of Alzheimer's disease.[A1018] First characterized in the early 1950s, galantamine is a tertiary alkaloid that was extracted from botanical sources, such as _Galanthus nivalis_.[A201968] Galantamine was first studied in paralytic and neuropathic conditions, such as myopathies and postpolio paralytic conditions, and for reversal of neuromuscular blockade.[A182993,A201968] Following the discovery of its AChE-inhibiting properties, the cognitive effects of galantamine were studied in a wide variety of psychiatric disorders such as mild cognitive impairment, cognitive impairment in schizophrenia and bipolar disord Alzheimer’s disease is characterized by progressive, irreversible degeneration of acetylcholine-producing neurons, cognitive impairment, and the accumulation of neurofibrillary tangles and amyloid plaques.[A182993,A203558] The cholinergic system plays a critical role in memory, alongside other important neural functions such as attention, learning, stress response, wakefulness and sleep, and senso"
680,rofecoxib,"Rofecoxib is used for the treatment of osteoarthritis, rheumatoid arthritis, acute pain in adults, and primary dysmenorrhea, as well as acute treatment of migraine attacks with or without auras. Rofecoxib is a solid. This compound belongs to the stilbenes. These are organic compounds containing a 1,2-diphenylethylene moiety. Stilbenes (C6-C2-C6 ) are derived from the common phenylpropene (C6-C3) skeleton building block. The introduction of one or more hydroxyl groups to a phenyl ring lead to stilbenoids. Rofecoxib has a half-life of 17 hours and its mean oral bioavailability at therapeutically recommended doses of 125, 25, and 50 mg is approximately 93%. The proteins that rofecoxib target include elastin and prostaglandin G/H synthase 2. Cytochrome P450 1A2, Cytochrome P450 3A4, Cytochrome The anti-inflammatory, analgesic, and antipyretic effects of NSAIDs appear to result from the inhibition of prostaglandin synthesis. Although the exact mechanism of action has not been determined, these effects appear to be mediated through the inhibition of the COX-2 isoenzyme at the sites of inflammation with subsequent reduction in the synthesis of certain prostaglandins from their arachidonic "
681,ropinirole,"Ropinirole, also known as _ReQuip_, is a non-ergoline dopamine agonist used in Parkinson's disease and restless legs syndrome [FDA label], [A174547]. It is manufactured by GlaxoSmithKline Pharmaceuticals.   Ropinirole was initially approved in 1997 by the FDA [FDA label] for the management of Parkinson's disease. In 2005, it was the first drug approved in the US for the management of primary moderate to severe restless legs syndrome [A174547].

 In 2008, the extended-release capsules of ropinirole were approved, allowing for less frequent dosing, therefore increased compliance, and offering a similar side effect profile and efficacy to previous formulations of ropinirole [A35711]. Ropinirole is a non-ergoline dopamine agonist. Ropinirole has the highest affinity at the D3 receptors, which are concentrated in the limbic areas of the brain and may be responsible for some of the neuropsychiatric effects [A35711]. The exact mechanism of action of ropinirole as a treatment for Parkinson’s disease is unknown, however, it is believed to be related to its ability to selectively sti"
682,nimodipine,"Nimodipine is a 1,4-dihydropyridine calcium channel blocker. It acts primarily on vascular smooth muscle cells by stabilizing voltage-gated L-type calcium channels in their inactive conformation. By inhibiting the influx of calcium in smooth muscle cells, nimodipine prevents calcium-dependent smooth muscle contraction and subsequent vasoconstriction. Compared to other calcium channel blocking agents, nimodipine exhibits greater effects on cerebral circulation than on peripheral circulation. Nimodipine is used to as an adjunct to improve the neurologic outcome following subarachnoid hemorrhage from ruptured intracranial aneurysm. Although the precise mechanism of action is not known, nimodipine blocks intracellular influx of calcium through voltage-dependent and receptor-operated slow calcium channels across the membranes of myocardial, vascular smooth muscle, and neuronal cells. By specifically binding to L-type voltage-gated calcium channels, nimodipine inhibits the calcium ion transfer, resulting in the inhibition of va"
683,celecoxib,"Celecoxib, a selective cyclooxygenase-2 (COX-2) inhibitor, is a nonsteroidal anti-inflammatory drug (NSAID) which is known for its decreased risk of causing gastrointestinal bleeding compared to other NSAIDS.[A181544] It is used to manage symptoms of various types of arthritis pain and in familial adenomatous polyposis (FAP) to reduce precancerous polyps in the colon.[A181532] It is marketed by Pfizer under the brand name Celebrex, and was initially granted FDA approval in 1998.[L7604] 

Interestingly, selective COX-2 inhibitors (especially celecoxib), have been evaluated as potential cancer chemopreventive and therapeutic drugs in clinical trials for a variety of malignancies.[A34124] Unlike most NSAIDs, which inhibit both types of cyclooxygenases (COX-1 and COX-2), celecoxib is a selective noncompetitive inhibitor of cyclooxygenase-2 (COX-2) enzyme. COX-2 is expressed heavily in inflamed tissues where it is induced by inflammatory mediators.[L7646] The inhibition of this enzyme reduces the synthesis of metabolites that include prostaglandin E2 (PGE2), prostacyclin (PGI2), thro"
684,nisoldipine,"Nisoldipine is a 1,4-dihydropyridine calcium channel blocker. It acts primarily on vascular smooth muscle cells by stabilizing voltage-gated L-type calcium channels in their inactive conformation. By inhibiting the influx of calcium in smooth muscle cells, nisoldipine prevents calcium-dependent smooth muscle contraction and subsequent vasoconstriction. Nisoldipine may be used in alone or in combination with other agents in the management of hypertension. By deforming the channel, inhibiting ion-control gating mechanisms, and/or interfering with the release of calcium from the sarcoplasmic reticulum, Nisoldipine inhibits the influx of extracellular calcium across the myocardial and vascular smooth muscle cell membranes The decrease in intracellular calcium inhibits the contractile processes of the myocardial smooth muscle cells, causing dilation of"
685,levofloxacin,"Levofloxacin is a fluoroquinolone antibiotic and the optical S-(-) isomer of racemic [ofloxacin].[A190663] It reportedly carries 8 to 128-fold more activity against both gram-negative and gram-positive bacteria compared to R-(+)-ofloxacin[A190663] and remains stereochemically stable following administration (i.e. it does not invert to the inactive isomer).[L11638] Levofloxacin, along with other quinolones such as [gatifloxacin] and [moxifloxacin], is a member of the third generation of fluoroquinolones, colloquially referred to as the ""respiratory quinolones"" due to improved activity against gram-positive bacteria commonly implicated in respiratory infections.[A31453,A190756]

Levofloxacin was first approved by the FDA in 1996, and was approved in Canada and several South American countr Levofloxacin, like other fluoroquinolone antibiotics, exerts its antimicrobial activity via the inhibition of two key bacterial enzymes: DNA gyrase and topoisomerase IV.[L11638] Both targets are type II topoisomerases, but have unique functions within the bacterial cell. DNA gyrase is an enzyme found only in bacteria that introduces negative supercoils into DNA during replication - this helps to r"
686,fusidic acid,"An antibiotic isolated from the fermentation broth of Fusidium coccineum. (From Merck Index, 11th ed) It acts by inhibiting translocation during protein synthesis. It is often used topically in creams and eyedrops but is available in systemic formulations including tablets and injections. Fusidic acid works by interfering with bacterial protein synthesis, specifically by preventing the translocation of the elongation factor G (EF-G) from the ribosome. It also can inhibit chloramphenicol acetyltransferase enzymes."
687,raltegravir,"Raltegravir is an antiretroviral drug produced by Merck & Co., used to treat HIV infection. It received approval by the U.S. Food and Drug Administration (FDA) on 12 October 2007, the first of a new class of HIV drugs, the integrase inhibitors, to receive such approval. Raltegravir inhibits HIV integrase to prevent the viral genome being incorporated into the human genome. Raltegravir is primarily metabolized by glucuronidation."
688,clonazepam,"A benzodiazepine used to treat various seizures, including myotonic or atonic seizures, photosensitive epilepsy, and absence seizures, although tolerance may develop.[FDA Label][L5572,F3763,F3787,F3796] The agent has also been indicated for treating panic disorder.[FDA Label][A175438,L5572,F3763,F3787,F3796] The mechanism of action appears to involve the enhancement of gamma-aminobutyric acid receptor responses.[FDA Label][A175438,A175441,L5572,F3763,F3787,F3796]

Since being first patented in 1960 and then released for sale from Roche in the US in 1975,[T469,T472] clonazepam has experienced a storied history in the treatment of the aforementioned medical conditions. Now available as a generic medication, the agent continues to see exceptionally high use as millions of prescriptions are  Gamma-Aminobutyric acid (GABA) is considered the principal inhibitory neurotransmitter in the human body [A175423, A175438, A175441]. When GABA binds to GABA(a) receptors found in neuron synapses, chloride ions are conducted across neuron cell membranes via an ion channel in the receptors [A175423, A175438, A175441, F3787]. With enough chloride ions conducted, the local, associated neuron membrane"
689,clonidine,"Clonidine is an imidazole derivate that acts as an agonist of alpha-2 adrenoceptors.[A180559] This activity is useful for the treatment of hypertension, severe pain, and ADHD.[L7237,L7240,L7243,L7246]

Clonidine was granted FDA approval on 3 September 1974.[L7237] Clonidine is primarily an alpha-2 adrenoceptor agonist which causes central hypotensive and anti-arrhythmogenic effects.[A180559] The alpha-2 adrenoceptor is coupled to the G-proteins G<sub>o</sub> and G<sub>i</sub>.[A180559] G<sub>i</sub> inhibits adenylyl cyclase and activates opening of a potassium channel that causes hyperpolarization.[A180559] Clonidine binding to the alpha-2 adrenoceptor cau"
690,clomipramine,"Clomipramine, the 3-chloro analog of imipramine, is a dibenzazepine-derivative tricyclic antidepressant (TCA). TCAs are structurally similar to phenothiazines. They contain a tricyclic ring system with an alkyl amine substituent on the central ring. In non-depressed individuals, clomipramine does not affect mood or arousal, but may cause sedation. In depressed individuals, clomipramine exerts a positive effect on mood. TCAs are potent inhibitors of serotonin and norepinephrine reuptake. Tertiary amine TCAs, such as clomipramine, are more potent inhibitors of serotonin reuptake than secondary amine TCAs, such as nortriptyline and desipramine. TCAs also down-regulate cerebral cortical &beta;-adrenergic receptors and sensitize post-synaptic serotonergic receptors with chronic use. The antidep Clomipramine is a strong, but not completely selective serotonin reuptake inhibitor (SRI), as the active main metabolite desmethyclomipramine acts preferably as an inhibitor of noradrenaline reuptake. &alpha;<sub>1</sub>-receptor blockage and &beta;-down-regulation have been noted and most likely play a role in the short term effects of clomipramine. A blockade of sodium-channels and NDMA-receptor"
691,eprosartan,"Eprosartan is an angiotensin II receptor antagonist used to treat hypertension. It performs 2 actions on the renin angiotensin system. By preventing the binding of angiotensin II to AT1, vascular smooth muscle relaxes and vasodilation occurs. By inhibiting norepinephrine production, blood pressure is further reduced. Eprosartan blocks the vasoconstrictor and aldosterone-secreting effects of angiotensin II by selectively blocking the binding of angiotensin II to the AT<sub>1</sub> receptor found in many tissues (e.g., vascular smooth muscle, adrenal gland). There is also an AT<sub>2</sub> receptor found in many tissues but it is not known to be associated with cardiovascular homeostasis. Eprosartan does not exh"
692,fluconazole,"Fluconazole, commonly known as _Diflucan_, is an antifungal drug used for the treatment of both systemic and superficial fungal infections in a variety of tissues.  It was initially approved by the FDA in 1990. This drug is an _azole_ antifungal, in the same drug family as [ketoconazole] and [itraconazole]. Fluconazole has many advantages over the other antifungal drugs including the option of oral administration. The side effect profile of this drug is minimal. It has been demonstrated as an efficacious treatment for vaginal yeast infections in one single dose.[A174325] Fluconazole is a very selective inhibitor of fungal cytochrome P450 dependent enzyme _lanosterol 14-α-demethylase_. This enzyme normally works to convert _lanosterol_ to _ergosterol_, which is necessary for fungal cell wall synthesis.  The free nitrogen atom located on the azole ring of fluconazole binds with a single iron atom located in the heme group of lanosterol 14-α-demethylase.[A178774] Thi"
693,amiodarone,"Amiodarone is a benzofuran derivative, anti-arrhythmic drug used commonly in a variety of settings.[A36817] Most known for its approved indication in life-threatening ventricular arrhythmias, it is also used off-label in the outpatient and inpatient setting for atrial fibrillation. Because of its ability to cause serious toxicity and possibly death, amiodarone use should be reserved for its approved indications, according to prescribing information.[L3561,L11265,L11286] Amiodarone is considered a class III anti-arrhythmic drug. It blocks potassium currents that cause repolarization of the heart muscle during the third phase of the cardiac action potential. As a result amiodarone increases the duration of the action potential as well as the effective refractory period for cardiac cells (myocytes). Therefore, cardiac muscle cell excitability is reduced, preventing "
694,nitisinone,"Nitisinone is a synthetic reversible inhibitor of 4-hydroxyphenylpyruvate dioxygenase. It is used in the treatment of hereditary tyrosinemia type 1. It is sold under the brand name Orfadin. Nitisinone is a competitive inhibitor of 4-hydroxyphenyl-pyruvate dioxygenase, an enzyme upstream of fumarylacetoacetate hydrolyase (FAH) in the tyrosine catabolic pathway. By inhibiting the normal catabolism of tyrosine in patients with hereditary tyrosinemia type 1 (HT-1), nitisinone prevents the accumulation of the catabolic intermediates maleylacetoacetate and fumarylacetoacetate."
695,technetium (99mTc) tetrofosmin,"Technetium Tc-99m tetrofosmin is a drug used in nuclear myocardial perfusion imaging. The radioisotope, technetium-99m, is chelated by two 1,2-bis[di-(2-ethoxyethyl)phosphino]ethane ligands which belong to the group of diphosphines and which are referred to as tetrofosmin. It is a lipophilic technetium phosphine dioxo cation that was formulated into a freeze-dried kit which yields an injection.[A31592] Technetium Tc-99m tetrofosmin was developed by GE Healthcare and FDA approved on February 9, 1996. The mechanism for the uptake and retention of technetium-99m tetrofosmin is not well established. Nonetheless, it is known that technetium 99m tetrofosmin binds to the intracellular cytosol of myocytes.[L1146] This uptake is thought to be because technetium-99m tetrofosmin is a lipophilic cationic agent which allows it to present a passive diffusion process. Once the uptake is done, the technetium"
696,triazolam,"Withdrawn in the United Kingdom due to risk of psychiatric adverse drug reactions. This drug continues to be available in the U.S. Internationally, triazolam is a Schedule IV drug under the Convention on Psychotropic Substances. Benzodiazepines bind nonspecifically to bezodiazepine receptors BNZ1, which mediates sleep, and BNZ2, which affects affects muscle relaxation, anticonvulsant activity, motor coordination, and memory. As benzodiazepine receptors are thought to be coupled to gamma-aminobutyric acid-A (GABA<sub>A</sub>) receptors, this enhances the effects of GABA by increasing GABA affinity for the GABA receptor. Bi"
697,rivaroxaban,"Rivaroxaban is an anticoagulant and the first orally active direct factor Xa inhibitor. Unlike warfarin, routine lab monitoring of INR is not necessary. However there is no antidote available in the event of a major bleed. Only the 10 mg tablet can be taken without regard to food. The 15 mg and 20 mg tablet should be taken with food. FDA approved on July 1, 2011. Rivaroxaban competitively inhibits free and clot bound factor Xa. Factor Xa is needed to activate prothrombin (factor II) to thrombin (factor IIa). Thrombin is a serine protease that is required to activate fibrinogen to fibrin, which is the loose meshwork that completes the clotting process. Since one molecule of factor Xa can generate more than 1000 molecules of thrombin, selective inhibitors of"
698,balsalazide,"Balsalazide is an anti-inflammatory drug used in the treatment of Inflammatory Bowel Disease. It is sold under the name ""Colazal"" in the US and ""Colazide"" in the UK.

The chemical name is (E)-5-[[-4-(2-carboxyethyl) aminocarbonyl] phenyl]azo] -2-hydroxybenzoic acid. It is usually administered as the disodium salt.

Balsalazide works by deliverying mesalazine to the large intestine to act directly on ulcerative colitis. Mesalazine is also known as 5-aminosalicylic acid, or 5-ASA. The mechanism of action of 5-aminosalicylic acid is unknown, but appears exert its anti-inflammatory effects locally (in the GI tract) rather than systemically. Mucosal production of arachidonic acid metabolites, both through the cyclooxygenase pathways (catalyzes the formation of prostaglandin precursors from arachidonic acid), and through the lipoxygenase pathways (catalyzes the formation of leu"
699,trabectedin,"Trabectedin, also referred as ET-743 during its development, is a marine-derived antitumor agent discovered in the Carribean tunicate _Ecteinascidia turbinata_ and now produced synthetically. Trabectedin has a unique mechanism of action. It binds to the minor groove of DNA interfering with cell division and genetic transcription processes and DNA repair machinery. It is approved for use in Europe, Russia and South Korea for the treatment of advanced soft tissue sarcoma. It is currently under evaluation for the treatment of breast cancer, prostate cancer, in addition to pediatric sarcomas. Both the European Commission and the U.S. Food and Drug Administration (FDA) have approved trabectedin as an orphan drug in soft tissue sarcomas and ovarian cancer. On October 23, 2015, the FDA approved t Trabectedin interacts with the minor groove of DNA and alkylates guanine at the N2 position, which bends towards the major groove. In this manner, it is thought that the drug affects various transcription factors involved in cell proliferation, particularly via the transcription-coupled nucleotide excision repair system. Trabectedin blocks the cell cycle at the G2 phase, while cells at the G1 phas"
700,tamsulosin,"Tamsulosin is a selective alpha-1A and alpha-1B adrenoceptor antagonist that exerts its greatest effect in the prostate and bladder, where these receptors are most common.[Label] It is indicated for the treatment of signs and symptoms of benign prostatic hypertrophy.[Label] Antagonism of these receptors leads to relaxation of smooth muscle in the prostate and detrusor muscles in the bladder, allowing for better urinary flow.[Label] Other alpha-1 adrenoceptor antagonists developed in the 1980s were less selective and more likely to act on the smooth muscle of blood vessels, resulting in hypotension.[A178351]

Tamsulosin was first approved by the FDA on April 15, 1997.[L6238] Tamsulosin is a blocker of alpha-1A and alpha-1D adrenoceptors.[Label,A1078] About 70% of the alpha-1 adrenoceptors in the prostate are of the alpha-1A subtype.[Label] By blocking these adrenoceptors, smooth muscle in the prostate is relaxed and urinary flow is improved.[Label] The blocking of alpha-1D adrenoceptors relaxes the detrusor muscles of the bladder which prevents storage symptoms.[A1078"
701,methylnaltrexone bromide,"Methylnaltrexone is a pheriphally-acting μ-opioid antagonist that acts on the gastrointestinal tract to decrease opioid-induced constipation without producing analgesic effects or withdrawal symptoms. It is also a weak CYP2D6 inhibitor. FDA approved in 2008. Methylnaltrexone is a pheriphally-acting μ-opioid antagonists that acts on the gastrointestinal tract inhibit opioid-induced decrease in gastric motility and transit time. Because methylnaltrexone is a quaternary derivative of naltrexone, it produces its gastrointestinal effects without producing analgesic effects or withdrawal symptoms as it does not cross the blood-brain-barrier."
702,epoprostenol,A prostaglandin that is a powerful vasodilator and inhibits platelet aggregation. It is biosynthesized enzymatically from prostaglandin endoperoxides in human vascular tissue. The sodium salt has been also used to treat primary pulmonary hypertension. Prostaglandins are present in most body tissues and fluids and mediate many biological functions. Epoprostenol (PGI2) is a member of the family of prostaglandins that is derived from arachidonic acid. The major pharmacological actions of epoprostenol is ultimately inhibition of platelet aggregation. Prostacycline (PGI2) from endothelial cells activate G protein-coupled receptors on platelets and e
703,ixabepilone,"Ixabepilone is an epothilone B analog developed by Bristol-Myers Squibb as a cancer drug. It was FDA approved on October 16, 2007, for the treatment of unresponsive aggressive metastatic or locally advanced breast cancer. Ixabepilone is administered through injection, and will be marketed under the trade name Ixempra. Ixabepilone is a semisynthetic analogue of epothilone B. It has a lactone–lactam modification that minimizes susceptibility to esterase degradation. Binding of Ixabepilone to beta-tubulins (e.g. beta-III tubulin) stabilizes microtubules. Microtubules are essential to cell division, and epothilones therefore stop cells from properly dividing. Like taxol, Ixabepilone binds to the αβ-tubulin heterodimer subunit. Once bound, the rate of αβ-tubulin dissociation decreases, thus stabilizing the microtubules."
704,megestrol,megestrol
705,flutamide,"An antiandrogen with about the same potency as cyproterone in rodent and canine species. Flutamide is a nonsteroidal antiandrogen that blocks the action of both endogenous and exogenous testosterone by binding to the androgen receptor. In addition Flutamide is a potent inhibitor of testosterone-stimulated prostatic DNA synthesis. Moreover, it is capable of inhibiting prostatic nuclear uptake of androgen."
706,anidulafungin,"Anidulafungin or Eraxis is an anti-fungal drug manufactured by Pfizer that gained approval by the Food and Drug Administration (FDA) in February 21, 2006; it was previously known as LY303366. There is preliminary evidence that it has a similar safety profile to caspofungin. Anidulafungin is a semi-synthetic echinocandin with antifungal activity. Anidulafungin inhibits glucan synthase, an enzyme present in fungal, but not mammalian cells. This results in inhibition of the formation of 1,3-&beta;-D-glucan, an essential component of the fungal cell wall, ultimately leading to osmotic instability and cell death."
707,itraconazole,"First synthesized in the early 1980s, itraconazole is a broad-spectrum triazole antifungal agent used to treat a variety of infections.[A34257] It is a 1:1:1:1 racemic mixture of four diastereomers, made up of two enantiomeric pairs, each possessing three chiral centers.[L50051] Itraconazole was first approved in the US in 1992 [L50056] and is available orally. While the intravenous formulation of the drug was formerly available, it was discontinued in the US in 2007.[A263232] Itraconazole mediates its antifungal activity by inhibiting 14α-demethylase, a fungal cytochrome P450 enzyme that converts lanosterol to ergosterol, a vital component of fungal cell membranes.[L50051] The azole nitrogen atoms in the chemical structure of itraconazole form a complex with the active site, or the haem iron, of the fungal enzyme to impede its function.[A34257, A263232] The accumulatio"
708,adenosine,"The structure of adenosine was first described in 1931,[A229823] though the vasodilating effects were not described in literature until the 1940s.[A229828] Adenosine is indicated as an adjunct to thallium-201 in myocardial perfusion scintigraphy,[L31983] though it is rarely used in this indication, having largely been replaced by [dipyridamole] and [regadenson].[A229833,A229838] Adenosine is also indicated in the treatment of supraventricular tachycardia.[L31998]

Adenosine was granted FDA approval on 30 October 1989.[L31978] Agonism of adenosine receptors A1 and A2 reduces conduction time in the atrioventricular node of the heart.[A187466,A229818,L31983] Conduction time is decreased by inducing potassium efflux and inhibiting calcium influx through channels in nerve cells, leading to hyperpolarization and and increased threshold for calcium dependent action potentials.[A187466] Decreased conduction time leads to an an"
709,maprotiline,"Maprotiline is a tetracyclic antidepressant with similar pharmacological properties to tricyclic antidepressants (TCAs). Similar to TCAs, maprotiline inhibits neuronal norepinephrine reuptake, possesses some anticholinergic activity, and does not affect monoamine oxidase activity. It differs from TCAs in that it does not appear to block serotonin reuptake. Maprotiline may be used to treat depressive affective disorders, including dysthymic disorder (depressive neurosis) and major depressive disorder. Maprotiline is effective at reducing symptoms of anxiety associated with depression. Maprotiline exerts its antidepressant action by inhibition of presynaptic uptake of catecholamines, thereby increasing their concentration at the synaptic clefts of the brain. In single doses, the effect of maprotiline on the EEG revealed a rise in the alpha-wave density, a reduction of the alpha-wave frequency and an increase in the alpha-wave amplitude. However, as with other tricyclic antidepre"
710,abacavir,"Abacavir (ABC) is a powerful nucleoside analog reverse transcriptase inhibitor (NRTI) used to treat HIV and AIDS. Chemically, it is a synthetic carbocyclic nucleoside and is the enantiomer with 1S, 4R absolute configuration on the cyclopentene ring. In vivo, abacavir sulfate dissociates to its free base, abacavir. Abacavir is a carbocyclic synthetic nucleoside analogue and an antiviral agent. Intracellularly, abacavir is converted by cellular enzymes to the active metabolite carbovir triphosphate, an analogue of deoxyguanosine-5'-triphosphate (dGTP). Carbovir triphosphate inhibits the activity of HIV-1 reverse transcriptase (RT) both by competing with the natural substrate dGTP and by its incorporation into"
711,roflumilast,"Roflumilast is a highly selective phosphodiesterase-4 (PDE4) inhibitor.[A251385] PDE4 is a major cyclic-3',5′-adenosinemonophosphate (cyclic AMP, cAMP)-metabolizing enzyme [L37564] expressed on nearly all immune and pro-inflammatory cells, in addition to structural cells like those of the smooth muscle or epithelium.[A251385] The resultant increase in intracellular cAMP induced by roflumilast's inhibition of PDE4 is thought to mediate its disease-modifying effects, although its precise mechanism of action has yet to be elucidated.[L37564,A251385]

The oral formulation of roflumilast is indicated to manage chronic obstructive pulmonary disease.[L46546] It was first approved by the EMA in July 2010, and by the FDA in January 2018.[L37564] Roflumilast topical cream is indicated to treat pla Roflumilast and its active metabolite (roflumilast N-oxide) are inhibitors of PDE4. Roflumilast and roflumilast N-oxide inhibition of PDE4 (a major cyclic 3′,5′-adenosine monophosphate (cyclic AMP) metabolizing enzyme) activity leads to accumulation of intracellular cyclic AMP. The specific mechanism(s) by which roflumilast exerts its therapeutic action is not well defined.[L49276]"
712,ulipristal,"Ulipristal is a selective progesterone receptor modulator used for the purposes of emergency contraception (Ella) and for the treatment of uterine fibroids (Fibristal).  It is a derivative of 19-norprogesterone and has both antagonistic and partial agonist activity at the progesterone receptor. It also binds to glucocorticoid receptor, however compared to mifepristone (a progesterone receptor antagonist), ulipristal is more tolerable and has lower glucocorticoid activity and better binding affinity. 

Ulipristal is currently recommended as first line therapy for emergency contraception, due to improved efficacy and similar side effect profile as compared to the traditional use of levonorgestrel or the Yuzpe regimen. The exact mechanism of action for ulipristal is still currently debated, The exact mechanism of action of ulipristal has been heavily debated [FDA Label] [A18504, A175372, A175375, A175378]. On one hand, the majority of official prescribing information labels, monographs, and prior research studies for ulipristal indicated as an emergency contraceptive suggest that its primary mechanism of action revolves around inhibiting or delaying ovulation by suppressing surges in"
713,alitretinoin,"An important regulator of gene expression during growth and development, and in neoplasms. Tretinoin, also known as retinoic acid and derived from maternal vitamin A, is essential for normal growth; and embryonic development. An excess of tretinoin can be teratogenic. It is used in the treatment of psoriasis; acne vulgaris; and several other skin diseases. It has also been approved for use in promyelocytic leukemia (leukemia, promyelocytic, acute). Alitretinoin binds to and activates all known intracellular retinoid receptor subtypes (RARa, RARb, RARg, RXRa, RXRb and RXRg). Once activated these receptors function as transcription factors that regulate the expression of genes that control the process of cellular differentiation and proliferation in both normal and neoplastic cells."
714,tretinoin,"Tretinoin, also known as all-trans-retinoic acid (ATRA), is a naturally occurring derivative of [vitamin A] (retinol).[A257474] It is an oxidation product in the physiological pathway of vitamin A metabolism.[A257689] In human circulation, tretinoin is normally found at very low concentrations, approximately 4 to 14 nmol/L.[A257689] Tretinoin exhibits anti-inflammatory, antineoplastic, antioxidant, and free radical-scavenging activities.[A257689] It has been used in dermatology for many years to treat various skin conditions ranging from acne to wrinkles [A257474,A258185] and activates nuclear receptors to regulate epithelial cell growth and differentiation.[A257474,A257629,A257609] Tretinoin is given orally to treat acute promyelocytic leukemia [L45349] and topically to treat skin conditi The exact mechanism of action of tretinoin in skin conditions and acute promyelocytic leukemia (APL) has not been fully elucidated; however, several proposed mechanisms exist. Tretinoin is believed to exert its pharmacological actions by binding to and activating two types of nuclear receptors - retinoic acid receptors (RARs) alpha, beta, and gamma and retinoid X receptors (RXRs). In the human ski"
715,bendamustine,"Bendamustine is a nitrogen mustard drug which has been used in the treatment of chronic lymphocytic leukemia (CLL) and indolent B-cell non-Hodgkin lymphoma (NHL).  Bendamustine is a bifunctional mechlorethamine derivative capable of forming electrophilic alkyl groups that covalently bond to other molecules. Through this function as an alkylating agent, bendamustine causes intra- and inter-strand crosslinks between DNA bases resulting in cell death.  It is active against both active and quiescent cells, although the exact mechanism of action is unknown. Bendamustine is a bifunctional mechlorethamine derivative capable of forming electrophilic alkyl groups that covalently bond to other molecules. Through this function as an alkylating agent, bendamustine causes intra- and inter-strand crosslinks between DNA bases resulting in cell death.  It is active against both active and quiescent cells, although the exact mechanism of action is unknown."
716,trametinib,"Trametinib is an orally bioavailable mitogen-activated extracellular signal-regulated kinase 1 (MEK1) and MEK2 inhibitor.[A258298,A258293] It was first approved by the FDA in May 2013 for the treatment of melanoma.[A258298] It was later approved by Health Canada on July 18, 2013 [L45588] and by the European Commission on June 30, 2014.[L45583] Trametinib is currently approved to treat a variety of cancers with BRAF mutations, such as non-small cell lung cancer and thyroid cancer, as monotherapy or in combination with [dabrafenib], a BRAF inhibitor, for improved therapeutic efficacy. Originally developed by Japan Tobacco, trametinib was initially investigated for treating inflammation, but further studies for this indication were not pursued.[A258298] The mitogen-activated protein kinase (MAPK)/extracellular signal-regulated kinases (ERK) pathway, also known as the RAS-RAF-MEK-ERK pathway, activates a cascade of cell surface receptors and intracellular downstream signalling molecules. Activated RAS protein activates RAF, a serine/threonine kinase that activates other downstream proteins [A7496,A258323] such as mitogen-activated extracellular si"
717,testosterone,"Testosterone is a steroid sex hormone indicated to treat primary hypogonadism and hypogonadotropic hypogonadism.[L8983,L8935,L8938,L8986,L8989,L8992,L8995] Testosterone antagonizes the androgen receptor to induce gene expression that causes the growth and development of masculine sex organs and secondary sexual characteristics.[A187114,L8983,L8935,L8938,L8986,L8989,L8992,L8995]

Testosterone was isolated from samples and also synthesized in 1935.[A186943] The androgen receptor exists in the cytoplasm bound to the heat shock proteins HSP90, HSP70, and other chaperones.[A187114] After binding to an androgen, the androgen receptor dissociates from HSP90 and undergoes a conformational change to slow the rate of dissociation from the androgen receptor.[A187114] The androgen-receptor complex is transported into the nucleus where it binds to DNA and recru"
718,tetrabenazine,"A drug formerly used as an antipsychotic but now used primarily in the symptomatic treatment of various hyperkinetic disorders. It is a monoamine depletor and used as symptomatic treatment of chorea associated with Huntington's disease. FDA approved on August 15, 2008. Tetrabenazine is a reversible human vesicular monoamine transporter type 2 inhibitor (Ki = 100 nM). It acts within the basal ganglia and promotes depletion of monoamine neurotransmitters serotonin, norepinephrine, and dopamine from stores. It also decreases uptake into synaptic vesicles. Dopamine is required for fine motor movement, so the inhibition of its transmission is efficacious for hyperkin"
719,buspirone,"Buspirone is a novel anxiolytic agent with a unique structure and a pharmacological profile. Belonging to the azaspirodecanedione drug class,[A180991] buspirone is a serotonin 5-HT<sub>1A</sub> receptor agonist that is not chemically or pharmacologically related to benzodiazepines, barbiturates, and other sedative/anxiolytic drugs.[L4478] Unlike many drugs used to treat anxiety, buspirone does not exhibit anticonvulsant, sedative, hypnotic, and muscle-relaxant properties. Due to these characteristics, buspirone been termed 'anxioselective'.[A180985] First synthesized in 1968 then patented in 1975,[L7375] it is commonly marketed under the brand name Buspar®. Buspirone was first approved in 1986 by the FDA [A181751] and has been used to treat anxiety disorders, such as generalized anxiety di The therapeutic action of buspirone in generalized anxiety disorders is thought to be mainly derived from its interaction with two major 5-HT<sub>1A</sub> receptor subtypes that are involved in the brain's anxiety and fear circuitry to enhance the serotonergic activity in these brain areas.[L7375] Buspirone acts as a full agonist at presynaptic 5-HT<sub>1A</sub> receptors, or 5-HT<sub>1A</sub> aut"
720,bupivacaine,"Bupivacaine is a widely used local anesthetic agent. Like [lidocaine], bupivacaine is an amide local anesthetic that provides local anesthesia through blockade of nerve impulse generation and conduction.[L30533 ] These impulses, also known as action potentials, critically depend on membrane depolarization produced by the influx of sodium ions into the neuron through voltage-gated sodium channels.[L41310] Bupivacaine crosses the neuronal membrane and"
721,bumetanide,"Bumetanide  is a sulfamyl diuretic. Bumetanide interferes with renal cAMP and/or inhibits the sodium-potassium ATPase pump. Bumetanide appears to block the active reabsorption of chloride and possibly sodium in the ascending loop of Henle, altering electrolyte transfer in the proximal tubule. This results in excretion of sodium, chloride, and water and, hence, diuresis."
722,imiquimod,"Imiquimod is an immune response modifier that acts as a toll-like receptor 7 agonist. Imiquimod is commonly used topically to treat warts on the skin of the genital and anal areas. Imiquimod does not cure warts, and new warts may appear during treatment. Imiquimod does not fight the viruses that cause warts directly, however, it does help to relieve and control wart production. Miquimod is also used to treat a skin condition of the face and scalp called actinic keratoses and certain types of skin cancer called superficial basal cell carcinoma. Imiquimod's mechanism of action is via stimulation of innate and acquired immune responses, which ultimately leads to inflammatory cell infiltration within the field of drug application followed by apoptosis of diseased tissue. Imiquimod does not have direct antiviral activity. Studies of mice show that imiquimod may induce cytokines, including interferon-alpha (IFNA) as well as several IFNA genes"
723,salmeterol,"Salmeterol is a long-acting beta-2 adrenergic receptor agonist drug that is currently prescribed for the treatment of asthma and chronic obstructive pulmonary disease COPD.[L11545,L11548,L11551,L11554,L11557] It has a longer duration of action than the short-acting beta-2 adrenergic receptor agonist, [salbutamol].[A190459] Salmeterol was first described in the literature in 1988.[A190477] Salmeterol's structure is similar to salbutamol's with an aralkyloxy-alkyl substitution on the amine.[A183737]

Salmeterol was granted FDA approval on 4 February 1994.[L11542] Beta-2 adrenoceptor stimulation causes relaxation of bronchial smooth muscle, bronchodilation, and increased airflow.[A183737]

Salmeterol is hypothesized to bind to 2 sites on the beta-2 adrenoceptor.[A183737] The saligenin moiety binds to the active site of the beta-2 adrenoceptor.[A183737] The hydrophilic tail of salmeterol binds to leucine residues in the exo-site of the beta-2 adrenoceptor "
724,busulfan,"Busulfan is a bifunctional alkylating agent, having a selective immunosuppressive effect on bone marrow. It is not a structural analog of the nitrogen mustards. It has been used in the palliative treatment of chronic myeloid leukemia (myeloid leukemia, chronic), but although symptomatic relief is provided, no permanent remission is brought about. According to the Fourth Annual Report on Carcinogens (NTP 85-002, 1985), busulfan is listed as a known carcinogen. Busulfan is an alkylating agent that contains 2 labile methanesulfonate groups attached to opposite ends of a 4-carbon alkyl chain. Once busulfan is hydrolyzed, the methanesulfonate groups are released and carbonium ions are produced. These carbonium ions alkylate DNA, which results in the interference of DNA replication and RNA transcription, ultimately leading to the disruption of nucleic acid f"
725,gemcitabine,"Gemcitabine is a nucleoside analog and a chemotherapeutic agent. It was originally investigated for its antiviral effects, but it is now used as an anticancer therapy for various cancers.[A233135] Gemcitabine is a cytidine analog with two fluorine atoms replacing the hydroxyl on the ribose.[A233145] As a prodrug, gemcitabine is transformed into its active metabolites that work by replacing the building blocks of nucleic acids during DNA elongation, arresting tumour growth and promoting apoptosis of malignant cells.[L32960] The structure, metabolism, and mechanism of action of gemcitabine are similar to [cytarabine], but gemcitabine has a wider spectrum of antitumour activity.[A233140]

Gemcitabine is marketed as Gemzar and it is available as intravenous injection. It is approved by the F Gemcitabine is a potent and specific deoxycytidine analog. After uptake into malignant cells, gemcitabine is phosphorylated by deoxycytidine kinase to form gemcitabine monophosphate, which is then converted to the active compounds, gemcitabine diphosphate (dFdCDP) and gemcitabine triphosphate (dFdCTP). These active metabolites are nucleosides that mediate antitumour effects. dFdCTP competes with d"
726,formoterol,"Formoterol is an inhaled beta<sub>2</sub>-agonist used in the management of COPD and asthma that was first approved for use in the United States in 2001.[L10986] It acts on bronchial smooth muscle to dilate and relax airways, and is administered as a racemic mixture of its active (R;R)- and inactive (S;S)-enantiomers.[A189528] A major clinical advantage of formoterol over other inhaled beta-agonists is its rapid onset of action (2-3 minutes), which is at least as fast as [salbutamol], combined with a long duration of action (12 hours) - for this reason, treatment guidelines for asthma recommend its use as both a reliever and maintenance medication.[L11256] It is available as a single-entity product [L10986,L11223] and in several formulations in combination with both inhaled corticosteroids Formoterol is a relatively selective long-acting agonist of beta<sub>2</sub>-adrenergic receptors,[L10986,L11223] although it does carry some degree of activity at beta<sub>1</sub> and beta<sub>3</sub> receptors.[A15544] Beta<sub>2</sub> receptors are found predominantly in bronchial smooth muscle (with a relatively minor amount found in cardiac tissue) whereas beta<sub>1</sub> receptors are the p"
727,levodopa,"Levodopa is a prodrug of dopamine that is administered to patients with Parkinson's due to its ability to cross the blood-brain barrier[Label]. Levodopa can be metabolised to dopamine on either side of the blood-brain barrier and so it is generally administered with a dopa decarboxylase inhibitor like carbidopa to prevent metabolism until after it has crossed the blood-brain barrier[Label,A177781]. Once past the blood-brain barrier, levodopa is metabolized to dopamine and supplements the low endogenous levels of dopamine to treat symptoms of Parkinson's[Label]. The first developed drug product that was approved by the FDA was a levodopa and carbidopa combined product called Sinemet that was approved on May 2, 1975[A177781,L6133]. Levodopa by various routes crosses the blood brain barrier, is decarboxylated to form dopamine[Label,F4579]. This supplemental dopamine performs the role that endogenous dopamine cannot due to a decrease of natural concentrations and stimulates dopaminergic receptors[Label,F4579]."
728,clobazam,"Clobazam belongs to the 1,5-benzodiazepine class of drugs and is marketed under different names, Onfi, Frisium, Urbanyl, and others.[A256868]. Clobazam was first synthesized in 1966 and first published in 1969, following the incidental synthesis and discovery of the first benzodiazepine chlordiazepoxide in the 1950s.[A256913] Unlike older 1,4-benzodiazepines, clobazam has a better side-effects profile, particularly less sedative and amnesic effects.[A256963,A256868] This is likely because of clobazam's higher affinity to the α<sub>2</sub> subunit of the GABA<sub>A</sub> receptor, which mediates anxiolytic effects, than the α<sub>1</sub> subunit, which mediates sedative effect.[A256868] Additionally, clobazam is believed to be a partial agonist to the GABA<sub>A</sub> receptor rather than n The exact mechanism of action for clobazam, a 1,5-benzodiazepine, is not fully understood but is thought to involve the potentiation of GABAergic neurotransmission resulting from binding at the benzodiazepine site of the GABA<sub>A</sub> receptor.[L44888] Specifically, clobazam binds to the interface of the α<sub>2</sub> and γ<sub>2</sub>-subunit of the GABA<sub>A</sub> receptor.[A256868] It has a"
729,orlistat,"The global prevalence of obesity is increasing rapidly. Obesity-related complications lead to significant personal and economic burden by reducing quality of life and increasing the cost of healthcare.  In some individuals, diet and exercise are insufficient to maintain weight loss, and pharmacological or surgical intervention is required.[A229928]

Orlistat is a lipase inhibitor used in the treatment of obesity that works by inhibiting fat-metabolizing enzymes. It was approved by the FDA for use in combination with a reduced-calorie diet in 1999.[L11130] This drug is a generally well-tolerated and effective weight-loss aid and is now available in both over-the-counter[L31963] and prescription preparations, depending on the dosage quantity.[L11130] Orlistat is a potent and selective inhibitor of various lipase enzymes responsible for the metabolism of fat. It acts in the gastrointestinal (GI) tract via covalent binding to the serine residues located on the active site of both gastric and pancreatic lipase. When orlistat is taken with food containing fat, it partially inhibits the hydrolysis of triglycerides. This decreases absorption of mono"
730,podophyllotoxin,"A lignan found in podophyllin resin from the roots of podophyllum plants. It is a potent spindle poison, toxic if taken internally, and has been used as a cathartic. It is very irritating to skin and mucous membranes, has keratolytic actions, has been used to treat warts and keratoses, and may have antineoplastic properties, as do some of its congeners and derivatives. The exact mechanism of action is not well understood. It does appear, however, that it and its derivatives may bind and inhibit topoisomerase II during the late S and early G2 stage. The drug may bind and stabilize the temporary break caused by the enzyme. This disrupts the reparation of the break through which the double-stranded DNA passes, and consequently stops DNA unwinding and replication"
731,gadobutrol,"Gadobutrol is a second-generation extracellular non-ionic macrocyclic GBCA (gadolinium-based contrast agent) used in magnetic resonance imaging (MRI) in adults and children older than 2 years of age. Due to its physicochemical properties, gadobutrol is
formulated at twice the gadolinium ion concentration compared to other GBCA and thus requires a lesser injection volume.[A7001]

Like other GBCA, gadobutrol usage carries the risk of nephrogenic systemic fibrosis (NSF) due to the dissociation of gadolinium from the chelates, although gadobutrol tends to have a lower risk of NSF thanks to the macrocyclic structures that limit dechelation of gadolinium.[A7001] In MRI, visualization of normal and pathological tissue depends in part on variations in the radiofrequency signal intensity that occur with differences in proton density, the spin-lattice or longitudinal relaxation times (T1), and the spin-spin or transverse relaxation time (T2).[L49891]

When placed in a magnetic field, gadobutrol shortens the T1 and T2 relaxation times. The extent of decrease"
732,quinapril,"Quinapril is the ethyl ester prodrug of the non-sulfhydryl angiotensin converting enzyme inhibitor quinaprilat.[L8420,L8423] It is used to treat hypertension and heart failure.[L8420,L8423] ACE inhibitors are commonly used as a first line therapy in the treatment of hypertension, along with thiazide diuretics or beta blockers.[A184844]

Quinapril was granted FDA approval on 19 November 1991.[L8420] A combination tablet with [hydrochlorothiazide] was also approved on 28 December 1999.[L8423] Angiotensin II constricts coronary blood vessels and is positively inotropic, which under normal circumstances, would increase vascular resistance and oxygen consumption.[A184781] This action can eventually lead to myocyte hypertrophy and vascular smooth muscle cell proliferation.[A184781] Angiotensin II also stimulates production of plasminogen activator inhibitor-1 (PAI-1), increasing the risk o"
733,clobetasone,"Clobetasone is a corticosteroid that is often employed topically as a treatment for a variety of conditions such as eczema, psoriasis, various forms of dermatitis, and also for certain ophthalmologic conditions. Topical clobetasone butyrate has shown minimal suppression of the Hypothalamic-pituitary-adrenal axis. Topically applied clobeyasone are thought to bind with cytoplasmic receptors in the dermal and intradermal cells and to induce inhibitory proteins, thus leading to decreased activity of prostaglandins, kinins, histamine, liposomal enzymes and other endogenous mediators of inflammation. Topical corticosteroids inhibit the migration of macrophages and leukocytes into areas of inflamed skin by revers"
734,dexrazoxane,"An antimitotic agent with immunosuppressive properties. Dexrazoxane, the (+)-enantiomorph of razoxane, provides cardioprotection against anthracycline toxicity. It appears to inhibit formation of a toxic iron-anthracycline complex. [PubChem]
The Food and Drug Administration has designated dexrazoxane as an orphan drug for use in the prevention or reduction in the incidence and severity of anthracycline-induced cardiomyopathy. The mechanism by which dexrazoxane exerts its cardioprotective activity is not fully understood. Dexrazoxane is a cyclic derivative of EDTA that readily penetrates cell membranes. Results of laboratory studies suggest that dexrazoxane (a prodrug) is converted intracellularly to a ring-opened bidentate chelating agent that chelates to free iron and interferes with iron-mediated free radical generat"
735,fluocinonide,"A topical glucocorticoid used in the treatment of eczema. Fluocinonide is a potent glucocorticoid steroid used topically as anti-inflammatory agent for the treatment of skin disorders such as eczema. Fluocinonide binds to the cytosolic glucocorticoid receptor. After binding the receptor the newly formed receptor-ligand complex translocates itself into the cell nucleus, where it binds to many glucocorticoid response elements (GRE) in the promoter region o"
736,rasagiline,"Rasagiline is an irreversible inhibitor of monoamine oxidase and is used as a monotherapy in early Parkinson's disease or as an adjunct therapy in more advanced cases. The precise mechanisms of action of rasagiline is unknown. One mechanism is believed to be related to its MAO-B inhibitory activity, which causes an increase in extracellular levels of dopamine in the striatum. The elevated dopamine level and subsequent increased dopaminergic activity are likely to mediate rasagiline's beneficial effects seen in models of dopaminergic motor dysfunction."
737,bortezomib,"Bortezomib is a dipeptide boronic acid derivative and proteasome inhibitor used to treat multiple myeloma and mantle cell lymphoma.[A204083] The 26S proteasome is a protein complex that degrades ubiquitinated proteins in the ubiquitin-proteasome pathway: reversible inhibition of the 26S proteasome, leading to cell cycle arrest and apoptosis of cancer cells, is thought to be the main mechanism of action of bortezomib.[L14180] However, multiple mechanisms may be involved in the anticancer activity of bortezomib.[A204083]

Bortezomib was first synthesized in 1995.[A204083] In May 2003, bortezomib became the first anticancer proteasome inhibitor that was approved by the FDA under the trade name VELCADE.[A204146] Phase I, II, III, and IV clinical trials are undergoing to investigate the thera The ubiquitin-proteasome pathway is a homeostatic proteolytic pathway for intracellular protein degradation: proteins marked with a poly-ubiquitin chain are degraded to small peptides and free ubiquitin by the proteasome, which is a large multimeric protease.[A18508] Aberrant proteasome-dependent proteolysis, as seen in some malignancies, can lead to uncontrolled cell division, leading to tumorige"
738,gonadorelin,"Gonadorelin is another name for gonadotropin-releasing hormone (GnRH). It is a synthetic decapeptide prepared using solid phase peptide synthesis. GnRH is responsible for the release of follicle stimulating hormone and leutinizing hormone from the anterior pituitary. Systemic - Like naturally occurring gonadotropin-releasing hormone (GnRH), gonadorelin primarily stimulates the synthesis and release of luteinizing hormone (LH) from the anterior pituitary gland. Follicle-stimulating hormone (FSH) production and release is also increased by gonadorelin, but to a lesser degree. In prepubertal females and some gonadal function disorders, the FSH response may be gre"
739,erlotinib,"Erlotinib is an inhibitor of the epidermal growth factor receptor (EGFR) tyrosine kinase that is used in the treatment of non-small cell lung cancer, pancreatic cancer and several other types of cancer. It is typically marketed under the trade name Tarceva. Erlotinib binds to the epidermal growth factor receptor (EGFR) tyrosine kinase in a reversible fashion at the adenosine triphosphate (ATP) binding site of the receptor. Recent studies demonstrate that erlotinib is also a potent inhibitor of JAK2V617F, which is a mutant form of tyrosine kinase JAK2 found in most patients with polycythemia vera (PV) and a substantial proportion of patients with idiopathic myelofibrosis or essential thrombocythemia. This finding introduces the potential use of erlotinib in the treatment of JAK2V617F-positi The mechanism of clinical antitumor action of erlotinib is not fully characterized. Erlotinib inhibits the intracellular phosphorylation of tyrosine kinase associated with the epidermal growth factor receptor (EGFR). Specificity of inhibition with regard to other tyrosine kinase receptors has not been fully characterized. EGFR is expressed on the cell surface of normal cells and cancer cells."
740,cidofovir,"Cidofovir is an injectable antiviral medication employed in the treatment of cytomegalovirus (CMV) retinitis in patients diagnosed with AIDS. It suppresses CMV replication through selective inhibition of viral DNA synthesis.[FDA label] It was manufactured by _Gilead_ and initially approved by the FDA in 1996, but has since been discontinued.[L6223] Cidofovir acts through the selective inhibition of viral DNA polymerase.Biochemical data support selective inhibition of CMV DNA polymerase by cidofovir diphosphate, the active intracellular metabolite of cidofovir. Cidofovir diphosphate inhibits herpesvirus polymerases at concentrations that are 8- to 600-fold lower than those needed to inhibit human cellular DNA polymerase alpha, beta, and gamma"
741,lenalidomide,"Lenalidomide (previously referred to as CC-5013) is an immunomodulatory drug with potent antineoplastic, anti-angiogenic, and anti-inflammatory properties.[A228553] It is a 4-amino-glutamyl analogue of [thalidomide] [A228543] and like thalidomide, lenalidomide exists as a racemic mixture of the active S(-) and R(+) forms.[A228708] However, lenalidomide is much safer and potent than thalidomide, with fewer adverse effects and toxicities.[A714, A228543] Thalidomide and its analogues, including lenalidomide, are referred to as immunomodulatory imide drugs (also known as cereblon modulators), which are a class of immunomodulatory drugs that contain an imide group. Lenalidomide works through various mechanisms of actions that promote malignant cell death and enhance host immunity.[A228708] Avai Lenalidomide is a drug with multiple mechanisms of action. Lenalidomide exerts immunomodulating effects by altering cytokine production, regulating T cell co-stimulation, and enhancing the NK cell-mediated cytotoxicity.[A228543] Lenalidomide directly inhibits the cullin ring E3 ubiquitin ligase complex: upon binding to cereblon, a substrate adaptor of the complex, lenalidomide modulates substrate "
742,paracetamol,"Acetaminophen (paracetamol), also commonly known as _Tylenol_, is the most commonly taken analgesic worldwide and is recommended as first-line therapy in pain conditions by the World Health Organization (WHO).[A176318] It is also used for its antipyretic effects, helping to reduce fever.[F4124] This drug was initially approved by the U.S. FDA in 1951 and is available in a variety of forms including syrup form, regular tablets, effervescent tablets, injection, suppository, and other forms.[L5756,L5774,F4124,Label]

Acetaminophen is often found combined with other drugs in more than 600 over the counter (OTC) allergy medications, cold medications, sleep medications, pain relievers, and other products.[L5783] Confusion about dosing of this drug may be caused by the availability of different According to its FDA labeling, acetaminophen's exact mechanism of action has not been fully established[Label] - despite this, it is often categorized alongside NSAIDs (nonsteroidal anti-inflammatory drugs) due to its ability to inhibit the cyclooxygenase (COX) pathways.[T518] It is thought to exert central actions which ultimately lead to the alleviation of pain symptoms.[T518]

One theory is t"
743,buprenorphine,"Buprenorphine is a weak partial mu-opioid receptor agonist and a weak kappa-opioid receptor antagonist used for the treatment of severe pain.[A186283,A186292] It is also commonly used as an alternative to [methadone] for the treatment of severe opioid addiction.[L46571] Buprenorphine is commercially available as the brand name product Suboxone which is formulated in a 4:1 fixed-dose combination product along with [naloxone], a non-selective competitive opioid receptor antagonist. Combination with naloxone is intended to reduce the abuse potential of Suboxone, as naloxone is poorly absorbed by the oral route (and has no effect when taken orally), but would reverse the opioid agonist effects of buprenorphine if injected intravenously.[A186289,L46571] Buprenorphine has poor gastrointestinal a Buprenorphine is a partial agonist at the mu-opioid receptor and an antagonist at the kappa-opioid receptor. It demonstrates a high affinity for the mu-opioid receptor but has lower intrinsic activity compared to other full mu-opioid agonists such as [heroin], [oxycodone], or [methadone].[A186292] This means that buprenorphine preferentially binds the opioid receptor and displaces lower affinity o"
744,minocycline,"Minocycline was first described in the literacture in 1966.[A190681] It is a second generation tetracycline antibiotic that is active against gram-negative and gram-positive bacteria.[A190723] Like other semisynthetic tetracyclines, minocycline has modifications to carbons 7-9 on the D ring to generate higher efficacy than previous tetracyclines.[A190723]

Minocycline was granted FDA approval on 30 June 1971.[L11695] Tetracyclines enter bacterial cells through OmpF and OmpC porins by coordinating with cations like magnesium.[A19429] This allows tetracyclines into the periplasm where they dissociate, allowing the lipophilic tetracycline to diffuse into the bacterial cytoplasm.[A19429] Tetracyclines prevent aminoacyl-tRNA from binding to the 30S ribosome, inhibiting protein synthesis.[A190723,A19429,L11710,L1171"
745,conjugated estrogens,"The conjugated estrogens are noncrystalline mixtures of purified female sex hormones obtained either by its isolation from the urine of pregnant mares or by synthetic generation from vegetal material. Both of these products are later conjugated to natrium sulfate by ester bonds in order to make them more water soluble.[L5605, T475] 

The conjugated estrogen product contains a mix of estrogen from which about 50% is represented by estrone sulfate followed by 25% of equilin sulfate, 15% of 17-alpha-dehydroequilenin sulfate, 3% of equilenin sulfate, 5% of 17-alpha and 17-beta-dihydroequilenin sulfate, 2% of 17-alpha-estradiolsulfate and 3% of 17-beta-estradiolsulfate. It also presents a large number of unidentified molecules with weak estrogenic activity as well as non-human molecules when  The conjugated estrogens, equally to the normal physiological estrogen, work by agonistically binding to the estrogen receptors alpha and beta. The estrogen receptors vary in quantity and proportion according to the tissues and hence, the activity of this conjugated estrogens is very variable.[A38238]

The activity made by the conjugated estrogens is driven by the increase in the synthesis of DN"
746,clozapine,"Clozapine is a tricyclic dibenzodiazepine, classified as an atypical antipsychotic agent.[A256708] Clozapine displays affinity to various neuroreceptors with a particularly low affinity to the dopamine receptors, thus breaking the mold of first-generation antipsychotics and deeming it ""atypical"".[A256723]. This low affinity to dopamine receptors results in fewer extrapyramidal side effects, especially tardive dyskinesia.[A185747] However, its promiscuity toward the muscarinic and adrenergic receptors can result in other side effects, notably gastrointestinal hypomotility and orthostatic hypotension. [L905,A215552]. Despite its effectiveness in treating both positive and negative symptoms of schizophrenia, clozapine was briefly removed from the market in various jurisdictions in 1970 due to The mechanism of action of clozapine is unknown. However, it has been proposed that the therapeutic efficacy of clozapine in schizophrenia is mediated through antagonism of the dopamine type 2 (D<sub>2</sub>) and the serotonin type 2A (5-HT<sub>2A</sub>) receptors. Clozapine also acts as an antagonist at adrenergic, cholinergic, histaminergic, and other dopaminergic and serotonergic receptors.[L90"
747,stavudine,A dideoxynucleoside analog that inhibits reverse transcriptase and has in vitro activity against HIV. Stavudine inhibits the activity of HIV-1 reverse transcriptase (RT) both by competing with the natural substrate dGTP and by its incorporation into viral DNA.
748,tasimelteon,"Tasimelteon is a selective dual melatonin receptor agonist indicated for the treatment of Non-24-Hour Sleep-Wake Disorder (N24HSWD). Occurring commonly in blind individuals without light perception, this condition is often characterized by periods of night-time insomnia and day-time sleepiness. In blind individuals, a lack of light stimulation causes an extension of the 24-hour circadian cycle and can lead to progressively delayed sleep onset. By activating melatonin receptors MT1 and MT2 in the suprachiasmatic nucleus of the brain, tasimelteon has been shown to improve sleep by resynchronizing the circadian rhythm through its ""non-photic"" mechanism. Tasimelteon is currently the only drug available for the treatment of N24HSWD and was granted orphan drug status by the FDA in 2010. Tasimelteon is a selective dual agonist of the melatonin receptors MT1 and MT2."
749,thalidomide,"A piperidinyl isoindole originally introduced as a non-barbiturate hypnotic, thalidomide was withdrawn from the market due to teratogenic effects. It has been reintroduced and used for a number of inflammatory disorders and cancers. Thalidomide displays immunosuppressive and anti-angiogenic activity through modulating the release of inflammatory mediators like tumor necrosis factor-alpha (TNF-a) and other cytokine action. Due to severe teratogenicity, pregnancy must be excluded before the start of treatment and patients must enrol in the THALIDOMID Risk Evaluation and Mitigation Strategy (REMS) program to ensure contraception adherence.[L41235] The mechanism of action of thalidomide is not fully understood. Previous research indicate that thalidomide binds to cerebron, a component of the E3 ubiquitin ligase complex, to selectively degrade the transcription factor IKZF3 and IKZF1. These 2 transcription factors are vital for the proliferation and survival of malignant myeloma cells. [A246125] 

Regarding TNF-alpha, thalidomide seems to b"
750,morphine,"Morphine, the main alkaloid of opium, was first obtained from poppy seeds in 1805.[A176035] It is a potent analgesic, though its use is limited due to tolerance, withdrawal, and the risk of abuse.[A176050] Morphine is still routinely used today, though there are a number of semi-synthetic opioids of varying strength such as [codeine], [fentanyl], [methadone], [hydrocodone], [hydromorphone], [meperidine], and [oxycodone].

Morphine was granted FDA approval in 1941.[L12114] Morphine-6-glucuronide is responsible for approximately 85% of the response observed by morphine administration.[A176059] Morphine and its metabolites act as agonists of the mu and kappa opioid receptors.[A176035] The mu-opioid receptor is integral to morphine's effects on the ventral tegmental area of the brain. Morphine's activation of the reward pathway is mediated by agonism of the delta-opioi"
751,naproxen,"Naproxen is classified as a nonsteroidal anti-inflammatory dug (NSAID) and was initially approved for prescription use in 1976 and then for over-the-counter (OTC) use in 1994.[A178975] It can effectively manage acute pain as well as pain related to rheumatic diseases, and has a well studied adverse effect profile.[A179098] Given its overall tolerability and effectiveness, naproxen can be considered a first line treatment for a variety of clinical situations requiring analgesia.[A179098] Naproxen is available in both immediate and delayed release formulations, in combination with sumatriptan to treat migraines, and in combination with esomeprazole to lower the risk of developing gastric ulcers.[L6582][L6583][L7309][L7312] As with other non-selective NSAIDs, naproxen exerts it's clinical effects by blocking COX-1 and COX-2 enzymes leading to decreased prostaglandin synthesis.[A178975] Although both enzymes contribute to prostaglandin production, they have unique functional differences.[A178975] The COX-1 enzymes is constitutively active and can be found in normal tissues such as the stomach lining, while the COX-2 e"
752,clofarabine,"Clofarabine is a purine nucleoside antimetabolite that is being studied in the treatment of cancer. It is marketed as Clolar in the U.S. and Canada, or Evoltra in Europe, Australia, and New Zealand. Clofarabine is used in paediatrics to treat a type of leukaemia called relapsed or refractory acute lymphoblastic leukaemia (ALL), only after at least two other types of treatment have failed. It is not known if the drug extends life expectancy. Its potential use in acute myeloid leukaemia (AML) and juvenile myelomonocytic leukaemia (JMML) has been investigated. Clofarabine is metabolized intracellularly to the active 5'-monophosphate metabolite by deoxycytidine kinase and 5'-triphosphate metabolite by mono- and di-phospho-kinases. This metabolite inhibits DNA synthesis through an inhibitory action on ribonucleotide reductase, and by terminating DNA chain elongation and inhibiting repair through competitive inhibition of DNA polymerases. This leads to the"
753,tranexamic acid,"Tranexamic acid is a synthetic derivative of [lysine] used as an antifibrinolytic in the treatment and prevention of major bleeding. It possesses a similar mechanism of action to [aminocaproic acid] but is approximately 10-fold more potent.[L31883]

It was first patented in 1957[A230108] and received its initial US approval in 1986.[L31858] Tranexamic acid competitively and reversibly inhibits the activation of plasminogen via binding at several distinct sites, including four or five low-affinity sites and one high-affinity site, the latter of which is involved in its binding to fibrin. The binding of plasminogen to fibrin induces fibrinolysis - by occupying the necessary binding sites tranexamic acid prevents this dissolution of fib"
754,rufinamide,"Rufinamide is a triazole derivative and an anticonvulsant medication to treat seizure disorders like Lennox-Gastuat syndrome, a form of childhood epilepsy. Clinical trials suggest its efficacy in the treatment of partial seizures. Rufinamide is a triazole derivative antiepileptic that prolongs the inactive state of voltage gated sodium channels thus stabilizing membranes, ultimately blocking the spread of partial seizure activity."
755,tafluprost,"A prostaglandin analogue ester prodrug used topically (as eye drops) to control the progression of glaucoma and in the management of ocular hypertension. Chemically, tafluprost is a fluorinated analog of prostaglandin F2-alpha. Tafluprost was approved for use in the U.S. on February 10, 2012. Tafluprost acid is a prostanoid selective FP receptor agonist that is believed to reduce the intraocular pressure (IOP) by increasing the outflow of aqueous humor. Studies in animals and humans suggest that the main mechanism of action is increased uveoscleral outflow."
756,cabazitaxel,"Cabazitaxel is a taxoid synthesized from 10-deacetylbaccatin III, a compound isolated from the yew tree.[A260621] As a second-generation semisynthetic microtubule inhibitor, cabazitaxel stabilizes microtubules and induces tumour cell death.[A7056] Due to its low affinity for the P-glycoprotein (P-gp) efflux pump, cabazitaxel can more readily penetrate the blood–brain barrier compared to other taxanes like [paclitaxel] and [docetaxel].[A7056, A260421, A260621]

Cabazitaxel is used to treat metastatic castration-resistant prostate cancer. It was first approved by the FDA on June 17, 2010.[A260421] It was also approved by the EMA on March 17, 2011 [L47381] and Health Canada on December 17, 2019.[L47376] Microtubules are cytoskeletal polymers that regulate cell shape, vesicle transport, cell signalling, and cell division. They are made up of alpha-tubulin and beta-tubulin heterodimers. Microtubules extend toward the mitotic spindle during mitosis to allow the separation and distribution of chromosomes during cell division.[A7056] Cabazitaxel binds to the N-terminal amino acids of the beta-tubulin "
757,aclidinium bromide,"Aclidinium is an anticholinergic for the long-term management of chronic obstructive pulmonary disease (COPD). It has a much higher propensity to bind to muscarinic receptors than nicotinic receptors. FDA approved on July 24, 2012. Aclidinium is a long-acting, competitive, and reversible anticholinergic drug that is specific for the acetylcholine muscarinic receptors. It binds to all 5 muscarinic receptor subtypes to a similar affinity. Aclidinium's effects on the airways are mediated through the M3 receptor at the smooth muscle to cause bronchodilation. Prevention of acetylcholine-induced bronchoconstriction effects was dos"
758,ciclosporin,"Cyclosporine is a calcineurin inhibitor known for its immunomodulatory properties that prevent organ transplant rejection and treat various inflammatory and autoimmune conditions. It is isolated from the fungus _Beauveria nivea_.[A174049] Initially manufactured by Sandoz and approved for use by the FDA in 1983, cyclosporine is now available in various products by Novartis (previously known as Sandoz).[L11097,L3734,L11118] Cyclosporine is a calcineurin inhibitor that inhibits T cell activation.[A174049,A174088,A189411] Its binding to the receptor cyclophilin-1 inside cells produces a complex known as cyclosporine-cyclophilin. This complex subsequently inhibits calcineurin, which in turn stops the dephosphorylation as well as the activation of the nuclear factor of activated T cells (NF-AT) that normally cause inflam"
