idx,se_name,se_text
0,Nausea,"Nausea. Also known as: Churning of stomach, Feeling queasy, Nausea"
1,Headache,"Headache. Also known as: Cephalalgia, Cephalalgia or cephalgia, Cephalgia"
2,Dizziness,"Dizziness. Also known as: Dizziness, Dizziness (excl vertigo), Dizziness and giddiness"
3,Vomiting,"Vomiting. Also known as: Bilious vomiting, Emesis, Habit vomiting"
4,Diarrhoea,"Diarrhoea. Also known as: Acute diarrhea, Antibiotic-associated diarrhea, Diarrhea"
5,Dermatitis,"Dermatitis. Also known as: Acrodermatitis, Dermatitic reaction of face, Dermatitic reaction of neck"
6,Pruritus,"Pruritus. Also known as: Extremities itchy sensation of, General pruritus, Generalised itching"
7,Abdominal pain,"Abdominal pain. Also known as: Abd. pain, Abdo pain, Abdominal colic"
8,Asthenia,"Asthenia. Also known as: Adynamia, Asthenia, Collapse of legs"
9,Asthenia,"Asthenia. Also known as: Adynamia, Asthenia, Collapse of legs"
10,Constipation,"Constipation. Also known as: Constipation, Constipation (excl faecal impaction), Iatrogenic constipation"
11,Hypersensitivity,"Hypersensitivity. Also known as: Acute allergic reaction, Allergic reaction, Allergic reaction NOS"
12,Dyspnoea,"Dyspnoea. Also known as: Air hunger, Breath shortness, Breathing difficult"
13,Body temperature increased,"Body temperature increased. Also known as: Body temperature increased, Temperature elevation"
14,Urticaria,"Urticaria. Also known as: Acute allergic urticaria, Acute urticaria, Allergic urticaria"
15,Insomnia,"Insomnia. Also known as: Difficulty sleeping, Insomnia, Insomnia (non-organic)"
16,Dyspepsia,"Dyspepsia. Also known as: Acid dyspepsia, Acid indigestion, Difficult digestion"
17,Dry mouth,"Dry mouth. Also known as: Dry mouth, Dryness oral, Mouth became dry"
18,Paraesthesia,"Paraesthesia. Also known as: Abnormal touch sensation, Acroparaesthesia, Disturbance of skin sensation"
19,Hypertension,"Hypertension. Also known as: Blood pressure high, Blood pressure increased refractory, HBP"
20,Hypotension,"Hypotension. Also known as: Blood pressure low, Chronic hypotension, Hypotension"
21,Thrombocytopenia,"Thrombocytopenia. Also known as: Primary thrombocytopenia, Secondary thrombocytopenia, Thrombocytopaenia"
22,Tachycardia,"Tachycardia. Also known as: Tachycardia, Tachycardia (excl paroxysmal), Tachycardia nervous"
23,Oedema,"Oedema. Also known as: Edema, Edema (NOS), Edema NOS"
24,Arthralgia,"Arthralgia. Also known as: Ache wrists, Aching (l) knee, Aching (r) knee"
25,Pain,"Pain. Also known as: Ache, Ache NOS, Burn lesion pain transient aggravation of"
26,Myalgia,"Myalgia. Also known as: Generalised muscle aches, Muscle ache, Muscle pain"
27,Chest pain,"Chest pain. Also known as: Ache across chest, Chest ache, Chest aching"
28,Back pain,"Back pain. Also known as: Acute back pain, Back ache, Back distress"
29,Cough,"Cough. Also known as: Cough, Cough increased, Cough nonproductive"
30,Somnolence,"Somnolence. Also known as: Daytime sleepiness, Drowsiness, Drowsy on awakening"
31,Anaemia,"Anaemia. Also known as: Anaemia, Anaemia aggravated, Anaemia NOS"
32,Tremor,"Tremor. Also known as: Essential and other specified forms of tremor, Parkinsonian-like tremor, Shakiness"
33,Angioedema,"Angioedema. Also known as: Acute angio oedema, Angio-edema, Angio-oedema"
34,Convulsion,Convulsion
35,Feeling abnormal,"Feeling abnormal. Also known as: Cotton wool in head, Feeling abnormal, Feeling bad"
36,Anaphylactic shock,"Anaphylactic shock. Also known as: Anaphylactic shock, Anaphylactic shock due to adverse food reaction, Anaphylactic shock due to crustaceans"
37,Palpitations,"Palpitations. Also known as: Heart pounding, Heart throbbing, Palpitation"
38,Leukopenia,"Leukopenia. Also known as: Leucopenia, Leukopenia NOS, Leukopenia"
39,Infection,"Infection. Also known as: Infect and parasitic cond in the mother classifiable elsewhere, but compg preg, c/birth or puerp, Infect and parasitic conds in the mother class elsewhere, but comp preg, c/birth, or the puerp, Infection"
40,Anxiety,"Anxiety. Also known as: Alarm (not alarm reaction), Angor animi, Anguish"
41,Decreased appetite,"Decreased appetite. Also known as: Anorexia, Anorexic, Appetite absent"
42,Vertigo,"Vertigo. Also known as: Head revolving around, Head revolving round, Head spinning"
43,Shock,"Shock. Also known as: Clinically shocked, Other shock without mention of trauma, Postoperative shock, not elsewhere classified"
44,Alopecia,"Alopecia. Also known as: Accelerated hair loss, Alopecia, Alopecia reversible"
45,Vision blurred,"Vision blurred. Also known as: Blurred vision, Blurring of eyes, Blurring of vision"
46,Dysgeusia,"Dysgeusia. Also known as: After taste, Bad taste, Dysgensia"
47,Gastrointestinal disorder,"Gastrointestinal disorder. Also known as: Disorder gastrointestinal, Disorders of function of stomach, Functional digestive disorders, not elsewhere classified"
48,Agitation,"Agitation. Also known as: Agitated, Agitation, Agitation aggravated"
49,Pharyngitis,"Pharyngitis. Also known as: Acute pharyngitis, Chronic pharyngitis, Chronic pharyngitis and nasopharyngitis"
50,Nervous system disorder,"Nervous system disorder. Also known as: Central nervous system disorder, Central nervous system disorder NOS, Cerebellar hemisphere disorder"
51,Skin disorder,"Skin disorder. Also known as: Disorder skin (NOS), Other disorders of skin and subcutaneous tissue, Other specified conditions involving the integument of fetus and newborn"
52,Upper respiratory tract infection,"Upper respiratory tract infection. Also known as: Acute upper respiratory infection of multiple or unspecified sites, Acute upper respiratory infections of multiple or unspecified sites, Acute upper respiratory infections of other multiple sites"
53,Feeling abnormal,"Feeling abnormal. Also known as: Cotton wool in head, Feeling abnormal, Feeling bad"
54,Oedema peripheral,"Oedema peripheral. Also known as: Ankle edema, Ankle oedema, Edema arms"
55,Bradycardia,"Bradycardia. Also known as: Bradycardia, Bradycardia NOS, Bradycardia NOS (excl fetal)"
56,Flatulence,"Flatulence. Also known as: Abdominal wind, Air in intestines, Air in stomach"
57,Sinusitis,"Sinusitis. Also known as: Sinus infection, Sinusitis, Sinusitis NOS"
58,Rhinitis,"Rhinitis. Also known as: Chronic nonspecific rhinitis, Chronic rhinitis, Chronic rhinitis (excl allergic)"
59,Hallucination,"Hallucination. Also known as: Drug-induced hallucinosis, Hallucinating, Hallucination"
60,Arrhythmia,"Arrhythmia. Also known as: Arrhythmia, Arrhythmia (NOS), Arrhythmia cardiac (NOS)"
61,Nervousness,"Nervousness. Also known as: Jumpiness, Jumpy, Nervous"
62,Stevens-Johnson syndrome,"Stevens-Johnson syndrome. Also known as: Stevens Johnson reaction, Stevens Johnson syndrome, Stevens Johnson type reaction"
63,Urinary tract infection,"Urinary tract infection. Also known as: Chronic UTI, Infection urinary tract, Lower urinary tract infection"
64,Hepatitis,"Hepatitis. Also known as: Hepatitis, Hepatitis in other infectious diseases classified elsewhere, Hepatitis nonicteric"
65,Depression,"Depression. Also known as: Anxiety depression, Anxious depression, Atypical depressive disorder"
66,Flushing,"Flushing. Also known as: Facial flushing, Flushed, Flushed chest"
67,Conjunctivitis,"Conjunctivitis. Also known as: Acute conjunctivitis, Acute conjunctivitis, unspecified, Acute follicular conjunctivitis"
68,Erectile dysfunction,"Erectile dysfunction. Also known as: Erectile disturbance, Erection decreased, Erection failure"
69,Hyperglycaemia,"Hyperglycaemia. Also known as: Drug-induced hyperglycaemia, Hyperglycaemia, Hyperglycaemia drug-induced"
70,Tinnitus,"Tinnitus. Also known as: Aggravated ringing in ears, Ear buzzing, Ear cracking"
71,Influenza,"Influenza. Also known as: Flu, Flu syndrome, Influenza"
72,Erythema,"Erythema. Also known as: Erythema, Erythema auricular, Erythema circumocular-blepharal"
73,Haematuria,"Haematuria. Also known as: Frank haematuria, Haematuria, Haematuria microscopic"
74,Weight decreased,"Weight decreased. Also known as: Losing wt, Loss of weight, Lost weight"
75,Pneumonia,"Pneumonia. Also known as: Bronchial pneumonia, Bronchopneumonia, Bronchopneumonia NOS"
76,Neutropenia,"Neutropenia. Also known as: Neutropenia, Neutropenia aggravated, Chronic neutropenia"
77,Epistaxis,"Epistaxis. Also known as: Bleeding nose, Epistaxis, Haemorrhage nasal"
78,Hypoaesthesia,"Hypoaesthesia. Also known as: Body numbness, Hypalgesia, Hypesthesia"
79,Alanine aminotransferase increased,"Alanine aminotransferase increased. Also known as: Alanine aminotransferase increase, Alanine aminotransferase increased, ALT increased"
80,Pancreatitis,"Pancreatitis. Also known as: Pancreatitis, Pancreatitis NOS, Pancreatitis steroid-induced"
81,Bronchitis,"Bronchitis. Also known as: Acute bronchitis, Acute bronchitis and bronchiolitis, Acute exacerbation of chronic bronchitis"
82,Atrial fibrillation,"Atrial fibrillation. Also known as: AF, AFib, Alcoholic atrial fibrillation"
83,Chills,"Chills. Also known as: Chills, Rigor, Rigoring"
84,Agranulocytosis,"Agranulocytosis. Also known as: Agranulocytic angina, Agranulocytosis, Angina agranulocytic"
85,Malnutrition,"Malnutrition. Also known as: Arrested development following protein-calorie malnutrition, Malnutrition NOS, Malnutrition of mild degree"
86,Bronchospasm,"Bronchospasm. Also known as: Bronchial spasm, Bronchoconstriction, Bronchospasm"
87,Decreased appetite,"Decreased appetite. Also known as: Anorexia, Anorexic, Appetite absent"
88,Muscle spasms,"Muscle spasms. Also known as: Cramp, Cramp in hand, Cramp in legs thighs"
89,Dysphagia,"Dysphagia. Also known as: Deglutition disorder, Disorder deglutition, Dysphagia"
90,Angina pectoris,"Angina pectoris. Also known as: Angina, Angina aggravated, Angina attack"
91,Weight increased,"Weight increased. Also known as: Weight gain, Weight increase, Weight increased"
92,Nasopharyngitis,"Nasopharyngitis. Also known as: Acute nasopharyngitis, Acute nasopharyngitis (common cold), Catarrhal lumps"
93,Jaundice,"Jaundice. Also known as: Icterus, Jaundice, Jaundice (excl neonatal)"
94,Toxic epidermal necrolysis,"Toxic epidermal necrolysis. Also known as: Drug eruption Lyell syndrome type, Epidermal necrolysis, Lyell"
95,Ataxia,"Ataxia. Also known as: Ataxia, Ataxia NEC, Ataxic"
96,Hypokalaemia,"Hypokalaemia. Also known as: Hypokalaemia, Hypokalemia, Hypopotassaemia"
97,Mental disorder,"Mental disorder. Also known as: Breakdown nervous, Mental aberration, Mental abnormality acute transient"
98,Orthostatic hypotension,"Orthostatic hypotension. Also known as: Hypotension orthostatic, Hypotension orthostatic asymptomatic, Hypotension orthostatic symptomatic"
99,Cardiac disorder,"Cardiac disorder. Also known as: Cardiac disorder NOS, Disorder cardiac (NOS), Heart disease aggravated"
100,Immune system disorder,"Immune system disorder. Also known as: Disorder immune system (NOS), Disorders involving the immune mechanism, Immune disorder (NOS)"
101,Pollakiuria,"Pollakiuria. Also known as: Frequency of micturition, Frequency urinary, Increased urinary frequency"
102,Erythema multiforme,"Erythema multiforme. Also known as: Bullous erythema multiforme, EM, Erythema exsudativum multiforme"
103,Mediastinal disorder,"Mediastinal disorder. Also known as: Mediastinal disorder NOS, Other diseases of mediastinum, not elsewhere classified, Mediastinum widened"
104,Stomatitis,"Stomatitis. Also known as: Buccal inflammation, Mouth irritation, Mucositis oral"
105,Urinary retention,"Urinary retention. Also known as: Acute retention, Acute retention of urine, Bladder inability to empty"
106,Gastritis,"Gastritis. Also known as: Acute gastritis, Acute gastritis, without mention of hemorrhage, Gastric inflammation"
107,Haemoglobin,"Haemoglobin. Also known as: Haem, Haemoglobin, Hem"
108,Hyponatraemia,"Hyponatraemia. Also known as: Hyponatraemia, Hyponatremia, Hyponatremic"
109,Diplopia,"Diplopia. Also known as: Diplopia, Double vision, Vision double"
110,Myocardial infarction,"Myocardial infarction. Also known as: Anterior MI, Attack heart (NOS), Cardiopathy necrotic"
111,Angiopathy,"Angiopathy. Also known as: Degenerative and vascular disorders, unspecified, Disorder vascular, Vascular disorder"
112,Eye disorder,"Eye disorder. Also known as: Disorder eye, Disorder of eye, unspecified, Eye abnormality"
113,Pain in extremity,"Pain in extremity. Also known as: Aches & pains in legs, Aching in limb, Aching pain in hands, forearms, elbows"
114,Aspartate aminotransferase increased,"Aspartate aminotransferase increased. Also known as: Aspartate aminotransferase increase, Aspartate aminotransferase increased, AST increased"
115,Face oedema,"Face oedema. Also known as: Edema face, Face edema, Face oedema"
116,Hypoglycaemia,"Hypoglycaemia. Also known as: Hypoglycaemia, Hypoglycaemia night, Hypoglycaemia NOS"
117,Eosinophilia,"Eosinophilia. Also known as: Eosinophilia, Eosinophilia (excl pulmonary), Eosinophilic granulocytosis"
118,Migraine,"Migraine. Also known as: Fulgurating migraine, Migraine, Migraine aggravated"
119,Dysuria,"Dysuria. Also known as: Burning micturition, Difficulty in micturition, Difficulty voiding"
120,Menopausal symptoms,"Menopausal symptoms. Also known as: Climacteric symptoms, Hot flushes menopausal, Hot flushes, menopausal"
121,Gastrointestinal haemorrhage,"Gastrointestinal haemorrhage. Also known as: Acute on chronic G.I. haemorrhage, Bleeding gastrointestinal, Gastro intestinal bleed"
122,Dry skin,"Dry skin. Also known as: Dry skin, Drying, Hot dry skin"
123,Dehydration,"Dehydration. Also known as: Dehydration, Fluid loss, Hypotonic dehydration"
124,Eye pain,"Eye pain. Also known as: Aching eye socket, Eye ache, Eye pain"
125,Renal failure acute,Renal failure acute
126,Liver function test abnormal,"Liver function test abnormal. Also known as: Abnormal LFTs, Abnormal liver function tests, Deranged liver function tests"
127,Mood swings,"Mood swings. Also known as: Mood swings, Mood variable, Mood instability"
128,Renal failure,"Renal failure. Also known as: Failure kidney, Insufficiency renal, Kidney failure"
129,Hyperhidrosis,"Hyperhidrosis. Also known as: Diaphoresis, Drenching sweats, Excess sweating"
130,Urinary tract disorder,"Urinary tract disorder. Also known as: Disorder urinary tract, Other abnormality of urination, Other symptoms involving urinary system"
131,Gastroenteritis,"Gastroenteritis. Also known as: Gastroenteritis, Gastroenteritis NOS, Gastroenterocolitis"
132,Dermatitis exfoliative,"Dermatitis exfoliative. Also known as: Dermatitis exfoliative, Dermatitis exfoliative NOS, Exfoliative dermatitis"
133,Somnolence,"Somnolence. Also known as: Daytime sleepiness, Drowsiness, Drowsy on awakening"
134,Pancytopenia,"Pancytopenia. Also known as: Pancytopenia, Secondary pancytopenia, Pancytopenia aggravated"
135,Arthritis,"Arthritis. Also known as: Arthritis, Arthritis aggravated, Arthritis NOS"
136,Muscle spasms,"Muscle spasms. Also known as: Cramp, Cramp in hand, Cramp in legs thighs"
137,Eczema,"Eczema. Also known as: Dermatitis eczematoid, Eczema, Eczema (rash) in the outer ear"
138,Swelling,"Swelling. Also known as: Arms swollen red hot, Feeling swollen, Groin swelling"
139,Hyperhidrosis,"Hyperhidrosis. Also known as: Diaphoresis, Drenching sweats, Excess sweating"
140,Dermatitis,"Dermatitis. Also known as: Acrodermatitis, Dermatitic reaction of face, Dermatitic reaction of neck"
141,Lethargy,"Lethargy. Also known as: Lethargic, Lethargic tendency, Lethargy"
142,Purpura,"Purpura. Also known as: Dermatitis haemorrhagic, Dermatitis hemorrhagic, Haemolytic type rash"
143,Asthma,"Asthma. Also known as: Allergic asthma, Asthma, Asthma aggravated"
144,Cardiac failure,"Cardiac failure. Also known as: Cardiac failure, Cardiac failure (NOS), Cardiac failure aggravated"
145,Cerebrovascular accident,"Cerebrovascular accident. Also known as: Accident cerebrovascular, Apoplexy, Cerebrovascular accident"
146,Nasal congestion,"Nasal congestion. Also known as: Congestion nasal, Nasal congestion, Nasal stuffiness"
147,Connective tissue disorder,"Connective tissue disorder. Also known as: Connective tissue disorder NOS, Diffuse diseases of connective tissue, Other specified diffuse diseases of connective tissue"
148,Urinary incontinence,"Urinary incontinence. Also known as: Bladder incontinence, Dribbling of urine, Incontinence of urine"
149,Hyperhidrosis,"Hyperhidrosis. Also known as: Diaphoresis, Drenching sweats, Excess sweating"
150,Psychotic disorder,"Psychotic disorder. Also known as: Other nonorganic psychoses, Paranoid psychosis, Psychogenic paranoid psychosis"
151,Hepatobiliary disease,"Hepatobiliary disease. Also known as: Hepatobiliary disease NOS, Hepatobiliary disease"
152,Irritability,"Irritability. Also known as: Erethism, Feeling irritated, Irritability"
153,Increased appetite,"Increased appetite. Also known as: Appetite exaggerated, Appetite excessive, Appetite increased NOS"
154,Hepatic failure,"Hepatic failure. Also known as: Failure liver, Hepatic failure, Liver failure"
155,Amnesia,"Amnesia. Also known as: Amnesia, Amnesia NEC, Amnesia transient"
156,Dry eye,"Dry eye. Also known as: Conjunctival xerosis, Dry eye, Dry eye NOS"
157,Renal failure,"Renal failure. Also known as: Failure kidney, Insufficiency renal, Kidney failure"
158,Ear pain,"Ear pain. Also known as: Ear ache, Ear pain, Earache"
159,Aggression,"Aggression. Also known as: Aggression, Aggression aggravated, Aggressive behaviour"
160,Thirst,"Thirst. Also known as: Effects of thirst, Excessive thirst, Increased thirst"
161,Blood creatinine increased,"Blood creatinine increased. Also known as: Blood creatinine increased, Creatinine blood increased, Creatinine high"
162,Rhabdomyolysis,"Rhabdomyolysis. Also known as: Muscle dissolution, Rhabdomyolysis, Rhabdomyolyses"
163,Photosensitivity reaction,"Photosensitivity reaction. Also known as: Contact dermatitis and other eczema due to solar radiation, Dermatitis of exposed site, Dermatitis photosensitive"
164,Shock,"Shock. Also known as: Clinically shocked, Other shock without mention of trauma, Postoperative shock, not elsewhere classified"
165,Hypertonia,"Hypertonia. Also known as: Generally increased tone, Hypertonia, Hypertonicity"
166,Gynaecomastia,"Gynaecomastia. Also known as: Breast enlargement male, Breast enlargement male bilateral, Enlargement breast male"
167,Sepsis,"Sepsis. Also known as: Other specified septicaemias, Other specified septicemias, Pyaemia"
168,Infestation,"Infestation. Also known as: Infestation NOS, Infestation, unspecified, Other infestation"
169,Urine output increased,"Urine output increased. Also known as: Urine volume increased, Urine output increased, Urine volume 24 hour increased"
170,Cardiac failure congestive,"Cardiac failure congestive. Also known as: Bi-ventricular failure, Cardiac failure congestive, Cardiac failure, congestive"
171,Coordination abnormal,"Coordination abnormal. Also known as: Asynergia, Coordination abnormal, Coordination abnormal NOS"
172,Blood urea increased,"Blood urea increased. Also known as: Blood urea increased, Blood urea nitrogen increased, BUN increased"
173,Lymphadenopathy,"Lymphadenopathy. Also known as: Adenopathy, Axillary adenopathy, Axillary lymph nodes enlarged"
174,Pulmonary embolism,"Pulmonary embolism. Also known as: Acute massive pulmonary embolism, Acute P.E., Chronic P.E."
175,Hyperkalaemia,"Hyperkalaemia. Also known as: Hyperkalaemia, Hyperkalemia, Hyperpotassaemia"
176,Muscular weakness,"Muscular weakness. Also known as: Hands weakness of, Lower extremities weakness of, Muscle weakness"
177,Disturbance in sexual arousal,"Disturbance in sexual arousal. Also known as: Disturbance in arousal NOS, Increased sexual arousal, Sexual arousal decreased"
178,Salivary hypersecretion,"Salivary hypersecretion. Also known as: Hypersalivation, Increased salivation, Ptyalism"
179,Eructation,"Eructation. Also known as: Belching, Burbulence, Burping"
180,Gout,"Gout. Also known as: Articular gout, Gout, Gout acute"
181,Pulmonary oedema,"Pulmonary oedema. Also known as: Edema lung, Edema pulmonary, Lung edema"
182,Neuropathy peripheral,"Neuropathy peripheral. Also known as: Hereditary and idiopathic peripheral neuropathy, Hereditary and idiopathic peripheral neuropathy, other, Inflammatory and toxic neuropathy"
183,Muscle spasms,"Muscle spasms. Also known as: Cramp, Cramp in hand, Cramp in legs thighs"
184,Abdominal discomfort,"Abdominal discomfort. Also known as: Abdo. discomfort, Abdomen burning sensation of, Abdominal discomfort"
185,Ventricular extrasystoles,"Ventricular extrasystoles. Also known as: Extrasystole ventricular, Extrasystole ventricular bigeminy, Extrasystoles ventricular"
186,Visual impairment,"Visual impairment. Also known as: Abnormal retinal correspondence, Abnormal vision, Abnormal vision NOS"
187,Euphoric mood,"Euphoric mood. Also known as: Elevated mood, Euphoria, Euphoric"
188,Photophobia,"Photophobia. Also known as: Exacerbation of photophobia, Eyes sensitive to sunlight, Photophobia"
189,Gait disturbance,"Gait disturbance. Also known as: Abnormal gait, Abnormality of gait, Difficulty in walking"
190,Nightmare,"Nightmare. Also known as: Bad dreams, Brief nightmare, Dream anxiety disorder"
191,Dyskinesia,"Dyskinesia. Also known as: Abnormal involuntary movements, Acute dyskinesia, Body movements involuntary"
192,Disorientation,"Disorientation. Also known as: Disorientated, Disorientation, Nocturnal disorientation"
193,Abnormal dreams,"Abnormal dreams. Also known as: Abnormal dreams, Bizarre dreams, Dream delirium"
194,Dizziness,"Dizziness. Also known as: Dizziness, Dizziness (excl vertigo), Dizziness and giddiness"
195,Photosensitivity reaction,"Photosensitivity reaction. Also known as: Contact dermatitis and other eczema due to solar radiation, Dermatitis of exposed site, Dermatitis photosensitive"
196,Ecchymosis,"Ecchymosis. Also known as: Ecchymoses, Ecchymosis, Ecchymosis NOS"
197,Rash maculo-papular,"Rash maculo-papular. Also known as: Maculo-papular, Maculo-papular rash, Maculopapular rash"
198,Nocturia,"Nocturia. Also known as: Nocturia, Nocturia aggravated, Nocturnal frequency"
199,Bone pain,"Bone pain. Also known as: Bone pain, Bone pain aggravated, Bone swelling painful"
200,Rectal haemorrhage,"Rectal haemorrhage. Also known as: Bleeding PR (excl gut haemorrhage and piles), Bleeding rectal, Haemorrhage from rectum (excl intestinal/piles)"
201,Blood alkaline phosphatase increased,"Blood alkaline phosphatase increased. Also known as: Al-P increased, Alk phos raised, Alkaline phosphastase serum increase"
202,Anaphylactic shock,"Anaphylactic shock. Also known as: Anaphylactic shock, Anaphylactic shock due to adverse food reaction, Anaphylactic shock due to crustaceans"
203,Bladder pain,"Bladder pain. Also known as: Bladder cramps, Bladder pain, Cystalgia"
204,Cardiac arrest,"Cardiac arrest. Also known as: Arrest cardiac, Asystole, Asystolia"
205,Colitis,"Colitis. Also known as: Caecal inflammation, Caecitis, Cecitis"
206,Abdominal pain upper,"Abdominal pain upper. Also known as: Abdominal pain peptic ulcer type, Abdominal pain upper, Ache stomach"
207,Delirium,"Delirium. Also known as: Acute brain syndrome, Acute delirium, Brain syndrome acute"
208,Torsade de pointes,"Torsade de pointes. Also known as: Torsade de pointes, Torsades de pointes, TdP ventricular tachycardia"
209,Aplastic anaemia,"Aplastic anaemia. Also known as: Aleukia hemorrhagica, Anaemia aplastic, Anaemia aplastic aregenerative"
210,Vaginal inflammation,Vaginal inflammation
211,Injury,"Injury. Also known as: Accidental injury, Adult maltreatment syndrome, Certain early complications of trauma"
212,Muscle twitching,"Muscle twitching. Also known as: Muscle twitch, Muscle twitching, Twitch skeletal muscle"
213,Thinking abnormal,"Thinking abnormal. Also known as: Abnormal thinking, Irrational, Thinking abnormal"
214,Extrapyramidal disorder,"Extrapyramidal disorder. Also known as: Benign shuddering attacks, Drug-induced extrapyramidal side effects, Extrapyramidal disorder"
215,Melaena,"Melaena. Also known as: Blood clot excretion, Melaena, Melena"
216,Dysarthria,"Dysarthria. Also known as: Dysarthria, Inarticulateness, Slurred speech"
217,Visual impairment,"Visual impairment. Also known as: Abnormal retinal correspondence, Abnormal vision, Abnormal vision NOS"
218,Haemolytic anaemia,"Haemolytic anaemia. Also known as: Acquired haemolytic anaemia, Acquired haemolytic anaemia, unspecified, Acquired haemolytic anaemias"
219,Dysmenorrhoea,"Dysmenorrhoea. Also known as: Cramps menstrual, Dysmenorrhea, Dysmenorrhoea"
220,Flat affect,"Flat affect. Also known as: Affect lack, Affect loss, Detachment emotional"
221,Diabetes mellitus,"Diabetes mellitus. Also known as: Diabetes, Diabetes mellitus, Diabetes mellitus aggravated"
222,Oesophagitis,"Oesophagitis. Also known as: Esophagitis, Esophagitis aggravated, Esophagitis, unspecified"
223,Phlebitis,"Phlebitis. Also known as: Oth phlebitis and thrombosis complicating pregnancy and the puerperium, unspec as to eoc, Other antepartum phlebitis and thrombosis, Other phlebitis and thrombosis in pregnancy and the puerperium"
224,Abdominal distension,"Abdominal distension. Also known as: Abdo. bloating, Abdomen enlarged, Abdomen enlarged feeling of"
225,Thrombophlebitis,"Thrombophlebitis. Also known as: Thrombophlebitis, Thrombophlebitis arm, Thrombophlebitis leg"
226,Glossitis,"Glossitis. Also known as: Glossitis, Glossitis acute, Inflammation tongue"
227,Hypercholesterolaemia,"Hypercholesterolaemia. Also known as: Cholesterol blood excessive, Hypercholesteremia, Hypercholesterolaemia"
228,Vasculitis,"Vasculitis. Also known as: Angiitis, Digital vasculitis, Focal vasculitis"
229,Sleep disorder,"Sleep disorder. Also known as: Aftersleeping, Disorder sleep, Nonorganic sleep disorder, unspecified"
230,Hypocalcaemia,"Hypocalcaemia. Also known as: Hypocalcaemia, Hypocalcemia, Hypocalcemias"
231,Hyperkinesia,"Hyperkinesia. Also known as: Hyperkinesia, Hyperkinesis, Hyperkinetic reaction"
232,Hiccups,"Hiccups. Also known as: Hiccough, Hiccup, Hiccups"
233,Hyperbilirubinaemia,"Hyperbilirubinaemia. Also known as: Aggravated bilirubinemia, Bilirubinaemia, Bilirubinaemia aggravated"
234,Amenorrhoea,"Amenorrhoea. Also known as: Absence of menstruation, Amenorrhea, Amenorrhoea"
235,Leukocytosis,"Leukocytosis. Also known as: Leucocytosis NOS, Leukocytosis, Polymorphonuclear leucocytosis"
236,Nystagmus,"Nystagmus. Also known as: Dissociated nystagmus, Latent nystagmus, Nystagmus"
237,Skin discolouration,"Skin discolouration. Also known as: Darkened skin, Decoloration skin, Discoloration skin"
238,Acne,"Acne. Also known as: Acne, Acne aggravated, Acne comedonal"
239,Cataract,"Cataract. Also known as: Bilateral cataracts, Cataract, Cataract (left)"
240,Contusion,"Contusion. Also known as: Bruise, Bruise of head, Bruising"
241,Breast disorder,"Breast disorder. Also known as: Breast disorder NOS, Other disorders of breast, Other signs and symptoms in breast"
242,Musculoskeletal pain,"Musculoskeletal pain. Also known as: Musculoskeletal pain, Shoulder blade pain, Buttock pain"
243,Thrombosis,"Thrombosis. Also known as: Clot blood, Thrombosis, Thrombosis and thrombophlebitis of unspecified site"
244,Arthropathy,"Arthropathy. Also known as: Arthropathy unspecified, involving hand, Arthropathy, Arthropathy (NOS)"
245,Hypothyroidism,"Hypothyroidism. Also known as: Acquired hypothyroidism, Acquired hypothyroidism other, Hypothyroidism"
246,Deafness,"Deafness. Also known as: Deaf, Deafness, Deafness NOS"
247,Stupor,"Stupor. Also known as: Mental torpor, Stupor, Torpor"
248,Suicide attempt,"Suicide attempt. Also known as: Attempted suicide, Suicide attempt, Suicide attempt other than overdose"
249,Hyperaesthesia,"Hyperaesthesia. Also known as: Hyperaesthesia, Hyperaesthesia skin, Hyperaesthesia symmetric of limbs"
250,Supraventricular tachycardia,"Supraventricular tachycardia. Also known as: Atrioventricular nodal reentrant tachycardia, AV nodal reentrant tachycardia, AV nodal tachycardia"
251,Delusion,"Delusion. Also known as: Deluded, Delusion, Delusion NOS"
252,Myoclonus,"Myoclonus. Also known as: Myclonic jerks, Myoclonic jerks, Myoclonus"
253,Ventricular tachycardia,"Ventricular tachycardia. Also known as: Multifocal ventricular tachycardia, Multiform ventricular tachycardia, Paroxysmal ventricular tachycardia"
254,Injection site reaction,"Injection site reaction. Also known as: Injection site reaction, Injection site reaction NOS, Reaction injection site (NOS)"
255,Neuropathy peripheral,"Neuropathy peripheral. Also known as: Hereditary and idiopathic peripheral neuropathy, Hereditary and idiopathic peripheral neuropathy, other, Inflammatory and toxic neuropathy"
256,Hepatic function abnormal,"Hepatic function abnormal. Also known as: Acute derangement of liver function, Dysfunction hepatic nonicteric, Function liver abnormal"
257,Blood pressure increased,"Blood pressure increased. Also known as: Arterial pressure high, Arterial pressure NOS increased, Blood pressure increased"
258,Mouth ulceration,"Mouth ulceration. Also known as: Buccal mucosa ulceration, Buccal ulceration, Mouth ulcer"
259,Hostility,"Hostility. Also known as: Hostility, Hostilities"
260,Menorrhagia,Menorrhagia
261,Influenza like illness,"Influenza like illness. Also known as: Flu like symptoms, Flu-like aching, Flu-like illness"
262,Psoriasis,"Psoriasis. Also known as: Exacerbation of psoriasis, Flexural psoriasis, Other psoriasis"
263,Viral infection,"Viral infection. Also known as: Arthropod-borne viral disease, unspecified, Infection viral, Other arthropod-borne viral diseases"
264,Gamma-glutamyltransferase increased,"Gamma-glutamyltransferase increased. Also known as: Gamma glutamyl transpeptidase increased, Gamma GT increased, Gamma GT raised"
265,Albuminuria,"Albuminuria. Also known as: Albuminuria, Albuminurias"
266,Scotoma,Scotoma
267,Cough,"Cough. Also known as: Cough, Cough increased, Cough nonproductive"
268,Cholecystitis,"Cholecystitis. Also known as: Acalculous cholecystitis, Calculus of gallbladder with other cholecystitis, Calculus of gallbladder with other cholecystitis, with obstruction"
269,Nasopharyngitis,"Nasopharyngitis. Also known as: Acute nasopharyngitis, Acute nasopharyngitis (common cold), Catarrhal lumps"
270,Breast pain,"Breast pain. Also known as: Ache breast, Breast pain, Breast pain female"
271,Neck pain,"Neck pain. Also known as: Acute cervical pain, Cervical pain, Cervicalgia"
272,Skin ulcer,"Skin ulcer. Also known as: Chronic skin ulcer, Chronic skin ulcer of other specified sites, Chronic skin ulcer of unspecified site"
273,Glaucoma,"Glaucoma. Also known as: Corticosteroid-induced glaucoma, Corticosteroid-induced glaucoma, glaucomatous stage, Corticosteroid-induced glaucoma, residual stage"
274,Hyperlipidaemia,"Hyperlipidaemia. Also known as: Hyperlipaemia, Hyperlipemia, Hyperlipidaemia NOS"
275,Mydriasis,"Mydriasis. Also known as: Dilatation pupillary, Dilated pupils, Mydriasis"
276,Depersonalisation,Depersonalisation
277,Tubulointerstitial nephritis,"Tubulointerstitial nephritis. Also known as: Acute interstitial nephritis, Chronic interstitial nephritis, Interstitial nephritis acute"
278,Atrioventricular block,"Atrioventricular block. Also known as: Atrioventricular block, Atrioventricular block (NOS), Atrioventricular block incomplete"
279,Gastrooesophageal reflux disease,"Gastrooesophageal reflux disease. Also known as: Acid reflux (oesophageal), Esophageal reflux, Gastrooesophageal reflux"
280,Haematemesis,"Haematemesis. Also known as: Blood clot discharge, Coffee ground vomiting, Emesis bloody"
281,Haemoptysis,"Haemoptysis. Also known as: Blood streaked sputum, Coughing blood, Haemoptysis"
282,Laryngeal pain,"Laryngeal pain. Also known as: Laryngeal pain, Larynx burning pain of, Larynx pain"
283,Blepharitis,"Blepharitis. Also known as: Blepharitis, Blepharitis, unspecified, Inflammation of eyelids"
284,Cellulitis,"Cellulitis. Also known as: Cellulitis, Cellulitis and abscess of buttock, Cellulitis and abscess of face"
285,Speech disorder,"Speech disorder. Also known as: Abnormal words or word usage NOS, Babbling, Defect speech (NOS)"
286,Hepatic enzyme increased,"Hepatic enzyme increased. Also known as: Elevated liver enzyme levels, Elevated liver enzymes, Hepatic enzymes increased"
287,Akathisia,"Akathisia. Also known as: Acathesia, Akathisia, Motor restlessness"
288,Petechiae,"Petechiae. Also known as: Petechia, Petechiae, Petechial rash"
289,Pallor,"Pallor. Also known as: Blanching of skin, Complexion ill, Looked pale"
290,Chest pain,"Chest pain. Also known as: Ache across chest, Chest ache, Chest aching"
291,Coma,"Coma. Also known as: Coma, Coma (non-diabetic), Coma and stupor"
292,Suicidal ideation,"Suicidal ideation. Also known as: Suicidal ideation, Suicidal tendency, Life weariness"
293,Hypokinesia,"Hypokinesia. Also known as: Activity motor retarded, Hypokinesia, Motor activity retarded"
294,Neuralgia,"Neuralgia. Also known as: Nerve pain, Neuralgia, Neuralgia affecting finger tips"
295,Lymphopenia,"Lymphopenia. Also known as: Lymphocytopenia, Lymphopenia, Prolonged lymphopenia"
296,Parosmia,"Parosmia. Also known as: Altered smell sensation, Disturbances of sensation of smell and taste, Disturbances of smell and taste"
297,Vasodilation procedure,"Vasodilation procedure. Also known as: Vasodilation, Vasodilation procedure, Vasorelaxation"
298,Blood uric acid increased,"Blood uric acid increased. Also known as: Blood urates increased, Blood uric acid increased, Raised serum uric acid"
299,Loss of consciousness,"Loss of consciousness. Also known as: Black-out (not amnesia), Blacked out, Blacked-out (not amnesia)"
300,Eye irritation,"Eye irritation. Also known as: Burning eyes, Burning in eyes, Burning sensation in eye"
301,Hepatic necrosis,"Hepatic necrosis. Also known as: Acute and subacute necrosis of liver, Hepatic lobule necrosis, Hepatic necrosis"
302,Ventricular arrhythmia,"Ventricular arrhythmia. Also known as: Arrhythmia ventricular, Arrhythmia ventricular (NOS), Malignant ventricular arrhythmias"
303,Dermatitis contact,"Dermatitis contact. Also known as: Acne detergicans, Adhesive plaster sensitivity, Allergy to lanolin"
304,Pollakiuria,"Pollakiuria. Also known as: Frequency of micturition, Frequency urinary, Increased urinary frequency"
305,Ageusia,"Ageusia. Also known as: Ageusia, Loss of taste, Taste absent"
306,Wheezing,"Wheezing. Also known as: Increased wheeziness, Wheeze, Wheeze worsened"
307,Neuroleptic malignant syndrome,"Neuroleptic malignant syndrome. Also known as: Neuroleptic malignant, Neuroleptic malignant syndrome, NMS"
308,Disturbance in sexual arousal,"Disturbance in sexual arousal. Also known as: Disturbance in arousal NOS, Increased sexual arousal, Sexual arousal decreased"
309,Injection site pain,"Injection site pain. Also known as: Injection site burning, Injection site pain, Injection site tenderness"
310,Multiple fractures,"Multiple fractures. Also known as: Broken bones, Clo fos or face & oth bones, with intcran inj of oth & unspec nature, with prol loc and rtrn to pecl, Clo fos or face & oth bones, with intcran inj of oth & unspec nature, with prol loc,w/o rtrn to pecl"
311,Myopathy,"Myopathy. Also known as: Myopathy, Myopathy aggravated, Myopathy steroid"
312,Ileus,"Ileus. Also known as: Ileus, Ileus of bowel, Ileus of colon"
313,Mania,"Mania. Also known as: Acute mania, Atypical manic disorder, Change to manic state"
314,Discomfort,"Discomfort. Also known as: Discomfort, Discomfort bodily, Discomfort NOS"
315,Hypomagnesaemia,"Hypomagnesaemia. Also known as: Hypomagnesaemia, Hypomagnesemia"
316,Glycosuria,"Glycosuria. Also known as: Glycosuria, Glycosuria aggravated, Glucosuria"
317,Gastric ulcer,"Gastric ulcer. Also known as: Acute gastric ulcer without mention of haemorrhage or perforation, Acute gastric ulcer without mention of hemorrhage or perforation, Acute gastric ulcer without mention of hemorrhage or perforation, without mention of obstruction"
318,Skin disorder,"Skin disorder. Also known as: Disorder skin (NOS), Other disorders of skin and subcutaneous tissue, Other specified conditions involving the integument of fetus and newborn"
319,Nephrolithiasis,"Nephrolithiasis. Also known as: Calculus kidney, Calculus of kidney, Calculus of kidney and ureter"
320,Galactorrhoea,"Galactorrhoea. Also known as: Female lactation, Galactorrhea, Galactorrhea associated with childbirth, unspecified as to episode of care"
321,Interstitial lung disease,"Interstitial lung disease. Also known as: Interstitial lung disease, Interstitial lung fibrosis, Interstitial pneumonia"
322,Gingivitis,"Gingivitis. Also known as: Acute gingivitis, Chronic gingivitis, Gingivitis"
323,Hyperventilation,"Hyperventilation. Also known as: Breathing abnormally deep, Hyperpnea, Hyperpnoea"
324,Protein urine present,"Protein urine present. Also known as: Protein urine positive, Urinary protein increased, Urinary protein positive"
325,Accommodation disorder,"Accommodation disorder. Also known as: Abnormality of accommodation, Accommodation abnormal, Accommodation debility"
326,Hypercalcaemia,"Hypercalcaemia. Also known as: Calcium repletion serum, Hypercalcaemia, Hypercalcemia"
327,Swelling face,"Swelling face. Also known as: Facial puffiness, Facial swelling, Puffiness face"
328,Otitis media,"Otitis media. Also known as: Bilateral otitis media, Middle ear infection, Non-suppurative otitis media"
329,Intestinal obstruction,"Intestinal obstruction. Also known as: Bowel obstruction, Impaction of intestine, Impaction of intestine, unspecified"
330,Mania,"Mania. Also known as: Acute mania, Atypical manic disorder, Change to manic state"
331,Memory impairment,"Memory impairment. Also known as: Forgetfulness, Hypomnesia, Memory deficit"
332,Apnoea,"Apnoea. Also known as: Apnea, Apnoea, Apneas"
333,Abdominal distension,"Abdominal distension. Also known as: Abdo. bloating, Abdomen enlarged, Abdomen enlarged feeling of"
334,Hearing impaired,Hearing impaired
335,Osteoporosis,"Osteoporosis. Also known as: Bone fragile, Disuse osteoporosis, Idiopathic osteoporosis"
336,Tongue disorder,"Tongue disorder. Also known as: Diseases and other conditions of the tongue, Disorder tongue, Other specified conditions of the tongue"
337,Cholelithiasis,"Cholelithiasis. Also known as: Biliary sludge, Biliary stones, Calculus biliary"
338,Blood creatinine increased,"Blood creatinine increased. Also known as: Blood creatinine increased, Creatinine blood increased, Creatinine high"
339,Skin hyperpigmentation,"Skin hyperpigmentation. Also known as: Hyperpigmentation skin, Skin hyperpigmentation, Hypermelanosis"
340,Blood bilirubin increased,"Blood bilirubin increased. Also known as: Bilirubin elevated, Bilirubin increased, Bilirubin total high"
341,Encephalopathy,"Encephalopathy. Also known as: Encephalopathy, Encephalopathy acute, Encephalopathy chronic"
342,Disturbance in attention,"Disturbance in attention. Also known as: Attention concentration difficulty, Attention impaired, Attentiveness decreased"
343,Dermatitis bullous,"Dermatitis bullous. Also known as: Bulla auricular, Bulla dorsum manus, Bullous dermatitis"
344,Laryngitis,"Laryngitis. Also known as: Acute laryngitis, Chronic laryngitis, Laryngitis"
345,Herpes zoster,"Herpes zoster. Also known as: Herpes zoster, Herpes zoster (excl ophthalmic), Herpes zoster C2"
346,Personality disorder,"Personality disorder. Also known as: Adaptability diminished, Aggressive personality, Asthenic personality disorder"
347,Gingival bleeding,"Gingival bleeding. Also known as: Bleeding from teeth, Bleeding gingival, Gingival bleeding"
348,Fungal infection,"Fungal infection. Also known as: Fungal infection, Fungal infection NOS, Infection fungal"
349,Herpes simplex,"Herpes simplex. Also known as: Herpes hominis type II, Herpes simplex, Herpes simplex NOS"
350,Vaginal haemorrhage,"Vaginal haemorrhage. Also known as: Bleeding vaginal, Haemorrhage from vagina, Hemorrhage vaginal"
351,Hypophosphataemia,"Hypophosphataemia. Also known as: Hypophosphataemia, Hypophosphatemia, Phosphorus deficiency"
352,Menstrual disorder,"Menstrual disorder. Also known as: Disorder menstrual, Disorders of menstruation and other abnormal bleeding from female genital tract, Menstrual cycle abnormal"
353,Pleural effusion,"Pleural effusion. Also known as: Effusion pleural, Intrapleural fluid retention of, Other specified forms of pleural effusion, except tuberculous"
354,Skin exfoliation,"Skin exfoliation. Also known as: Desquamation, Exfoliation, Exfoliation NOS"
355,Amblyopia,"Amblyopia. Also known as: Amblyopia, Amblyopia ex anopsia, Amblyopia NOS"
356,Deep vein thrombosis,"Deep vein thrombosis. Also known as: Deep phlebothrombosis, antepartum, unspecified as to episode of care, Deep phlebothrombosis, antepartum, with delivery, Deep phlebothrombosis, postpartum, unspecified as to episode of care"
357,Ventricular fibrillation,"Ventricular fibrillation. Also known as: Fibrillation paroxysmal vent, Fibrillation ventricular, Paroxysmal ventricular fibrillation"
358,Thrombocytosis,"Thrombocytosis. Also known as: Thrombocythaemia, Thrombocythemia, Thrombocytosis"
359,Respiratory tract infection,"Respiratory tract infection. Also known as: Infection respiratory, Recurrent respiratory tract infections, Respiratory infection"
360,Inappropriate antidiuretic hormone secretion,"Inappropriate antidiuretic hormone secretion. Also known as: ADH inappropriate, ADH inappropriate secretion, Inapprop. ADH secretion syndrome"
361,Cholestasis,"Cholestasis. Also known as: Biliary stasis, Cholestasis, Cholestasis extrahepatic"
362,Extrasystoles,"Extrasystoles. Also known as: Bigeminal rhythm, Bigeminy, Coupled beats"
363,Rash erythematous,"Rash erythematous. Also known as: Erythematous eruption, Erythematous florid universal rash, Erythematous rash"
364,Visual acuity reduced,"Visual acuity reduced. Also known as: Deterioration of visual acuity, Low visual acuity, Visual activity decreased"
365,Influenza like illness,"Influenza like illness. Also known as: Flu like symptoms, Flu-like aching, Flu-like illness"
366,Drug eruption,"Drug eruption. Also known as: Dermatitis due to drugs and medicaments taken internally, Dermatitis due to drugs and medicines taken internally, Dermatitis medicamentosa"
367,Muscular weakness,"Muscular weakness. Also known as: Hands weakness of, Lower extremities weakness of, Muscle weakness"
368,Renal pain,"Renal pain. Also known as: Kidney pain, Pain kidney, Renal pain"
369,Generalised oedema,"Generalised oedema. Also known as: Anasarca, Edema generalized, Generalised oedema"
370,Oliguria,"Oliguria. Also known as: Antidiuresis, Oliguria, Oliguria transient"
371,Muscle relaxant therapy,"Muscle relaxant therapy. Also known as: Muscle relaxant, Muscle relaxant therapy"
372,Sexual dysfunction,"Sexual dysfunction. Also known as: Sexual disorder NOS, Sexual dysfunction, Sexual dysfunction NOS"
373,Laryngospasm,"Laryngospasm. Also known as: Glottic spasm, Laryngeal spasm, Laryngismus"
374,Chills,"Chills. Also known as: Chills, Rigor, Rigoring"
375,Visual impairment,"Visual impairment. Also known as: Abnormal retinal correspondence, Abnormal vision, Abnormal vision NOS"
376,Diarrhoea,"Diarrhoea. Also known as: Acute diarrhea, Antibiotic-associated diarrhea, Diarrhea"
377,Paranoia,"Paranoia. Also known as: Acute paranoid reaction, Other specified paranoid states, Paranoia"
378,Haemorrhoids,"Haemorrhoids. Also known as: External haemorrhoids, External haemorrhoids with other complication, External haemorrhoids without mention of complication"
379,Aphasia,"Aphasia. Also known as: Anomia, Aphasia, Aphasia motor"
380,Pharyngeal oedema,"Pharyngeal oedema. Also known as: Edema of pharynx or nasopharynx, Edema pharynx, Oedema pharynx"
381,Toothache,"Toothache. Also known as: Odontalgia, Tooth ache, Toothache"
382,Peptic ulcer,"Peptic ulcer. Also known as: Acute peptic ulcer of unspecified site without mention of haemorrhage and perforation, Acute peptic ulcer of unspecified site without mention of hemorrhage and perforation, Acute peptic ulcer of unspecified site without mention of hemorrhage and perforation, without mentio"
383,Blood creatine phosphokinase increased,"Blood creatine phosphokinase increased. Also known as: Blood creatine phosphokinase increased, CK increased, CPK increase"
384,Inflammation,"Inflammation. Also known as: Inflammation localised, Inflammation localized, Inflammation NOS"
385,Paralysis,"Paralysis. Also known as: Flaccid paralysis, Neuroparalysis, Other paralytic syndromes"
386,Metrorrhagia,Metrorrhagia
387,Throat tightness,"Throat tightness. Also known as: Constriction throat, Pharynx closed sensation of, Throat constriction"
388,Cardiovascular disorder,"Cardiovascular disorder. Also known as: Cardiovascular disease, unspecified, Cardiovascular disorder, Cardiovascular disorder NOS"
389,Haematoma,"Haematoma. Also known as: Haematoma, Haematoma NOS, Hematoma"
390,Application site reaction,"Application site reaction. Also known as: Application site reaction, Application site reaction NOS, Reaction application site"
391,Cerebral haemorrhage,"Cerebral haemorrhage. Also known as: Cerebral haemorrhage, Cerebral hemorrhage, Haemorrhage cerebral"
392,Oropharyngeal discomfort,"Oropharyngeal discomfort. Also known as: Pharynx discomfort, Pharynx ill sensation of, Pharynx strange sensation of"
393,Mucosal inflammation,"Mucosal inflammation. Also known as: Inflammation mucous membrane, Mucosal inflammation, Mucosal inflammation NOS"
394,Priapism,"Priapism. Also known as: Priapism, Priapism aggravated, Ischaemic priapism"
395,Eyelid oedema,"Eyelid oedema. Also known as: Edema eyelid, Edema of eyelid, Eyelid edema"
396,Paranoia,"Paranoia. Also known as: Acute paranoid reaction, Other specified paranoid states, Paranoia"
397,Endocrine disorder,"Endocrine disorder. Also known as: Disorder endocrine, Endocrine disorder, Endocrine disorder NOS"
398,Keratitis,"Keratitis. Also known as: Certain types of keratoconjunctivitis, Corneal inflammation, Filamentary keratitis"
399,Atrioventricular block,"Atrioventricular block. Also known as: Atrioventricular block, Atrioventricular block (NOS), Atrioventricular block incomplete"
400,Candida infection,"Candida infection. Also known as: Candida NOS, Candidiasis, Candidiasis NOS"
401,Sinus congestion,"Sinus congestion. Also known as: Nasal sinus congestion, Sinus congestion, Sinus swelling"
402,Tooth disorder,"Tooth disorder. Also known as: Dental disorder NOS, Diseases of hard tissues of teeth, Disorder tooth"
403,Yawning,"Yawning. Also known as: Yawn, Yawning, Yawning excessive"
404,Interstitial lung disease,"Interstitial lung disease. Also known as: Interstitial lung disease, Interstitial lung fibrosis, Interstitial pneumonia"
405,Cerebral ischaemia,"Cerebral ischaemia. Also known as: Cerebral ischaemia, Cerebral ischemia, Ischemia cerebral"
406,Sleep disorder,"Sleep disorder. Also known as: Aftersleeping, Disorder sleep, Nonorganic sleep disorder, unspecified"
407,Respiratory distress,"Respiratory distress. Also known as: Distress respiratory, Respiratory distress"
408,Electrocardiogram abnormal,"Electrocardiogram abnormal. Also known as: Abnormal ECG, Abnormal EKG, Disorder ECG/EKG (NOS)"
409,Renal tubular necrosis,"Renal tubular necrosis. Also known as: Acute tubular necrosis, Kidney tubular necrosis, Kidney tubule necrosis"
410,Feeling abnormal,"Feeling abnormal. Also known as: Cotton wool in head, Feeling abnormal, Feeling bad"
411,Bundle branch block,"Bundle branch block. Also known as: Block bundle branch, Bundle branch block, Bundle branch block NOS"
412,Oral candidiasis,"Oral candidiasis. Also known as: Candida of mouth, Candida stomatitis, Candidiasis of mouth"
413,Ulcer,"Ulcer. Also known as: Ulcer, Ulcer NOS, Ulceration"
414,Electrocardiogram QT prolonged,"Electrocardiogram QT prolonged. Also known as: Electrocardiogram QT corrected interval prolonged, Electrocardiogram QT prolonged, Long QT"
415,Night sweats,"Night sweats. Also known as: Night sweat, Night sweats, Nocturnal perspiration"
416,Jaundice cholestatic,"Jaundice cholestatic. Also known as: Cholestatic jaundice, Jaundice cholestatic, Jaundice extrahepatic obstructive"
417,Hyperacusis,"Hyperacusis. Also known as: Auditory hyperacuity, Hearing abnormally acute, Hyperacusis"
418,Dysphonia,"Dysphonia. Also known as: Distorted voice, Disturbance in loudness, Dysphonia"
419,Uveitis,"Uveitis. Also known as: Intermediate uveitis, Panuveitis, Pars planitis"
420,Abdominal discomfort,"Abdominal discomfort. Also known as: Abdo. discomfort, Abdomen burning sensation of, Abdominal discomfort"
421,Hirsutism,"Hirsutism. Also known as: Hirsuitism, Hirsutism, Idiopathic hirsutism"
422,Vaginal discharge,"Vaginal discharge. Also known as: Discharge vaginal, Leukorrhea, Leukorrhea, not specified as infective"
423,Breast enlargement,"Breast enlargement. Also known as: Breast enlargement, Breast enlargement female, Breast size increased"
424,Transient ischaemic attack,"Transient ischaemic attack. Also known as: Intermittent cerebral claudication, Other specified transient cerebral ischemias, TIA"
425,Lacrimation increased,"Lacrimation increased. Also known as: Epiphora, Epiphora due to excess lacrimation, Epiphora due to insufficient drainage"
426,Hypertriglyceridaemia,"Hypertriglyceridaemia. Also known as: Hypertriglyceridaemia, Hypertriglyceridemia, Pure hyperglyceridaemia"
427,Pelvic pain,"Pelvic pain. Also known as: Pain pelvic, Pelvic pain, Pelvic pain NOS"
428,Aphthous stomatitis,Aphthous stomatitis
429,Altered state of consciousness,"Altered state of consciousness. Also known as: Altered state of consciousness, Consciousness abnormal, Consciousness disturbance transient"
430,Neoplasm,"Neoplasm. Also known as: Cystoma, Epithelioma, Neoplasm"
431,Seborrhoeic dermatitis,"Seborrhoeic dermatitis. Also known as: Dermatitis seborrheic, Dermatitis seborrhoeic, Eczema seborrhoeic"
432,Sudden death,"Sudden death. Also known as: Death occurring in less than 24 hours from onset of symptoms, not otherwise explained, Death sudden (NOS), Instantaneous death"
433,Grand mal convulsion,Grand mal convulsion
434,Oropharyngeal pain,"Oropharyngeal pain. Also known as: Anginal symptom (throat not cardiac), Dry and sore throat, Epipharyngopynia"
435,Hyperreflexia,"Hyperreflexia. Also known as: Achilles tendon reflex exaggerated, Exaggerated reflexes, Hyperreflexia"
436,Blood lactate dehydrogenase increased,"Blood lactate dehydrogenase increased. Also known as: Blood lactate dehydrogenase increased, Dehydrogenase lactic blood urine increased, Lactate dehydrogenase increased"
437,Faecal incontinence,Faecal incontinence
438,Serotonin syndrome,"Serotonin syndrome. Also known as: Serotonin syndrome, Serotonin Syndrome, Serotonin Syndromes"
439,Erythema nodosum,"Erythema nodosum. Also known as: Erythema nodosum, Erythema nodosum-like lesion, Erythema Nodosum"
440,Enuresis,"Enuresis. Also known as: Bed wetting, Enuresis, Enuresis (emotional origin, exc incontinence NOS)"
441,Neuritis,"Neuritis. Also known as: Neuritis, Neuritis NOS, Neuronitis"
442,Neurosis,"Neurosis. Also known as: Neurosis, Neurosis NOS, Neurotic disorders"
443,Platelet count decreased,"Platelet count decreased. Also known as: Low platelets, Platelet count decreased, Platelet count low"
444,Peripheral coldness,"Peripheral coldness. Also known as: Cold extremities, Cold feet, Cold hands"
445,Coagulopathy,"Coagulopathy. Also known as: Clotting, Coagulation abnormal, Coagulation defects"
446,Bone disorder,"Bone disorder. Also known as: Bone and (jd) of back, pelvis, & lower limbs of mother, comp preg, c/birth, or the puerp, Bone and (jd) of back, pelvis, and lower limbs of mother, with delivery, with ment of postpart comp, Bone and joint disorders of back, pelvis, and lower limbs of mother, antepartum"
447,Lymphocytosis,"Lymphocytosis. Also known as: Lymphocytosis, Lymphocytoses"
448,Hemiplegia,"Hemiplegia. Also known as: Flaccid hemiplegia, Hemiplegia, Hemiplegia (left)"
449,Blood disorder,"Blood disorder. Also known as: Blood disorder NOS, Blood dyscrasia, Blood dyscrasia NOS"
450,Bruxism,"Bruxism. Also known as: Bruxism, Bruxomania, Gnashing tooth"
451,Abscess,"Abscess. Also known as: Abscess, Abscess NOS, Haematapostema"
452,Pericardial effusion,"Pericardial effusion. Also known as: Effusion pericardial, Effusion pericardial bloody, Pericardial effusion"
453,Liver disorder,"Liver disorder. Also known as: Advanced chronic liver disease, Chronic hepatopathy due to metabolic defect, Chronic liver disease"
454,Dyspepsia,"Dyspepsia. Also known as: Acid dyspepsia, Acid indigestion, Difficult digestion"
455,Hepatotoxicity,"Hepatotoxicity. Also known as: Hepatotoxic effect, Hepatotoxicity, Hepatotoxicity aggravated"
456,Angle closure glaucoma,"Angle closure glaucoma. Also known as: Acute angle closure glaucoma, Acute angle-closure glaucoma, Anatomical narrow angle borderline glaucoma"
457,Bursitis,"Bursitis. Also known as: Achillobursitis, Bursal synovitis, Bursitis"
458,Throat irritation,"Throat irritation. Also known as: Burning in throat, Local throat irritation, Pharyngo-oral irritation"
459,Myocardial ischaemia,"Myocardial ischaemia. Also known as: Cardiac ischaemia, Chronic ischaemic heart disease, unspecified, Chronic ischemic heart disease, unspecified"
460,Eye haemorrhage,"Eye haemorrhage. Also known as: Eye haemorrhage, Eye haemorrhage NOS, Eye hemorrhage"
461,Peripheral vascular disorder,"Peripheral vascular disorder. Also known as: Circulatory disorder peripheral, Disorder peripheral vascular, Disorder vascular peripheral"
462,Pancytopenia,"Pancytopenia. Also known as: Pancytopenia, Secondary pancytopenia, Pancytopenia aggravated"
463,Coronary artery disease,"Coronary artery disease. Also known as: CAD, Coronary artery disease, Coronary artery disease NOS"
464,Atrial flutter,"Atrial flutter. Also known as: Atrial flutter, Flutter atrial, Paroxysmal atrial flutter"
465,Rash pustular,"Rash pustular. Also known as: Pustular rash, Pustular skin eruption, Rash pustular"
466,Goitre,"Goitre. Also known as: Dyshormonogenic goiter, Dyshormonogenic goitre, Enlarged thyroid"
467,Aphasia,"Aphasia. Also known as: Anomia, Aphasia, Aphasia motor"
468,Mental disability,"Mental disability. Also known as: Mental disability, Mental disability NOS"
469,Iritis,"Iritis. Also known as: Iritis, Granulomatous iritis, Iritides"
470,Acute phosphate nephropathy,Acute phosphate nephropathy. Also known as: Acute phosphate nephropathy
471,Muscle rigidity,"Muscle rigidity. Also known as: Lead pipe rigidity, Marked rigidity, Muscle rigidity"
472,Extrapyramidal disorder,"Extrapyramidal disorder. Also known as: Benign shuddering attacks, Drug-induced extrapyramidal side effects, Extrapyramidal disorder"
473,Vulvovaginal candidiasis,"Vulvovaginal candidiasis. Also known as: Candida vaginal, Candidiasis of vulva and vagina, Moniliasis vaginal"
474,Tendonitis,"Tendonitis. Also known as: Achilles bursitis or tendinitis, Achilles tendinitis, Achilles tendonitis"
475,Pyelonephritis,"Pyelonephritis. Also known as: Other pyelonephritis or pyonephrosis, not specified as acute or chronic, Pyelitis or pyelonephritis in diseases classified elsewhere, Pyelonephritis"
476,Laryngeal oedema,"Laryngeal oedema. Also known as: Edema glottis, Edema larynx, Edema of larynx"
477,Nephrocalcinosis,"Nephrocalcinosis. Also known as: Calcinosis renal, Nephrocalcinosis, Randall plaques"
478,Burning sensation,"Burning sensation. Also known as: Burning sensation, Burning sensation NOS, Extremities burning sensation of"
479,Hypochromic anaemia,"Hypochromic anaemia. Also known as: Anaemia hypochromic, Anaemia- Hypochromic microcytic picture, Anemia hypochromic"
480,Duodenal ulcer,"Duodenal ulcer. Also known as: Acute duodenal ulcer, Acute duodenal ulcer without mention of haemorrhage or perforation, Acute duodenal ulcer without mention of hemorrhage or perforation"
481,Haemoglobin decreased,"Haemoglobin decreased. Also known as: Decreased hemoglobin, Haemoglobin decreased, Haemoglobin low"
482,Balance disorder,"Balance disorder. Also known as: Balance difficulty, Balance impaired NOS, Disequilibrium syndrome"
483,Pain in extremity,"Pain in extremity. Also known as: Aches & pains in legs, Aching in limb, Aching pain in hands, forearms, elbows"
484,Respiratory depression,"Respiratory depression. Also known as: Depression respiratory, Respiration depressed, Respiratory depression"
485,Hypothermia,"Hypothermia. Also known as: Hypopyrexia, Hypothermia, Hypothermias"
486,Febrile neutropenia,"Febrile neutropenia. Also known as: Febrile neutropenia, Neutropenic fever, Febrile Neutropenia"
487,Eye pruritus,"Eye pruritus. Also known as: Eye itching, Eyeball itching, Itching eyes"
488,Hepatitis cholestatic,"Hepatitis cholestatic. Also known as: Cholestatic hepatitis, Hepatitis cholestatic, Hepatitis toxic obstructive"
489,Dry throat,"Dry throat. Also known as: Dry throat, Pharynx dry, Throat dry"
490,Pain,"Pain. Also known as: Ache, Ache NOS, Burn lesion pain transient aggravation of"
491,Tongue discolouration,"Tongue discolouration. Also known as: Discoloration tongue, Tongue black, Tongue brown"
492,Fluid retention,"Fluid retention. Also known as: Body fluid retention, Extracellular fluid increased, Fluid retention"
493,Abdominal distension,"Abdominal distension. Also known as: Abdo. bloating, Abdomen enlarged, Abdomen enlarged feeling of"
494,Cyanosis,"Cyanosis. Also known as: Acrocyanosis, Blue lips, Cyanosed"
495,Diverticulitis,"Diverticulitis. Also known as: Chronic diverticulitis, Diverticulitis, Diverticulitis intestinal"
496,Dysaesthesia,"Dysaesthesia. Also known as: Dysaesthesia, Dysesthesia thigh, Dysesthesia extremity"
497,Peritonitis,"Peritonitis. Also known as: Acute appendicitis with generalized peritonitis, Acute or unspecified pelvic peritonitis, female, Other chronic pelvic peritonitis, female"
498,Feeling hot,"Feeling hot. Also known as: Extremities hot feeling of, Feeling hot, Feeling of warmth"
499,Hypoxia,"Hypoxia. Also known as: Alveolar aeration decreased, Hypoxaemia, Hypoxemia"
500,Ejaculation disorder,"Ejaculation disorder. Also known as: Abnormal ejaculation, Ejaculation abnormal, Ejaculation disorder"
501,Joint swelling,"Joint swelling. Also known as: Ankle swelling, Ankles swelling, Ankles swollen"
502,Tenosynovitis,"Tenosynovitis. Also known as: Achilles tenosynovitis, Bicipital tenosynovitis, Other synovitis and tenosynovitis"
503,Musculoskeletal stiffness,"Musculoskeletal stiffness. Also known as: Early morning stiffness, Fingers stiffness, Limbs stiffness"
504,Hyperthyroidism,"Hyperthyroidism. Also known as: Hyperthyroidism, Hyperthyroidism aggravated, Thyrotoxicosis"
505,Completed suicide,"Completed suicide. Also known as: Accomplished suicide, Completed suicide, Suicide"
506,Blood alkaline phosphatase increased,"Blood alkaline phosphatase increased. Also known as: Al-P increased, Alk phos raised, Alkaline phosphastase serum increase"
507,Blister,"Blister. Also known as: Blister, Blister of elbow, forearm, and wrist, without mention of infection, Blister of face, neck, and scalp except eye, without mention of infection"
508,Stridor,"Stridor. Also known as: Stridor, Stridor inspiratory, Respiratory Sounds"
509,Respiratory failure,"Respiratory failure. Also known as: Failure respiratory, Other pulmonary insufficiency, not elsewhere classified, Pulmonary insufficiency following trauma and surgery"
510,Paraesthesia oral,"Paraesthesia oral. Also known as: Circumoral paresthesia, Mouth paresthesia, Paraesthesia circumoral"
511,Optic neuritis,"Optic neuritis. Also known as: Bilateral optic neuritis, Neuritis bulbar, Neuritis optic"
512,Drug interaction,"Drug interaction. Also known as: Drug interaction, Drug interaction NOS, Interaction"
513,Panic attack,"Panic attack. Also known as: Panic attack, Panic attacks, Panic Disorder"
514,Haemorrhage intracranial,"Haemorrhage intracranial. Also known as: Bleeding intracranial, Haemorrhage intracranial, Hemorrhage intracranial"
515,Pulmonary hypertension,"Pulmonary hypertension. Also known as: Hypertension pulmonary, Pulmonary hypertension, Pulmonary hypertension aggravated"
516,Peripheral ischaemia,"Peripheral ischaemia. Also known as: Ischaemia peripheral, Ischaemic feet, Ischaemic foot"
517,Dyspepsia,"Dyspepsia. Also known as: Acid dyspepsia, Acid indigestion, Difficult digestion"
518,Pericarditis,"Pericarditis. Also known as: Acute idiopathic pericarditis, Acute pericarditis, Acute pericarditis in diseases classified elsewhere"
519,Acidosis,"Acidosis. Also known as: Acidosis, Acidosis NOS, Acidemia"
520,Dermatitis bullous,"Dermatitis bullous. Also known as: Bulla auricular, Bulla dorsum manus, Bullous dermatitis"
521,Systemic lupus erythematosus,"Systemic lupus erythematosus. Also known as: Disseminated lupus erythematosus, LE reaction systemic, LE syndrome"
522,Rash,"Rash. Also known as: Dry rash face, Dry rash neck, Eruption"
523,Furuncle,"Furuncle. Also known as: Boil, Boil in external ear, Boil in nose"
524,Erythema,"Erythema. Also known as: Erythema, Erythema auricular, Erythema circumocular-blepharal"
525,Hepatocellular injury,"Hepatocellular injury. Also known as: Disease hepatocellular, Hepatic intracellular deposit of bilirubin, Hepatic intracellular pigmentation"
526,Periorbital oedema,"Periorbital oedema. Also known as: Edema periorbital, Oedema periorbital, Periorbital oedema"
527,Diabetes mellitus,"Diabetes mellitus. Also known as: Diabetes, Diabetes mellitus, Diabetes mellitus aggravated"
528,Neoplasm malignant,"Neoplasm malignant. Also known as: Cancer, Cancer (NOS), Carcinoma"
529,Uterine haemorrhage,"Uterine haemorrhage. Also known as: Atonic hemorrhage, Endometrial bleeding, Haematometra"
530,Transaminases increased,"Transaminases increased. Also known as: Serum transaminase increased, Transaminase NOS increased, Transaminase value increased"
531,Arthritis,"Arthritis. Also known as: Arthritis, Arthritis aggravated, Arthritis NOS"
532,Dysphoria,Dysphoria. Also known as: Dysphoria
533,Injury,"Injury. Also known as: Accidental injury, Adult maltreatment syndrome, Certain early complications of trauma"
534,Tardive dyskinesia,"Tardive dyskinesia. Also known as: Dyskinesia tardive, Lip smacking, Tardive dyskinesia"
535,Cheilitis,"Cheilitis. Also known as: Cheilitis, Desquamative cheilitis, Rash lips"
536,Dermatitis atopic,"Dermatitis atopic. Also known as: Atopic dermatitis, Atopic dermatitis and related conditions, Atopic eczema"
537,Feeling jittery,"Feeling jittery. Also known as: Feeling jittery, Jitteriness"
538,Tubulointerstitial nephritis,"Tubulointerstitial nephritis. Also known as: Acute interstitial nephritis, Chronic interstitial nephritis, Interstitial nephritis acute"
539,Osteomalacia,"Osteomalacia. Also known as: Adult rickets, Osteomalacia, Osteomalacia, unspecified"
540,Lymphoedema,"Lymphoedema. Also known as: Lymphedema, Lymphoedema, Lymphoedema NOS"
541,Hypoaesthesia,"Hypoaesthesia. Also known as: Body numbness, Hypalgesia, Hypesthesia"
542,Cardiomegaly,"Cardiomegaly. Also known as: Cardiac dilatation, Cardiomegaly, Cardiomegaly (excl hypertensive)"
543,Intracranial pressure increased,"Intracranial pressure increased. Also known as: Hypertension intracranial, Increased intracranial pressure, Intracranial hypertension"
544,Intestinal perforation,"Intestinal perforation. Also known as: Bowel perforation, Intestinal perforation, Intestinal perforation NOS"
545,Hyporeflexia,"Hyporeflexia. Also known as: Achilles tendon reflex decreased, Diminished reflexes, Hyporeflexia"
546,Hypomania,"Hypomania. Also known as: Hypomania, Hypomanic psychosis"
547,Fluid overload,Fluid overload
548,Pain,"Pain. Also known as: Ache, Ache NOS, Burn lesion pain transient aggravation of"
549,Serum sickness,"Serum sickness. Also known as: Anaphylactic shock due to serum, not elsewhere classified, Other serum reaction, not elsewhere classified, Serum reaction"
550,Fungal skin infection,"Fungal skin infection. Also known as: Dermatitis fungal, Dermatitis fungal NOS, Dermatitis fungoid"
551,Colitis ischaemic,"Colitis ischaemic. Also known as: Acute ischemic colitis, Colitis ischaemic, Colitis ischemic"
552,Induration,Induration. Also known as: Induration
553,Choreoathetosis,"Choreoathetosis. Also known as: Choreoathetoid movements, Choreoathetosis, Hemichoreoathetosis"
554,Blood creatinine increased,"Blood creatinine increased. Also known as: Blood creatinine increased, Creatinine blood increased, Creatinine high"
555,Conjunctival haemorrhage,"Conjunctival haemorrhage. Also known as: Conjunctiva hemorrhage, Conjunctival bleeding, Conjunctival ecchymosis"
556,Mouth ulceration,"Mouth ulceration. Also known as: Buccal mucosa ulceration, Buccal ulceration, Mouth ulcer"
557,Viral diarrhoea,"Viral diarrhoea. Also known as: Viral diarrhoea, Viral diarrhea"
558,Cardiomyopathy,"Cardiomyopathy. Also known as: Cardiomyopathy, Cardiomyopathy in other diseases classified elsewhere, Cardiomyopathy NOS"
559,Varicose vein,"Varicose vein. Also known as: Antepartum varicose veins of legs, Postpartum varicose veins of legs, Varices of other sites"
560,Thrombocytopenic purpura,"Thrombocytopenic purpura. Also known as: Purpura thrombocytopenic, Secondary thrombocytopenic purpura, Thrombocytopaenic purpura"
561,Sinus bradycardia,"Sinus bradycardia. Also known as: Bradycardia sinus, Sinus bradycardia"
562,Scleritis,"Scleritis. Also known as: Anterior scleritis, Brawny scleritis, Other scleritis"
563,Endophthalmitis,"Endophthalmitis. Also known as: Acute endophthalmitis, Chronic endophthalmitis, Endophthalmitis"
564,Pneumothorax,"Pneumothorax. Also known as: Collapse of lung, Pneumothorax, Pneumothorax (excl traumatic)"
565,Myositis,"Myositis. Also known as: Interstitial myositis, Muscle inflammation, Myalgia and myositis, unspecified"
566,Infusion site pain,"Infusion site pain. Also known as: Burning infusion site, Infusion site pain, Infusion site tenderness"
567,Pseudomembranous colitis,"Pseudomembranous colitis. Also known as: Colitis pseudomembranous, Enteritis pseudomembranous, Enterocolitis pseudomembranous"
568,Nail disorder,"Nail disorder. Also known as: Disease of nail, unspecified, Diseases of nail, Disorder nail"
569,Drug intolerance,"Drug intolerance. Also known as: Drug intolerance NOS, Drug intolerance"
570,Leukocytoclastic vasculitis,Leukocytoclastic vasculitis
571,Alcohol intolerance,"Alcohol intolerance. Also known as: Alcohol intolerance, Alcohol tolerance lowered, Disulfiram like reaction"
572,Hypoproteinaemia,"Hypoproteinaemia. Also known as: Hypoproteinaemia, Hypoproteinemia, Hypoproteinemias"
573,Urine analysis abnormal,"Urine analysis abnormal. Also known as: Urinalysis abnormal NOS, Urinary test abnormal, Urine abnormal"
574,Hangover,"Hangover. Also known as: Hangover, Hangover (excl alcohol), Hangover effect"
575,Hepatic encephalopathy,"Hepatic encephalopathy. Also known as: Encephalopathy hepatic, Hepatic encephalopathy, Minimal hepatic encephalopathy"
576,Muscle contractions involuntary,"Muscle contractions involuntary. Also known as: Contraction skeletal muscle, Fasciculation, Fasciculation skeletal muscle"
577,Parkinsonism,"Parkinsonism. Also known as: Drug-induced parkinsonism, Parkinson's syndrome, Parkinsonism"
578,Dysphonia,"Dysphonia. Also known as: Distorted voice, Disturbance in loudness, Dysphonia"
579,Tenderness,"Tenderness. Also known as: Tenderness, Tenderness (NOS), Tenderness NOS"
580,Anger,"Anger. Also known as: Anger, Driven mad, Irascibility"
581,Alveolitis allergic,Alveolitis allergic
582,Anorgasmia,"Anorgasmia. Also known as: Anorgasmia, Inability to orgasm"
583,Irritable bowel syndrome,"Irritable bowel syndrome. Also known as: Bowel disorder psychogenic, Colitis mucous, Colon spastic"
584,Tumour lysis syndrome,"Tumour lysis syndrome. Also known as: Tumor lysis syndrome, Tumour lysis syndrome, Laboratory tumour lysis syndrome"
585,Abdominal pain,"Abdominal pain. Also known as: Abd. pain, Abdo pain, Abdominal colic"
586,Pancreatitis acute,"Pancreatitis acute. Also known as: Acute pancreatitis, Pancreatitis acute, Pancreatitis acute on chronic"
587,Aggression,"Aggression. Also known as: Aggression, Aggression aggravated, Aggressive behaviour"
588,Sensory disturbance,"Sensory disturbance. Also known as: Abnormal physical sensation, Abnormal sensation of limbs, Sensory aberrations"
589,Cerebrovascular disorder,"Cerebrovascular disorder. Also known as: Acute, but ill-defined, cerebrovascular disease, Cerebral vascular disturbance, Cerebral vascular disturbance (NOS)"
590,Ascites,"Ascites. Also known as: Ascites, Ascites chylous, Chylous ascites"
591,Brain oedema,"Brain oedema. Also known as: Brain edema, Cerebral edema, Cerebral oedema"
592,Micturition disorder,"Micturition disorder. Also known as: Micturition disorder, Other specified abnormality of urination, Urination abnormal NOS"
593,Ear disorder,"Ear disorder. Also known as: Degenerative and vascular disorders of ear, Disorder ear, Ear disorder"
594,Chromaturia,"Chromaturia. Also known as: Chromaturia, Discoloration urine, Red urine"
595,Completed suicide,"Completed suicide. Also known as: Accomplished suicide, Completed suicide, Suicide"
596,Hyperkeratosis,"Hyperkeratosis. Also known as: Acquired keratoderma, Callosities, Callosity"
597,Dementia,"Dementia. Also known as: Amentia, Brain failure, chronic, Brain syndrome chronic"
598,Acute respiratory distress syndrome,"Acute respiratory distress syndrome. Also known as: A.R.D.S., Acute respiratory distress syndrome, Adult RDS"
599,Extravasation,"Extravasation. Also known as: Extravasation, Extravasation NOS"
600,Folliculitis,"Folliculitis. Also known as: Folliculitis, Pustular folliculitis, Scalp folliculitis"
601,Photopsia,"Photopsia. Also known as: Flash vision, Flashing lights, Flashing vision"
602,Oculogyric crisis,"Oculogyric crisis. Also known as: Crisis oculogyric, Dyskinesia oculomotor, Ocular lateral crisis"
603,VIIth nerve paralysis,VIIth nerve paralysis
604,Depressed mood,"Depressed mood. Also known as: Chronic depressive mood, Dejection emotional, Depressed mood"
605,Joint stiffness,"Joint stiffness. Also known as: Ankle stiffness, Early morning joint stiffness, Jaw joint rigid state of"
606,Nephrotic syndrome,"Nephrotic syndrome. Also known as: Nephrosis, Nephrosis osmotic, Nephrotic syndrome"
607,Abnormal behaviour,"Abnormal behaviour. Also known as: Abnormal behaviour NOS, Behavior abnormal, Behaviour abnormal"
608,Ischaemia,"Ischaemia. Also known as: Ischaemia NOS, Ischemia, Ischaemia"
609,Dysarthria,"Dysarthria. Also known as: Dysarthria, Inarticulateness, Slurred speech"
610,Abdominal discomfort,"Abdominal discomfort. Also known as: Abdo. discomfort, Abdomen burning sensation of, Abdominal discomfort"
611,Decreased appetite,"Decreased appetite. Also known as: Anorexia, Anorexic, Appetite absent"
612,Regurgitation,"Regurgitation. Also known as: Regurgitation of food, Regurgitation, Regurgitation of medication"
613,Sputum increased,"Sputum increased. Also known as: Sputum excretion increased, Sputum increased"
614,Hepatomegaly,"Hepatomegaly. Also known as: Hepatomegaly, Liver enlargement, Enlarged Liver"
615,Lung infiltration,"Lung infiltration. Also known as: Lung infiltration, Lung infiltration NOS, Pulmonary infiltration"
616,Dizziness postural,"Dizziness postural. Also known as: Dizziness on standing up, Dizziness postural, Dizziness upon standing"
617,Prostatic disorder,"Prostatic disorder. Also known as: Other disorders of prostate, Other specified disorders of prostate, Prostatic disorder"
618,Nodule,"Nodule. Also known as: Nodule on finger, Nodule on extremity, Nodule"
619,Pneumonia aspiration,"Pneumonia aspiration. Also known as: Aspiration pneumonia, Inhalation pneumonia, Inhalational pneumonia"
620,Pleurisy,"Pleurisy. Also known as: Diaphragmatic pleurisy, Pleurisy, Pleurisy (excl TB)"
621,Supraventricular extrasystoles,"Supraventricular extrasystoles. Also known as: Extrasystoles atrial, Extrasystoles nodal, Extrasystoles supraventricular"
622,Subdural haematoma,"Subdural haematoma. Also known as: Chronic subdural haemotoma, Chronic subdural hemotoma, Hematoma subdural"
623,Cardiac murmur,"Cardiac murmur. Also known as: Cardiac murmur, Cardiac murmur NOS, Diastolic murmur"
624,Abdominal pain upper,"Abdominal pain upper. Also known as: Abdominal pain peptic ulcer type, Abdominal pain upper, Ache stomach"
625,Paresis,"Paresis. Also known as: Paresis, Paresis in arms, Spastic paresis"
626,Skin hypertrophy,"Skin hypertrophy. Also known as: Dorsi manus hypertrophy, Finger joint skin hypertrophy, Hypertrophy of skin"
627,Hyperprolactinaemia,"Hyperprolactinaemia. Also known as: Hyperprolactinaemia, Hyperprolactinaemia aggravated, Hyperprolactinemia"
628,Salivary gland enlargement,"Salivary gland enlargement. Also known as: Enlargement salivary gland, Hypertrophy of salivary gland, Salivary gland enlargement"
629,Thrombotic thrombocytopenic purpura,"Thrombotic thrombocytopenic purpura. Also known as: Purpura thrombopaenic thrombotic, Purpura thrombopenic thrombotic, Thrombocytopenic purpura, thrombotic"
630,Pulmonary fibrosis,"Pulmonary fibrosis. Also known as: Fibrosis lung, Fibrosis pulmonary, Lung fibrosis"
631,Prurigo,Prurigo. Also known as: Prurigo
632,Asthma,"Asthma. Also known as: Allergic asthma, Asthma, Asthma aggravated"
633,Respiratory arrest,"Respiratory arrest. Also known as: Arrest pulmonary, Arrest respiratory, Breathing arrested"
634,Atrioventricular block first degree,"Atrioventricular block first degree. Also known as: 1st degree heart block, Atrioventricular block first degree, Atrioventricular conduction time prolonged"
635,Injection site extravasation,"Injection site extravasation. Also known as: Infiltration intravenous injection, Injection site extravasation, Injection site infiltration"
636,Restless legs syndrome,"Restless legs syndrome. Also known as: Legs restless, Restless leg syndrome, Restless legs"
637,Retinal haemorrhage,"Retinal haemorrhage. Also known as: Bleeding intraretinal, Blot haemorrhages, Blot hemorrhages"
638,Rash generalised,Rash generalised
639,Laboratory test abnormal,"Laboratory test abnormal. Also known as: Chemistry abnormal, Lab test abnormal, Lab test abnormality"
640,Musculoskeletal stiffness,"Musculoskeletal stiffness. Also known as: Early morning stiffness, Fingers stiffness, Limbs stiffness"
641,Blood phosphorus decreased,"Blood phosphorus decreased. Also known as: Blood phosphate decreased, Phosphate decreased, Phosphate low"
642,Menstruation irregular,"Menstruation irregular. Also known as: Irregular menstrual cycle, Irregular menstruation, Irregular periods"
643,Blood triglycerides increased,"Blood triglycerides increased. Also known as: Blood triglycerides increased, Plasma triglycerides increased, Raised TG"
644,Electrocardiogram QT prolonged,"Electrocardiogram QT prolonged. Also known as: Electrocardiogram QT corrected interval prolonged, Electrocardiogram QT prolonged, Long QT"
645,Conjunctival hyperaemia,"Conjunctival hyperaemia. Also known as: Bulbar conjunctiva hyperemia, Congestion conjunctival, Conjunctival congestion"
646,Withdrawal syndrome,"Withdrawal syndrome. Also known as: Syndrome withdrawal, Withdrawal reaction, Withdrawal syndrome"
647,Leukocytoclastic vasculitis,Leukocytoclastic vasculitis
648,Urinary hesitation,"Urinary hesitation. Also known as: Hesitancy, Hesitancy urination, Hesitancy/poor urinary stream"
649,Torticollis,"Torticollis. Also known as: Spasmodic torticollis, Torticollis, Torticollis (excl congenital, psychogenic and traumatic)"
650,Trismus,"Trismus. Also known as: Jaw cramp, Jaw movements disturbance, Jaw spasm"
651,Injection site discolouration,"Injection site discolouration. Also known as: Injection site colouration, Injection site hyperpigmentation, Injection site hypopigmentation"
652,Leukoderma,Leukoderma. Also known as: Leukoderma
653,Nephritis,"Nephritis. Also known as: Acute nephritis, Nephritis, Nephritis acute"
654,Local swelling,Local swelling
655,Miosis,"Miosis. Also known as: Constricted pupils, Miosis, Miosis (persistent), not due to miotics"
656,Methaemoglobinaemia,"Methaemoglobinaemia. Also known as: Acquired methaemoglobinaemia, Methaemoglobinaemia, Methaemoglobinaemia NOS"
657,Meningitis aseptic,"Meningitis aseptic. Also known as: Aseptic meningitis, Meningitis aseptic, Nonpyogenic meningitis"
658,Scab,"Scab. Also known as: Crust, Scab, Scabbing"
659,Diarrhoea haemorrhagic,"Diarrhoea haemorrhagic. Also known as: Bloody diarrhea, Diarrhea bloody, Diarrhoea bloody"
660,Hypoalbuminaemia,"Hypoalbuminaemia. Also known as: Hypoalbuminaemia, Hypoalbuminemia"
661,Electroencephalogram abnormal,"Electroencephalogram abnormal. Also known as: Abnormal EEG, Abnormal electroencephalogram, Alpha or Beta wave disappeared"
662,Hearing impaired,Hearing impaired
663,Iron deficiency anaemia,"Iron deficiency anaemia. Also known as: Anaemia iron deficiency, Anemia iron deficiency, Iron def anaemia"
664,Dyskinesia,"Dyskinesia. Also known as: Abnormal involuntary movements, Acute dyskinesia, Body movements involuntary"
665,Rash macular,"Rash macular. Also known as: Blotchy, Blotchy rash, Diffuse macular rash"
666,Nasal dryness,"Nasal dryness. Also known as: Dry nose, Nasal dryness, Nose dry feeling of"
667,White blood cell count decreased,"White blood cell count decreased. Also known as: Decreased white cell count, WBC dec, White blood cell count decreased"
668,Bradykinesia,"Bradykinesia. Also known as: Bradykinesia, Slow movement, Hypokinesia"
669,Pleuritic pain,"Pleuritic pain. Also known as: Pain pleural, Pleural pain, Pleuritic pain"
670,Abdominal pain upper,"Abdominal pain upper. Also known as: Abdominal pain peptic ulcer type, Abdominal pain upper, Ache stomach"
671,Sneezing,"Sneezing. Also known as: Paroxysmal sneeze, Sneezing, Sneezing excessive"
672,Polydipsia,"Polydipsia. Also known as: Excessive drinking, Polydipsia, Polydipsia (nocturnal)"
673,Abdominal discomfort,"Abdominal discomfort. Also known as: Abdo. discomfort, Abdomen burning sensation of, Abdominal discomfort"
674,Blood glucose increased,"Blood glucose increased. Also known as: Blood glucose increased, Blood sugar increased, Fasting blood glucose level raised"
675,Intraocular pressure increased,"Intraocular pressure increased. Also known as: Increased intraocular pressure, Intraocular pressure high, Intraocular pressure increased"
676,Speech disorder,"Speech disorder. Also known as: Abnormal words or word usage NOS, Babbling, Defect speech (NOS)"
677,Lacrimal disorder,"Lacrimal disorder. Also known as: Dacryops, Dislocation of lacrimal gland, Lacrimal disorder NOS"
678,Ileus paralytic,"Ileus paralytic. Also known as: Adynamic ileus, Chronic duodenal ileus, Ileus paralytic"
679,Hypertensive crisis,"Hypertensive crisis. Also known as: Crisis hypertensive, Hypertensive crisis"
680,Gravitational oedema,"Gravitational oedema. Also known as: Dependent oedema, Edema dependent, Gravitational edema"
681,Optic neuritis,"Optic neuritis. Also known as: Bilateral optic neuritis, Neuritis bulbar, Neuritis optic"
682,Pulmonary haemorrhage,"Pulmonary haemorrhage. Also known as: Hemorrhage lung, Hemorrhage pulmonary, Lung hemorrhage"
683,Pyuria,"Pyuria. Also known as: Pyuria, Urine containing pus, Urine purulent"
684,Oedema peripheral,"Oedema peripheral. Also known as: Ankle edema, Ankle oedema, Edema arms"
685,Lacrimal disorder,"Lacrimal disorder. Also known as: Dacryops, Dislocation of lacrimal gland, Lacrimal disorder NOS"
686,Hernia,"Hernia. Also known as: Hernia, Hernia NOS, Hernia of other specified sites"
687,Endophthalmitis,"Endophthalmitis. Also known as: Acute endophthalmitis, Chronic endophthalmitis, Endophthalmitis"
688,Amylase increased,"Amylase increased. Also known as: Amylase high, Amylase increased, Amylase serum increased"
689,Hypoxia,"Hypoxia. Also known as: Alveolar aeration decreased, Hypoxaemia, Hypoxemia"
690,Oesophageal ulcer,"Oesophageal ulcer. Also known as: Esophageal ulcer, Esophagus ulceration, Oesophageal ulcer"
691,Nephrolithiasis,"Nephrolithiasis. Also known as: Calculus kidney, Calculus of kidney, Calculus of kidney and ureter"
692,Eye discharge,"Eye discharge. Also known as: Burning discharge eyes, Discharge eye, Eye discharge"
693,Peripheral sensory neuropathy,"Peripheral sensory neuropathy. Also known as: Neuritis sensory, Peripheral sensory neuropathy, Sensory peripheral neuropathies"
694,Nuchal rigidity,"Nuchal rigidity. Also known as: Neck rigid, Neck rigidity, Rigidity neck"
695,Glossodynia,"Glossodynia. Also known as: Glossodynia, Pain tongue, Sore tongue"
696,Macular oedema,"Macular oedema. Also known as: Macula lutea oedema, Macular oedema, Macula lutea edema"
697,Eye swelling,"Eye swelling. Also known as: Eye swelling, Eyes swollen, Swelling or mass of eye"
698,Toxic epidermal necrolysis,"Toxic epidermal necrolysis. Also known as: Drug eruption Lyell syndrome type, Epidermal necrolysis, Lyell"
699,Punctate keratitis,"Punctate keratitis. Also known as: Keratitis punctate, Keratitis superficial diffuse, Punctate keratitis"
700,Necrosis,"Necrosis. Also known as: Necrosis, Necrosis NOS, Coagulation necrosis"
701,Skin irritation,"Skin irritation. Also known as: Irritation skin, Skin irritation, Excited skin syndrome"
702,Sinus tachycardia,"Sinus tachycardia. Also known as: Sinus tachycardia, Tachycardia sinus, Tachycardia, Sinus"
703,Pneumothorax,"Pneumothorax. Also known as: Collapse of lung, Pneumothorax, Pneumothorax (excl traumatic)"
704,Depressed level of consciousness,"Depressed level of consciousness. Also known as: Arousal difficult, Central nervous system depression NOS, CNS depression"
705,Anxiety,"Anxiety. Also known as: Alarm (not alarm reaction), Angor animi, Anguish"
706,Flank pain,"Flank pain. Also known as: Flank pain, Pain flank, Side stitch"
707,Non-cardiac chest pain,"Non-cardiac chest pain. Also known as: Chest pain (non-cardiac), Non-cardiac chest pain"
708,Embolism,"Embolism. Also known as: Embolism NOS, Embolism - blood clot, Embolism embolus"
709,Renal impairment,"Renal impairment. Also known as: Chronic renal impairment, Disorders resulting from impaired renal function, Dysfunction kidney"
710,Impaired healing,"Impaired healing. Also known as: Delayed healing of wound, Granulation suppressed, Healing abnormal"
711,Proctitis,"Proctitis. Also known as: Acute proctitis, Chronic proctitis, Periproctitis"
712,Ejaculation failure,"Ejaculation failure. Also known as: Ejaculation decreased, Ejaculation failure, Anejaculation"
713,Hyperaemia,"Hyperaemia. Also known as: Hyperaemia, Hyperemia, Hyperemias"
714,Blood potassium decreased,"Blood potassium decreased. Also known as: Blood potassium decreased, K+ decreased, Plasma potassium decreased"
715,Acute generalised exanthematous pustulosis,"Acute generalised exanthematous pustulosis. Also known as: Toxic pustuloderma, Acute generalis. exematous pustul, AGEP"
716,Bacterial infection,"Bacterial infection. Also known as: Anaerobic bacterial infection NOS, Bacterial infection due to other anaerobes, Bacterial infection due to other gram-negative organisms"
717,Bipolar I disorder,"Bipolar I disorder. Also known as: Bipolar affective disorder, depressed, Bipolar affective disorder, depressed, in full remission, Bipolar affective disorder, depressed, in partial or unspecified remission"
718,Lung disorder,"Lung disorder. Also known as: Disorder lung, Disorder pulmonary, Lung disorder"
719,Prothrombin level increased,"Prothrombin level increased. Also known as: Coagulation factor II level increased, Prothrombin activity increased, Prothrombin increased"
720,Hypersomnia,"Hypersomnia. Also known as: Hypersomnia, Hypersomnia related to another mental condition, Other hypersomnia"
721,Cachexia,"Cachexia. Also known as: Cachexia, Emaciation, Wasting"
722,Status epilepticus,"Status epilepticus. Also known as: Grand mal status, epileptic, Status epilepticus, Status epilepticus grand mal"
723,Musculoskeletal chest pain,"Musculoskeletal chest pain. Also known as: Chest tenderness, Chest tenderness of, Chest wall pain"
724,Retinal disorder,"Retinal disorder. Also known as: Blister on macula of eye, Disorder retinal, Other retinal disorders"
725,Hypernatraemia,"Hypernatraemia. Also known as: Hypernatraemia, Hypernatremia, Salt retention"
726,Conversion disorder,"Conversion disorder. Also known as: Conversion disorder, Conversion hysteria, Conversion neurosis"
727,Intermittent claudication,"Intermittent claudication. Also known as: Claudication, Claudication intermittent, Intermittent claudication"
728,Otitis externa,"Otitis externa. Also known as: Acute infection of pinna, Acute swimmers' ear, Bilateral otitis externa"
729,Diabetic ketoacidosis,"Diabetic ketoacidosis. Also known as: Acidosis diabetic, Diabetes mellitus with ketoacidosis, Diabetes with ketoacidosis"
730,Duodenitis,"Duodenitis. Also known as: Duodenitis, Duodenitis, without mention of hemorrhage, Peptic duodenitis"
731,Skin lesion,"Skin lesion. Also known as: Skin lesion, Skin lesion NOS"
732,Cerebral thrombosis,"Cerebral thrombosis. Also known as: Cerebral thrombosis, Cerebral thrombosis (vessel unspecified), Thrombosis cerebral"
733,Lipase increased,"Lipase increased. Also known as: Lipase increased, Blood lipase increased"
734,Cyst,"Cyst. Also known as: Cyst, Cyst NOS, Oil cyst"
735,Vasospasm,"Vasospasm. Also known as: Angiospasm, Spasm of vein, Vasospasm"
736,Akinesia,Akinesia. Also known as: Akinesia
737,Application site irritation,Application site irritation. Also known as: Application site irritation
738,Faeces discoloured,"Faeces discoloured. Also known as: Black stools, Discoloration fecal, Discoloration stool"
739,Osteoarthritis,"Osteoarthritis. Also known as: Ankle osteoarthritis, Arthrosis, Arthrosis multiple"
740,Somnambulism,"Somnambulism. Also known as: Lunatism, Sleep walking, Somnambulation"
741,Ear infection,"Ear infection. Also known as: Ear infection, Ear infection NOS, Otitis"
742,Xerophthalmia,"Xerophthalmia. Also known as: Xerophthalmia, Xerophthalmias"
743,Orgasm abnormal,"Orgasm abnormal. Also known as: Orgasm abnormal, Delayed orgasm, Painful orgasm"
744,Blood creatine phosphokinase increased,"Blood creatine phosphokinase increased. Also known as: Blood creatine phosphokinase increased, CK increased, CPK increase"
745,Mastitis,"Mastitis. Also known as: Acute mastitis, Breast infection, Breast infection NOS"
746,Drug eruption,"Drug eruption. Also known as: Dermatitis due to drugs and medicaments taken internally, Dermatitis due to drugs and medicines taken internally, Dermatitis medicamentosa"
747,Sleep apnoea syndrome,"Sleep apnoea syndrome. Also known as: Hypersomnia with sleep apnea, Insomnia with sleep apnea, Other and unspecified sleep apnea"
748,Application site erythema,"Application site erythema. Also known as: Application site erythema, Application site redness"
749,Panic reaction,"Panic reaction. Also known as: Alarm, Panic reaction, Reaction panic"
750,Ovarian disorder,"Ovarian disorder. Also known as: Disorder ovarian, Gonadopathy NOS female, Ovarian disorder"
751,Anorectal discomfort,"Anorectal discomfort. Also known as: Anus discomfort, Burning rectal, Discomfort rectal"
752,Affect lability,"Affect lability. Also known as: Emotional instability, Emotional lability, Instability emotional"
753,Skin necrosis,"Skin necrosis. Also known as: Dermatitis necrotising, Dermatitis necrotizing, Necrosis skin"
754,Biliary colic,"Biliary colic. Also known as: Biliary colic, Biliary pain, Biliary spasm"
755,Liver function test abnormal,"Liver function test abnormal. Also known as: Abnormal LFTs, Abnormal liver function tests, Deranged liver function tests"
756,Tendon rupture,"Tendon rupture. Also known as: Achilles tendon rupture, Biceps tendon rupture, Nontraumatic rupture of achilles tendon"
757,Meningitis,"Meningitis. Also known as: Chronic meningitis, Meningitis, Meningitis due to other nonbacterial organisms classified elsewhere"
758,Arteriovenous fistula thrombosis,"Arteriovenous fistula thrombosis. Also known as: Arteriovenous fistula thrombosis, Thrombosis arterio-venous fistula, Thrombosis arteriovenous fistula"
759,Lacrimation increased,"Lacrimation increased. Also known as: Epiphora, Epiphora due to excess lacrimation, Epiphora due to insufficient drainage"
760,Henoch-Schonlein purpura,"Henoch-Schonlein purpura. Also known as: Allergic purpura, Allergic vascular purpura, Anaphylactic vascular purpura"
761,Injection site haemorrhage,"Injection site haemorrhage. Also known as: Ecchymosis injection site, Hemorrhage injection site, Injection site bleeding"
762,Candiduria,Candiduria
763,Chromatopsia,"Chromatopsia. Also known as: Chromatopsia, Vision color tinged"
764,Enteritis,"Enteritis. Also known as: Active ileal inflammation, Enteritis, Ileitis"
765,Homicidal ideation,Homicidal ideation. Also known as: Homicidal ideation
766,Galactorrhoea,"Galactorrhoea. Also known as: Female lactation, Galactorrhea, Galactorrhea associated with childbirth, unspecified as to episode of care"
767,Anorectal disorder,"Anorectal disorder. Also known as: Anal disorder NOS, Ano-rectal disorder NOS, Anorectal disorder"
768,Ejaculation disorder,"Ejaculation disorder. Also known as: Abnormal ejaculation, Ejaculation abnormal, Ejaculation disorder"
769,Drug withdrawal syndrome,"Drug withdrawal syndrome. Also known as: Drug withdrawal syndrome, Opiate withdrawal symptoms, Liepmann's phenomenon"
770,Lower respiratory tract infection,"Lower respiratory tract infection. Also known as: Chest infection, Lower resp tract infec, Lower resp. tract infection"
771,Major depression,"Major depression. Also known as: Depression endogenous, Depression psychotic, Depressive type psychosis"
772,Breath odour,"Breath odour. Also known as: Bad breath, Breath odor, Breath odour"
773,Swollen tongue,"Swollen tongue. Also known as: Swelling of tongue, Swollen tongue, Tongue swelling non-specific"
774,Graft complication,"Graft complication. Also known as: Graft complication, Graft hypertrophy, Graft torsion"
775,Conjunctival oedema,"Conjunctival oedema. Also known as: Chemosis, Conjunctival edema, Conjunctival oedema"
776,Pregnancy,"Pregnancy. Also known as: Gravid, Gravida, Normal pregnancy"
777,Haemorrhagic disorder,"Haemorrhagic disorder. Also known as: Haemorrhage abnormal, Haemorrhagic disorder, Haemorrhagic disorder due to circulating anticoagulants"
778,Polyp,"Polyp. Also known as: Polyp NOS, Polyps, Polyp"
779,Acute myocardial infarction,"Acute myocardial infarction. Also known as: Acute myocardial infarction, Acute myocardial infarction, of anterolateral wall, Acute myocardial infarction, of anterolateral wall, episode of care unspecified"
780,Anuria,"Anuria. Also known as: Anuria, Arrest of urinary output, Failure of urine formation"
781,Paraesthesia,"Paraesthesia. Also known as: Abnormal touch sensation, Acroparaesthesia, Disturbance of skin sensation"
782,Musculoskeletal disorder,"Musculoskeletal disorder. Also known as: Acquired musculoskeletal deformity of other specified site, Acquired musculoskeletal deformity of unspecified site, Disorders of muscle, ligament, and fascia"
783,Myocarditis,"Myocarditis. Also known as: Acute myocarditis, Acute myocarditis in diseases classified elsewhere, Acute myocarditis, unspecified"
784,Myasthenia gravis,"Myasthenia gravis. Also known as: Myasthenia gravis, Myasthenia gravis aggravated, Myasthenia gravis paralytica"
785,Polyneuropathy,"Polyneuropathy. Also known as: Polyneuritis, Polyneuropathy, Polyneuropathy due to drugs"
786,Loss of libido,"Loss of libido. Also known as: Lack of libido, Libido lack, Libido loss of"
787,Blindness,"Blindness. Also known as: Better eye: moderate vision impairment; lesser eye: blind, not further specified, Better eye: moderate vision impairment; lesser eye: impairment not further specified, Better eye: moderate vision impairment; lesser eye: near-total vision impairment"
788,Hiatus hernia,"Hiatus hernia. Also known as: Axial hiatal hernia, H hernia, Hernia hiatal"
789,Developmental delay,"Developmental delay. Also known as: Delayed milestones, Developmental delay, Developmental delay NOS"
790,Tetany,"Tetany. Also known as: Carpo-pedal spasm, Generalised tetany, Hypocalcemic tetany"
791,Embolism,"Embolism. Also known as: Embolism NOS, Embolism - blood clot, Embolism embolus"
792,Abdominal discomfort,"Abdominal discomfort. Also known as: Abdo. discomfort, Abdomen burning sensation of, Abdominal discomfort"
793,Epigastric discomfort,"Epigastric discomfort. Also known as: Discomfort epigastric, Gastric irritation, Irritable stomach"
794,Asthenopia,"Asthenopia. Also known as: Asthenopia, Eye tired, Eyes heavy feeling of"
795,Haematochezia,"Haematochezia. Also known as: Blood in stool, Blood stool, Bloody stool"
796,Dyskinesia,"Dyskinesia. Also known as: Abnormal involuntary movements, Acute dyskinesia, Body movements involuntary"
797,Atrioventricular block complete,"Atrioventricular block complete. Also known as: Atrioventricular block complete, Atrioventricular block, complete, AV block complete"
798,Photosensitivity reaction,"Photosensitivity reaction. Also known as: Contact dermatitis and other eczema due to solar radiation, Dermatitis of exposed site, Dermatitis photosensitive"
799,Eosinophilic pneumonia,"Eosinophilic pneumonia. Also known as: Carrington's pneumonia, Eosinophilic pneumonia, Pneumonia eosinophilic"
800,Exfoliative rash,"Exfoliative rash. Also known as: Rash desquamating, Rash scaly, Exfoliative rash"
801,Appendicitis,"Appendicitis. Also known as: Acute appendicitis, Acute appendicitis without mention of peritonitis, Appendicitis"
802,Fatigue,"Fatigue. Also known as: Enervation, Exhaustion, Exhaustion due to excessive exertion"
803,Exophthalmos,"Exophthalmos. Also known as: Bulging eyes, Constant exophthalmos, Exophthalmos"
804,Gastrointestinal disorder,"Gastrointestinal disorder. Also known as: Disorder gastrointestinal, Disorders of function of stomach, Functional digestive disorders, not elsewhere classified"
805,Systemic lupus erythematosus,"Systemic lupus erythematosus. Also known as: Disseminated lupus erythematosus, LE reaction systemic, LE syndrome"
806,Hepatitis fulminant,"Hepatitis fulminant. Also known as: Acute fulminant hepatitis, Hepatitis fulminant, Subacute fulminant hepatitis"
807,Cardiac flutter,"Cardiac flutter. Also known as: Heart fluttering, Cardiac flutter"
808,Fibrocystic breast disease,"Fibrocystic breast disease. Also known as: Adenosis sclerosing, Breast cystic fibrosis, Breast fibrocystic"
809,Pulmonary congestion,"Pulmonary congestion. Also known as: Congestion pulmonary, Lung congestion, Pulmonary configuration increased"
810,Skin burning sensation,"Skin burning sensation. Also known as: Burning sensation in face, Burning sensation skin, Burning skin"
811,Conduction disorder,"Conduction disorder. Also known as: Conduction delayed transient, Conduction disorder, Conduction disorder NOS"
812,Vulvovaginal dryness,"Vulvovaginal dryness. Also known as: Dryness vaginal, Vaginal dryness, Vulvovaginal dryness"
813,Haemolysis,"Haemolysis. Also known as: Haemolysis, Haemolysis NOS, Haemolytic reaction"
814,Pruritus genital,"Pruritus genital. Also known as: Genital itching, Genital itching female, Genital itching male"
815,Dental caries,"Dental caries. Also known as: Caries dental, Cavity, Cavity NOS"
816,Hypovolaemia,"Hypovolaemia. Also known as: Hypovolaemia, Hypovolemia, Oligemia"
817,Retinal detachment,"Retinal detachment. Also known as: Detached retina, Detachment retinal, Old retinal detachment, partial"
818,Enterocolitis,"Enterocolitis. Also known as: Enterocolitis, Ileocolitis, Chronic enterocolitis"
819,Balance disorder,"Balance disorder. Also known as: Balance difficulty, Balance impaired NOS, Disequilibrium syndrome"
820,Ocular hyperaemia,"Ocular hyperaemia. Also known as: Bloodshot eye, Eye blood shot, Eye red"
821,Injury,"Injury. Also known as: Accidental injury, Adult maltreatment syndrome, Certain early complications of trauma"
822,Blood uric acid increased,"Blood uric acid increased. Also known as: Blood urates increased, Blood uric acid increased, Raised serum uric acid"
823,Injection site inflammation,"Injection site inflammation. Also known as: Inflammation at site of injection, Inflammation injection site, Injection site inflammation"
824,Tongue ulceration,"Tongue ulceration. Also known as: Tongue aphtha formation, Tongue ulceration, Ulceration tongue"
825,Pruritus generalised,Pruritus generalised
826,Toxic skin eruption,"Toxic skin eruption. Also known as: Toxic erythema, Toxicoderma, Toxic skin eruption"
827,Pain in jaw,"Pain in jaw. Also known as: Jaw bone pain, Jaw pain, Pain in jaw"
828,Hypochloraemia,"Hypochloraemia. Also known as: Hypochloraemia, Hypochloremia"
829,Epididymitis,"Epididymitis. Also known as: Epididymitis, Epididymitis NOS, Epididymal infection"
830,Oedema mouth,"Oedema mouth. Also known as: Edema of mouth, Oedema mouth, Edema mouth"
831,Penis disorder,"Penis disorder. Also known as: Disorder penis, Disorders of penis, Other specified disorder of penis"
832,Peyronie's disease,"Peyronie's disease. Also known as: Peyronie's disease, Peyronies disease, Indurated penis plastica"
833,Breast engorgement,"Breast engorgement. Also known as: Breast engorgement, Engorgement of breast associated with childbirth, antepartum, Engorgement of breast associated with childbirth, postpartum"
834,Tachyarrhythmia,"Tachyarrhythmia. Also known as: Tachycardia irregular, Tachyarrhythmia, Tachycardia"
835,Cardiogenic shock,"Cardiogenic shock. Also known as: Cardiogenic shock, Shock cardiogenic, Shock, Cardiogenic"
836,Sciatica,"Sciatica. Also known as: Cotunnius' disease, Ischial neuralgia, Ischias"
837,Brain oedema,"Brain oedema. Also known as: Brain edema, Cerebral edema, Cerebral oedema"
838,Dyspnoea exertional,"Dyspnoea exertional. Also known as: DOE, Dyspnea exertional, Dyspnoea exertional"
839,Chest discomfort,"Chest discomfort. Also known as: Chest abnormal feeling of, Chest anxiety feeling of, Chest discomfort"
840,Metabolic acidosis,"Metabolic acidosis. Also known as: Acidosis compensatory, Acidosis metabolic, Anion gap acidosis"
841,Motion sickness,"Motion sickness. Also known as: Air sickness, Car sickness, Motion sickness"
842,Ocular discomfort,"Ocular discomfort. Also known as: Discomfort intraocular, Visual discomfort, Ocular discomfort"
843,Mental retardation,Mental retardation
844,Osteonecrosis of jaw,"Osteonecrosis of jaw. Also known as: Aseptic necrosis of jaw, Osteonecrosis of jaw, Bisphosphonate-related osteonecrosis of the jaw"
845,Anaemia megaloblastic,"Anaemia megaloblastic. Also known as: Anaemia megaloblastic, Anemia megaloblastic, Megaloblastic anaemia NOS"
846,Bacteraemia,"Bacteraemia. Also known as: Bacteraemia, Bacteraemia, unspecified, Bacteremia"
847,Menopause,"Menopause. Also known as: Climacteric, Menopausal, Menopausal or female climacteric states"
848,Blepharospasm,"Blepharospasm. Also known as: Blepharospasm, Spasm eyelid, Eyelid twitching"
849,Blood glucose increased,"Blood glucose increased. Also known as: Blood glucose increased, Blood sugar increased, Fasting blood glucose level raised"
850,Nasal discomfort,"Nasal discomfort. Also known as: Discomfort in nose, Nasal burning, Nasal cavity strange sensation of"
851,Libido disorder,"Libido disorder. Also known as: Influence on libido, Libido disorder NOS, Libido disorder"
852,Multi-organ failure,Multi-organ failure
853,Hypohidrosis,"Hypohidrosis. Also known as: Hyphidrosis, Hypohidrosis, Sweating decreased"
854,Blood cholesterol increased,"Blood cholesterol increased. Also known as: Blood cholesterol increased, Cholesterol blood increased, Cholesterol high"
855,Presyncope,"Presyncope. Also known as: Lipothymia, Pre-syncope, Presyncope"
856,"Hallucination, visual","Hallucination, visual. Also known as: Hallucination visual, Hallucination with colour, Hallucination, visual"
857,Dermatitis acneiform,"Dermatitis acneiform. Also known as: Acneiform dermatitis, Dermatitis acneiform, Dermatitis acniform"
858,Nephropathy,"Nephropathy. Also known as: Nephropathy, Nephropathy NOS, Renal disease"
859,Ejaculation delayed,"Ejaculation delayed. Also known as: Ejaculation delayed, Ejaculation inhibited"
860,Incontinence,"Incontinence. Also known as: Childhood incontinence, Continuous leakage, Incontinence"
861,Application site rash,Application site rash. Also known as: Application site rash
862,Dysgeusia,"Dysgeusia. Also known as: After taste, Bad taste, Dysgensia"
863,Disseminated intravascular coagulation,"Disseminated intravascular coagulation. Also known as: Consumption coagulopathy, Consumptive coagulopathy, Defibrination syndrome"
864,Drooling,"Drooling. Also known as: Drooling, Sialorrhea, Hypersalivation"
865,Drug hypersensitivity,"Drug hypersensitivity. Also known as: Allergic reaction to antibiotics, Drug allergy, Drug hypersensitivity"
866,Neutrophil count decreased,"Neutrophil count decreased. Also known as: Blood neutrophil count decreased, Neutrophil count decreased, Neutrophil count low"
867,Application site pruritus,"Application site pruritus. Also known as: Application site itching, Application site pruritus"
868,Dysuria,"Dysuria. Also known as: Burning micturition, Difficulty in micturition, Difficulty voiding"
869,Amnesia,"Amnesia. Also known as: Amnesia, Amnesia NEC, Amnesia transient"
870,Tension,"Tension. Also known as: Feeling tense, Mental tension, Nervous tension"
871,Cerebral infarction,"Cerebral infarction. Also known as: Cerebral infarct, Cerebral infarction, Iatrogenic cerebrovascular infarction"
872,Gastrointestinal pain,"Gastrointestinal pain. Also known as: Colonospasm, Gastrointestinal pain, Gastrointestinal pain NOS"
873,Musculoskeletal stiffness,"Musculoskeletal stiffness. Also known as: Early morning stiffness, Fingers stiffness, Limbs stiffness"
874,Proctocolitis,Proctocolitis
875,Cystitis haemorrhagic,"Cystitis haemorrhagic. Also known as: Cystitis haemorrhagic, Cystitis hemorrhagic, Hemorrhagic cystitis"
876,Sensation of foreign body,"Sensation of foreign body. Also known as: Feeling of foreign body, Foreign body feeling of oesophagus, Pharyngolarynx foreign body feeling"
877,Dermatitis bullous,"Dermatitis bullous. Also known as: Bulla auricular, Bulla dorsum manus, Bullous dermatitis"
878,Uterine leiomyoma,"Uterine leiomyoma. Also known as: Fibroid uterine enlarged, Fibroids, Intramural leiomyoma of uterus"
879,Oculogyric crisis,"Oculogyric crisis. Also known as: Crisis oculogyric, Dyskinesia oculomotor, Ocular lateral crisis"
880,Azotaemia,"Azotaemia. Also known as: Azotaemia, Azotemia, Azotemia of renal origin"
881,Rash papular,"Rash papular. Also known as: Dermatitis papular, Erythropapular rash, Erythropapular rash on trunk"
882,Logorrhoea,"Logorrhoea. Also known as: Cluttering, Garrulous, Garrulousness"
883,Lactic acidosis,"Lactic acidosis. Also known as: Acidosis lactic, Lactic acidosis, Lactic acidosis syndrome"
884,Catatonia,"Catatonia. Also known as: Catatonia, Catatonic, Catatonic phenomena"
885,Corneal erosion,"Corneal erosion. Also known as: Corneal erosion, Corneal erosion multiple"
886,Benign intracranial hypertension,Benign intracranial hypertension
887,Tension headache,"Tension headache. Also known as: Band-like headache, Head tightness, Headache tension"
888,Erythema of eyelid,"Erythema of eyelid. Also known as: Erythema of eyelid, Redness of eyelid, Hyperaemia eyelid"
889,Abnormal dreams,"Abnormal dreams. Also known as: Abnormal dreams, Bizarre dreams, Dream delirium"
890,Embolism venous,"Embolism venous. Also known as: Embolism and thrombosis of other specified veins, Embolism and thrombosis of unspecified site, Embolism venous"
891,Injection site swelling,"Injection site swelling. Also known as: Swelling of injection site, Injection site swelling"
892,Pain of skin,"Pain of skin. Also known as: Pain of skin, Scalp tenderness, Scalp pain"
893,Gingival pain,"Gingival pain. Also known as: Gingival pain, Gum pain, Pain gum"
894,Hypertrichosis,"Hypertrichosis. Also known as: Hairiness, Hypertrichosis, Hypertrichosis aggravated"
895,Dyskinesia,"Dyskinesia. Also known as: Abnormal involuntary movements, Acute dyskinesia, Body movements involuntary"
896,Hyperphosphataemia,"Hyperphosphataemia. Also known as: Hyperphosphataemia, Hyperphosphatemia, Hyperphosphatemias"
897,Type I hypersensitivity,"Type I hypersensitivity. Also known as: Hypersensitivity type I, Hypersensitivity type I NOS, Immediate hypersensitivity"
898,Amnesia,"Amnesia. Also known as: Amnesia, Amnesia NEC, Amnesia transient"
899,Blood glucose decreased,"Blood glucose decreased. Also known as: Blood glucose decreased, Blood sugar decreased, Decreased blood sugar"
900,Corneal opacity,"Corneal opacity. Also known as: Central opacity of cornea, Corneal cataract, Corneal epithelium opacity"
901,Cardio-respiratory arrest,"Cardio-respiratory arrest. Also known as: Cardio-respiratory arrest, Cardiopulmonary arrest, Heart Arrest"
902,Bundle branch block right,"Bundle branch block right. Also known as: Bundle branch block right, RBBB, Right bundle branch block"
903,Prothrombin level decreased,"Prothrombin level decreased. Also known as: Coagulation factor II level decreased, Prothrombin activity decreased, Prothrombin consumption increased"
904,Injury,"Injury. Also known as: Accidental injury, Adult maltreatment syndrome, Certain early complications of trauma"
905,Sinus headache,"Sinus headache. Also known as: Headache sinus, Sinus headache"
906,Hepatic steatosis,"Hepatic steatosis. Also known as: Degeneration fatty liver, Fatty liver, Fatty liver infiltration"
907,Labyrinthitis,"Labyrinthitis. Also known as: Circumscribed labyrinthitis, Labyrinthitis, Labyrinthitis (excl dizziness)"
908,Tooth abscess,"Tooth abscess. Also known as: Abscess dental, Abscess paradontal, Abscess periodontal"
909,Application site pain,"Application site pain. Also known as: Application site pain, Pain after application, Application site burning"
910,Actinic keratosis,"Actinic keratosis. Also known as: Actinic keratosis, Senile keratosis, Solar keratosis"
911,Skin odour abnormal,"Skin odour abnormal. Also known as: Body odor, Body odour, Body smell altered"
912,Electrocardiogram T wave inversion,"Electrocardiogram T wave inversion. Also known as: Electrocardiogram T wave inversion, Inverted T waves, T inverted"
913,Electrocardiogram ST segment depression,"Electrocardiogram ST segment depression. Also known as: Electrocardiogram ST segment depression, ST depressed, ST segment depressed"
914,Peroneal nerve palsy,"Peroneal nerve palsy. Also known as: Foot drop, Footdrop, Palsy peroneal"
915,Rales,"Rales. Also known as: Dry rale, Moist rales, Rale"
916,Depression,"Depression. Also known as: Anxiety depression, Anxious depression, Atypical depressive disorder"
917,Proctalgia,"Proctalgia. Also known as: Anal or rectal pain, Anal pain, Anus pain"
918,Periodontitis,"Periodontitis. Also known as: Acute apical periodontitis of pulpal origin, Acute periodontitis, Chronic apical periodontitis"
919,Growth retardation,"Growth retardation. Also known as: Growth retarded, Growth suppression, Height increase rate lowered"
920,Gastrointestinal perforation,"Gastrointestinal perforation. Also known as: Gastrointestinal perforation, Gastrointestinal perforation (NOS), Gastrointestinal perforation NOS"
921,Hypertension,"Hypertension. Also known as: Blood pressure high, Blood pressure increased refractory, HBP"
922,Gastric pH decreased,"Gastric pH decreased. Also known as: Gastric pH decreased, Gastric acid increased"
923,Musculoskeletal chest pain,"Musculoskeletal chest pain. Also known as: Chest tenderness, Chest tenderness of, Chest wall pain"
924,Water intoxication,"Water intoxication. Also known as: Water intoxication, Water Intoxication"
925,Cholestasis,"Cholestasis. Also known as: Biliary stasis, Cholestasis, Cholestasis extrahepatic"
926,Opportunistic infection,"Opportunistic infection. Also known as: Opportunistic infection, Opportunistic Infections, Infection, Opportunistic"
927,Chest pain,"Chest pain. Also known as: Ache across chest, Chest ache, Chest aching"
928,Cognitive disorder,"Cognitive disorder. Also known as: Cognitive deterioration, Cognitive disorder NEC, Cognitive disturbance"
929,Optic atrophy,"Optic atrophy. Also known as: Atrophy optic, Atrophy optic nerve, Optic atrophy"
930,Visual impairment,"Visual impairment. Also known as: Abnormal retinal correspondence, Abnormal vision, Abnormal vision NOS"
931,Osteonecrosis,"Osteonecrosis. Also known as: Aseptic necrosis, Aseptic necrosis bone, Aseptic necrosis of bone"
932,Cold sweat,"Cold sweat. Also known as: Clamminess, Clammy, Cold sweat"
933,Carpal tunnel syndrome,"Carpal tunnel syndrome. Also known as: Carpal tunnel syndrome, Carpel tunnel syndrome, Syndrome carpel tunnel"
934,Eye oedema,"Eye oedema. Also known as: Eye oedema, Eye edema"
935,Blood lactate dehydrogenase increased,"Blood lactate dehydrogenase increased. Also known as: Blood lactate dehydrogenase increased, Dehydrogenase lactic blood urine increased, Lactate dehydrogenase increased"
936,Lymphoma,"Lymphoma. Also known as: Lymphoma, Lymphoma malignant, Lymphoma NOS"
937,Vaginal discharge,"Vaginal discharge. Also known as: Discharge vaginal, Leukorrhea, Leukorrhea, not specified as infective"
938,Antisocial behaviour,"Antisocial behaviour. Also known as: Adolescent antisocial behaviour, Antisocial behaviour, Antisocial reaction"
939,Agitation,"Agitation. Also known as: Agitated, Agitation, Agitation aggravated"
940,Snoring,"Snoring. Also known as: Snore, Snoring, Rhonchopathy"
941,Ovarian cyst,"Ovarian cyst. Also known as: Benign ovarian cyst, Corpus luteum cyst, Corpus luteum cyst or haematoma"
942,Skin mass,"Skin mass. Also known as: Fibrous nodule, Nodule skin, Nodule subcutaneous"
943,Mental status changes,"Mental status changes. Also known as: Mental status changes, Acute mental status changes"
944,Venous thrombosis,"Venous thrombosis. Also known as: Phlebothrombosis, Thrombosis venous, Venous thrombosis"
945,Staphylococcal infection,"Staphylococcal infection. Also known as: Bacterial infection due to other staphylococcus, Bacterial infection due to staphylococcus aureus, Bacterial infection due to unspecified staphylococcus"
946,Muscle tightness,"Muscle tightness. Also known as: Neck tightness, Perioral tension, Tightness in jaw"
947,Traumatic liver injury,"Traumatic liver injury. Also known as: Hepatic trauma, Injury to liver with open wound into cavity, Injury to liver with open wound into cavity, unspecified laceration"
948,Arterial thrombosis,"Arterial thrombosis. Also known as: Arterial thrombosis, Arterial thrombosis NOS, Thrombosis arterial"
949,Abnormal faeces,"Abnormal faeces. Also known as: Abnormal faeces, Abnormal feces, Abnormal stools"
950,Basal cell carcinoma,"Basal cell carcinoma. Also known as: Basal cell carcinoma, Basal cell epithelioma, Carcinoma basal cell"
951,Embolism,"Embolism. Also known as: Embolism NOS, Embolism - blood clot, Embolism embolus"
952,Hepatic enzyme increased,"Hepatic enzyme increased. Also known as: Elevated liver enzyme levels, Elevated liver enzymes, Hepatic enzymes increased"
953,Uterine leiomyoma,"Uterine leiomyoma. Also known as: Fibroid uterine enlarged, Fibroids, Intramural leiomyoma of uterus"
954,Sluggishness,Sluggishness. Also known as: Sluggishness
955,Eyelid margin crusting,"Eyelid margin crusting. Also known as: Eyelid margin crusting, Eye crusting"
956,Subarachnoid haemorrhage,"Subarachnoid haemorrhage. Also known as: Hemorrhage subarachnoid, Subarac hem following inj, w/o ment of open intcran wound, with brief loc, Subarac hem following inj, w/o ment of open intcran wound, with concussion, unspec"
957,Angina pectoris,"Angina pectoris. Also known as: Angina, Angina aggravated, Angina attack"
958,Tracheitis,"Tracheitis. Also known as: Acute laryngitis & tracheitis, Acute laryngitis and tracheitis, Acute laryngotracheitis"
959,Obstructive airways disorder,"Obstructive airways disorder. Also known as: Airway obstruction NOS, Airway resistance increased, Airways obstruction"
960,Tongue disorder,"Tongue disorder. Also known as: Diseases and other conditions of the tongue, Disorder tongue, Other specified conditions of the tongue"
961,Thyroiditis,"Thyroiditis. Also known as: Iatrogenic thyroiditis, Thyroiditis, Thyroiditis NOS"
962,Ear haemorrhage,"Ear haemorrhage. Also known as: Bleeding from ears, Ear haemorrhage, Ear hemorrhage"
963,Nodal arrhythmia,"Nodal arrhythmia. Also known as: Arrhythmia nodal, Arrhythmia nodal (NOS), Nodal arrhythmia"
964,Gingival hyperplasia,Gingival hyperplasia
965,Hepatocellular carcinoma,"Hepatocellular carcinoma. Also known as: Hepatic fibrolamellar carcinoma non-resectable, Hepatic fibrolamellar carcinoma recurrent, Hepatic fibrolamellar carcinoma resectable"
966,Erection increased,"Erection increased. Also known as: Erection increased, Erection increased (exc priapism), Potency of penis erection increased"
967,Hearing impaired,Hearing impaired
968,Ventricular extrasystoles,"Ventricular extrasystoles. Also known as: Extrasystole ventricular, Extrasystole ventricular bigeminy, Extrasystoles ventricular"
969,Iron overload,"Iron overload. Also known as: Iron overload, Chronic iron overload, Hypersideremia"
970,Papule,"Papule. Also known as: Papule, Papule scarlet, Small papule"
971,Transient global amnesia,"Transient global amnesia. Also known as: Transient global amnesia, Amnesia, Transient Global, Global Amnesia, Transient"
972,Dyslipidaemia,"Dyslipidaemia. Also known as: Dyslipidaemia, Dyslipidemia, Dyslipoproteinaemia"
973,Azotaemia,"Azotaemia. Also known as: Azotaemia, Azotemia, Azotemia of renal origin"
974,Protrusion tongue,Protrusion tongue. Also known as: Protrusion tongue
975,Skin papilloma,"Skin papilloma. Also known as: Common wart, Common warts, Flat warts"
976,Haemolytic uraemic syndrome,"Haemolytic uraemic syndrome. Also known as: Haemolytic uraemic syndrome, Haemolytic-uraemic syndrome, Hemolytic uremic syndrome"
977,Coma hepatic,"Coma hepatic. Also known as: Coma hepatic, Hepatic coma, Hepatic Encephalopathy"
978,Dysgeusia,"Dysgeusia. Also known as: After taste, Bad taste, Dysgensia"
979,Perineal pain,"Perineal pain. Also known as: Perineal pain female, Perineal pain male, Perineal pain NOS"
980,Feeling hot,"Feeling hot. Also known as: Extremities hot feeling of, Feeling hot, Feeling of warmth"
981,Initial insomnia,"Initial insomnia. Also known as: Initial insomnia, Trouble falling asleep"
982,Suicidal behaviour,"Suicidal behaviour. Also known as: Suicide gesture, Suicidal behaviour, Suicidal behavior"
983,Vascular headache,"Vascular headache. Also known as: Headache vascular, Vascular headache, Vascular Headaches"
984,Testicular pain,"Testicular pain. Also known as: Ache in testis, Pain in testis, Testicular pain"
985,Muscle contractions involuntary,"Muscle contractions involuntary. Also known as: Contraction skeletal muscle, Fasciculation, Fasciculation skeletal muscle"
986,Oedema peripheral,"Oedema peripheral. Also known as: Ankle edema, Ankle oedema, Edema arms"
987,Faecalith,"Faecalith. Also known as: Faecalith, Fecalith, Stercolith"
988,Gastrointestinal ulcer,"Gastrointestinal ulcer. Also known as: Gastro-intestinal ulcer NOS, Gastrointestinal ulcer NOS, Ulcer gastrointestinal"
989,Productive cough,"Productive cough. Also known as: Productive cough, Sputum, Expectoration"
990,Psychomotor retardation,Psychomotor retardation. Also known as: Psychomotor retardation
991,Disinhibition,"Disinhibition. Also known as: Disinhibition, Lack of suppression, Loss of inhibition"
992,Oesophageal spasm,"Oesophageal spasm. Also known as: Esophageal spasm, Esophagospasm, Oesophageal spasm"
993,Excoriation,Excoriation
